WARNING: All log messages before absl::InitializeLog() is called are written to STDERR
I0000 00:00:1789109578.558741   31576 litert_lm_lib.cc:499] Choose backend: cpu
I0000 00:00:1789109578.558908   31576 litert_lm_lib.cc:652] executor_settings: backend: CPU
backend_config:
kv_increment_size: 16
prefill_chunk_size: -1
number_of_threads: 4
enable_ynnpack: false

max_tokens: 1024
activation_data_type: Not set
max_num_images: 0
lora_rank: 0
cache_dir: 
cache_file: Not set
litert_dispatch_lib_dir: Not set
model_assets: model_path: /data/local/tmp/llmbench/models/litert-community_gemma-4-E2B-it-litert-lm_gemma-4-E2B-it.litertlm
fake_weights_mode: FAKE_WEIGHTS_NONE

attention_mask_settings:
attention_mask_policy: Causal
local_attention_mask_policy: Not set
sliding_window_size: Not set
advanced_settings: prefill_batch_sizes: [128]
num_output_candidates: 1
configure_magic_numbers: true
verify_magic_numbers: false
clear_kv_cache_before_prefill: true
num_logits_to_print_after_decode: 0
gpu_madvise_original_shared_tensors: true
gpu_enable_metal_residency_set: false
is_benchmark: true
enable_profiling: true
preferred_device_substr: 
num_threads_to_upload: -1
num_threads_to_compile: -1
convert_weights_on_gpu: true
wait_for_weights_conversion_complete_in_benchmark: true
optimize_shader_compilation: true
cache_compiled_shaders_only: false
share_constant_tensors: true
sampler_handles_input: true
allow_src_quantized_fc_conv_ops: Not set
hint_waiting_for_completion: Not set
gpu_context_low_priority: Not set
enable_speculative_decoding: false
disable_delegate_clustering: false
hint_kernel_batch_size: Not set
error_on_invalid_sampled_token_id: false


I0000 00:00:1789109578.558950   31576 litert_lm_lib.cc:659] vision_executor_settings: not set
I0000 00:00:1789109578.558971   31576 litert_lm_lib.cc:665] audio_executor_settings: not set
I0000 00:00:1789109578.558989   31576 litert_lm_lib.cc:688] Creating engine
INFO: [environment.cc:36] Creating LiteRT environment with options
WARNING: [npu_registry.cc:34] NPU accelerator could not be loaded and registered: kLiteRtStatusErrorInvalidArgument.
INFO: [gpu_registry.cc:101] Attempting to load GPU accelerator(libLiteRtGpuAccelerator.so).
INFO: [accelerator_registry.cc:54] RegisterAccelerator: ptr=0xb4000076e1a126b0, name=LiteRT GPU
INFO: [gpu_registry.cc:109] Dynamically loaded GPU accelerator(libLiteRtGpuAccelerator.so) registered.
INFO: [accelerator_registry.cc:54] RegisterAccelerator: ptr=0xb4000076e1a13fd0, name=CpuAccelerator
INFO: [cpu_registry.cc:75] XNNPACK CPU accelerator registered.
W0000 00:00:1789109578.820957   31576 magic_number_configs_helper.cc:337] Too many prefill batch sizes=1 for magic numbers of prefill lengths=0. 1 small prefill batch sizes won't be used.
INFO: [environment.cc:36] Creating LiteRT environment with options
WARNING: [npu_registry.cc:34] NPU accelerator could not be loaded and registered: kLiteRtStatusErrorInvalidArgument.
INFO: [gpu_registry.cc:101] Attempting to load GPU accelerator(libLiteRtGpuAccelerator.so).
INFO: [accelerator_registry.cc:54] RegisterAccelerator: ptr=0xb4000076e1a144b0, name=LiteRT GPU
INFO: [gpu_registry.cc:109] Dynamically loaded GPU accelerator(libLiteRtGpuAccelerator.so) registered.
INFO: [accelerator_registry.cc:54] RegisterAccelerator: ptr=0xb4000076e1a13af0, name=CpuAccelerator
INFO: [cpu_registry.cc:75] XNNPACK CPU accelerator registered.
W0000 00:00:1789109578.821349   31576 litert_lm_loader.cc:291] Section not found: 	
W0000 00:00:1789109578.821410   31576 litert_lm_loader.cc:291] Section not found: 	
INFO: [magic_number_utils.cc:101] Loaded: num_subgraphs=976, num_signatures=4
INFO: [magic_number_utils.cc:109]   signature=decode, subgraph_index=0, num_tensors=2703, num_inputs=35, num_outputs=32, num_ops=2068
INFO: [magic_number_utils.cc:109]   signature=prefill_1024, subgraph_index=1, num_tensors=1454, num_inputs=35, num_outputs=30, num_ops=1107
INFO: [magic_number_utils.cc:109]   signature=prefill_128, subgraph_index=2, num_tensors=1454, num_inputs=35, num_outputs=30, num_ops=1107
INFO: [magic_number_utils.cc:109]   signature=verify, subgraph_index=3, num_tensors=2887, num_inputs=35, num_outputs=32, num_ops=2243
INFO: [magic_number_utils.cc:113] Magic number configs: num_configs=1
INFO: [magic_number_utils.cc:120]   config[0]: magic_number=32003, target_number=1024, signature_prefix=null
INFO: [magic_number_utils.cc:536] 439 tensors of signature decode have been updated for magic number  32003 to target number 1024
INFO: [magic_number_utils.cc:536] 271 tensors of signature prefill_1024 have been updated for magic number  32003 to target number 1024
INFO: [magic_number_utils.cc:536] 270 tensors of signature prefill_128 have been updated for magic number  32003 to target number 1024
INFO: [magic_number_utils.cc:536] 444 tensors of signature verify have been updated for magic number  32003 to target number 1024
INFO: [compiled_model.cc:815] Flatbuffer model initialized directly from incoming litert model.
INFO: Initialized TensorFlow Lite runtime.
INFO: Created TensorFlow Lite XNNPACK delegate for CPU.
VERBOSE: XNNPack weight cache loaded from '/data/local/tmp/llmbench/models/litert-community_gemma-4-E2B-it-litert-lm_gemma-4-E2B-it.litertlm_1786950122_2588147712.xnnpack_cache'.
VERBOSE: Replacing 1650 out of 2068 node(s) with delegate (TfLiteXNNPackDelegate) node, yielding 574 partitions for subgraph 0 (decode).
VERBOSE: Replacing 895 out of 1107 node(s) with delegate (TfLiteXNNPackDelegate) node, yielding 269 partitions for subgraph 1 (prefill_1024).
VERBOSE: Replacing 895 out of 1107 node(s) with delegate (TfLiteXNNPackDelegate) node, yielding 269 partitions for subgraph 2 (prefill_128).
VERBOSE: Replacing 1821 out of 2243 node(s) with delegate (TfLiteXNNPackDelegate) node, yielding 644 partitions for subgraph 3 (verify).
VERBOSE: Replacing 8 out of 8 node(s) with delegate (TfLiteXNNPackDelegate) node, yielding 1 partitions for subgraph 4 (XlaCallModule_odml.rms_norm.impl_0).
VERBOSE: Replacing 8 out of 8 node(s) with delegate (TfLiteXNNPackDelegate) node, yielding 1 partitions for subgraph 5 (XlaCallModule_odml.rms_norm.impl_204_0).
VERBOSE: Replacing 8 out of 8 node(s) with delegate (TfLiteXNNPackDelegate) node, yielding 1 partitions for subgraph 6 (XlaCallModule_odml.rms_norm.impl_287_0).
VERBOSE: Replacing 8 out of 8 node(s) with delegate (TfLiteXNNPackDelegate) node, yielding 1 partitions for subgraph 7 (XlaCallModule_odml.rms_norm.impl_297_0).
VERBOSE: Replacing 8 out of 8 node(s) with delegate (TfLiteXNNPackDelegate) node, yielding 1 partitions for subgraph 8 (XlaCallModule_odml.rms_norm.impl_307_0).
VERBOSE: Replacing 3 out of 5 node(s) with delegate (TfLiteXNNPackDelegate) node, yielding 4 partitions for subgraph 9 (XlaCallModule_odml.cache_update.impl_0).
VERBOSE: Replacing 2 out of 13 node(s) with delegate (TfLiteXNNPackDelegate) node, yielding 3 partitions for subgraph 10 (XlaCallModule_odml.runtime_bmm.impl_0).
VERBOSE: Replacing 2 out of 10 node(s) with delegate (TfLiteXNNPackDelegate) node, yielding 2 partitions for subgraph 11 (XlaCallModule_odml.runtime_bmm.impl_411_0).
VERBOSE: Replacing 8 out of 8 node(s) with delegate (TfLiteXNNPackDelegate) node, yielding 1 partitions for subgraph 12 (XlaCallModule_odml.rms_norm.impl_463_0).
VERBOSE: Replacing 8 out of 8 node(s) with delegate (TfLiteXNNPackDelegate) node, yielding 1 partitions for subgraph 13 (XlaCallModule_odml.rms_norm.impl_466_0).
VERBOSE: Replacing 8 out of 8 node(s) with delegate (TfLiteXNNPackDelegate) node, yielding 1 partitions for subgraph 14 (XlaCallModule_odml.rms_norm.impl_527_0).
VERBOSE: Replacing 8 out of 8 node(s) with delegate (TfLiteXNNPackDelegate) node, yielding 1 partitions for subgraph 15 (XlaCallModule_odml.rms_norm.impl_574_0).
VERBOSE: Replacing 8 out of 8 node(s) with delegate (TfLiteXNNPackDelegate) node, yielding 1 partitions for subgraph 16 (XlaCallModule_odml.rms_norm.impl_578_0).
VERBOSE: Replacing 8 out of 8 node(s) with delegate (TfLiteXNNPackDelegate) node, yielding 1 partitions for subgraph 17 (XlaCallModule_odml.rms_norm.impl_598_0).
VERBOSE: Replacing 8 out of 8 node(s) with delegate (TfLiteXNNPackDelegate) node, yielding 1 partitions for subgraph 18 (XlaCallModule_odml.rms_norm.impl_600_0).
VERBOSE: Replacing 8 out of 8 node(s) with delegate (TfLiteXNNPackDelegate) node, yielding 1 partitions for subgraph 19 (XlaCallModule_odml.rms_norm.impl_602_0).
VERBOSE: Replacing 3 out of 5 node(s) with delegate (TfLiteXNNPackDelegate) node, yielding 4 partitions for subgraph 20 (XlaCallModule_odml.cache_update.impl_604_0).
VERBOSE: Replacing 2 out of 13 node(s) with delegate (TfLiteXNNPackDelegate) node, yielding 3 partitions for subgraph 21 (XlaCallModule_odml.runtime_bmm.impl_618_0).
VERBOSE: Replacing 2 out of 10 node(s) with delegate (TfLiteXNNPackDelegate) node, yielding 2 partitions for subgraph 22 (XlaCallModule_odml.runtime_bmm.impl_624_0).
VERBOSE: Replacing 8 out of 8 node(s) with delegate (TfLiteXNNPackDelegate) node, yielding 1 partitions for subgraph 23 (XlaCallModule_odml.rms_norm.impl_638_0).
VERBOSE: Replacing 8 out of 8 node(s) with delegate (TfLiteXNNPackDelegate) node, yielding 1 partitions for subgraph 24 (XlaCallModule_odml.rms_norm.impl_640_0).
VERBOSE: Replacing 8 out of 8 node(s) with delegate (TfLiteXNNPackDelegate) node, yielding 1 partitions for subgraph 25 (XlaCallModule_odml.rms_norm.impl_662_0).
VERBOSE: Replacing 8 out of 8 node(s) with delegate (TfLiteXNNPackDelegate) node, yielding 1 partitions for subgraph 26 (XlaCallModule_odml.rms_norm.impl_678_0).
VERBOSE: Replacing 8 out of 8 node(s) with delegate (TfLiteXNNPackDelegate) node, yielding 1 partitions for subgraph 27 (XlaCallModule_odml.rms_norm.impl_680_0).
VERBOSE: Replacing 8 out of 8 node(s) with delegate (TfLiteXNNPackDelegate) node, yielding 1 partitions for subgraph 28 (XlaCallModule_odml.rms_norm.impl_700_0).
VERBOSE: Replacing 8 out of 8 node(s) with delegate (TfLiteXNNPackDelegate) node, yielding 1 partitions for subgraph 29 (XlaCallModule_odml.rms_norm.impl_702_0).
VERBOSE: Replacing 8 out of 8 node(s) with delegate (TfLiteXNNPackDelegate) node, yielding 1 partitions for subgraph 30 (XlaCallModule_odml.rms_norm.impl_704_0).
VERBOSE: Replacing 3 out of 5 node(s) with delegate (TfLiteXNNPackDelegate) node, yielding 4 partitions for subgraph 31 (XlaCallModule_odml.cache_update.impl_706_0).
VERBOSE: Replacing 2 out of 13 node(s) with delegate (TfLiteXNNPackDelegate) node, yielding 3 partitions for subgraph 32 (XlaCallModule_odml.runtime_bmm.impl_720_0).
VERBOSE: Replacing 2 out of 10 node(s) with delegate (TfLiteXNNPackDelegate) node, yielding 2 partitions for subgraph 33 (XlaCallModule_odml.runtime_bmm.impl_726_0).
VERBOSE: Replacing 8 out of 8 node(s) with delegate (TfLiteXNNPackDelegate) node, yielding 1 partitions for subgraph 34 (XlaCallModule_odml.rms_norm.impl_740_0).
VERBOSE: Replacing 8 out of 8 node(s) with delegate (TfLiteXNNPackDelegate) node, yielding 1 partitions for subgraph 35 (XlaCallModule_odml.rms_norm.impl_742_0).
VERBOSE: Replacing 8 out of 8 node(s) with delegate (TfLiteXNNPackDelegate) node, yielding 1 partitions for subgraph 36 (XlaCallModule_odml.rms_norm.impl_764_0).
VERBOSE: Replacing 8 out of 8 node(s) with delegate (TfLiteXNNPackDelegate) node, yielding 1 partitions for subgraph 37 (XlaCallModule_odml.rms_norm.impl_780_0).
VERBOSE: Replacing 8 out of 8 node(s) with delegate (TfLiteXNNPackDelegate) node, yielding 1 partitions for subgraph 38 (XlaCallModule_odml.rms_norm.impl_782_0).
VERBOSE: Replacing 8 out of 8 node(s) with delegate (TfLiteXNNPackDelegate) node, yielding 1 partitions for subgraph 39 (XlaCallModule_odml.rms_norm.impl_802_0).
VERBOSE: Replacing 8 out of 8 node(s) with delegate (TfLiteXNNPackDelegate) node, yielding 1 partitions for subgraph 40 (XlaCallModule_odml.rms_norm.impl_804_0).
VERBOSE: Replacing 8 out of 8 node(s) with delegate (TfLiteXNNPackDelegate) node, yielding 1 partitions for subgraph 41 (XlaCallModule_odml.rms_norm.impl_806_0).
VERBOSE: Replacing 3 out of 5 node(s) with delegate (TfLiteXNNPackDelegate) node, yielding 4 partitions for subgraph 42 (XlaCallModule_odml.cache_update.impl_808_0).
VERBOSE: Replacing 2 out of 13 node(s) with delegate (TfLiteXNNPackDelegate) node, yielding 3 partitions for subgraph 43 (XlaCallModule_odml.runtime_bmm.impl_822_0).
VERBOSE: Replacing 2 out of 10 node(s) with delegate (TfLiteXNNPackDelegate) node, yielding 2 partitions for subgraph 44 (XlaCallModule_odml.runtime_bmm.impl_828_0).
VERBOSE: Replacing 8 out of 8 node(s) with delegate (TfLiteXNNPackDelegate) node, yielding 1 partitions for subgraph 45 (XlaCallModule_odml.rms_norm.impl_842_0).
VERBOSE: Replacing 8 out of 8 node(s) with delegate (TfLiteXNNPackDelegate) node, yielding 1 partitions for subgraph 46 (XlaCallModule_odml.rms_norm.impl_844_0).
VERBOSE: Replacing 8 out of 8 node(s) with delegate (TfLiteXNNPackDelegate) node, yielding 1 partitions for subgraph 47 (XlaCallModule_odml.rms_norm.impl_866_0).
VERBOSE: Replacing 8 out of 8 node(s) with delegate (TfLiteXNNPackDelegate) node, yielding 1 partitions for subgraph 48 (XlaCallModule_odml.rms_norm.impl_882_0).
VERBOSE: Replacing 8 out of 8 node(s) with delegate (TfLiteXNNPackDelegate) node, yielding 1 partitions for subgraph 49 (XlaCallModule_odml.rms_norm.impl_884_0).
VERBOSE: Replacing 8 out of 8 node(s) with delegate (TfLiteXNNPackDelegate) node, yielding 1 partitions for subgraph 50 (XlaCallModule_odml.rms_norm.impl_958_0).
VERBOSE: Replacing 8 out of 8 node(s) with delegate (TfLiteXNNPackDelegate) node, yielding 1 partitions for subgraph 51 (XlaCallModule_odml.rms_norm.impl_967_0).
VERBOSE: Replacing 8 out of 8 node(s) with delegate (TfLiteXNNPackDelegate) node, yielding 1 partitions for subgraph 52 (XlaCallModule_odml.rms_norm.impl_975_0).
VERBOSE: Replacing 3 out of 5 node(s) with delegate (TfLiteXNNPackDelegate) node, yielding 4 partitions for subgraph 53 (XlaCallModule_odml.cache_update.impl_995_0).
VERBOSE: Replacing 2 out of 2 node(s) with delegate (TfLiteXNNPackDelegate) node, yielding 1 partitions for subgraph 54 (XlaCallModule_odml.runtime_bmm.impl_1042_0).
VERBOSE: Replacing 2 out of 2 node(s) with delegate (TfLiteXNNPackDelegate) node, yielding 1 partitions for subgraph 55 (XlaCallModule_odml.runtime_bmm.impl_1047_0).
VERBOSE: Replacing 8 out of 8 node(s) with delegate (TfLiteXNNPackDelegate) node, yielding 1 partitions for subgraph 56 (XlaCallModule_odml.rms_norm.impl_1089_0).
VERBOSE: Replacing 8 out of 8 node(s) with delegate (TfLiteXNNPackDelegate) node, yielding 1 partitions for subgraph 57 (XlaCallModule_odml.rms_norm.impl_1091_0).
VERBOSE: Replacing 8 out of 8 node(s) with delegate (TfLiteXNNPackDelegate) node, yielding 1 partitions for subgraph 58 (XlaCallModule_odml.rms_norm.impl_1113_0).
VERBOSE: Replacing 8 out of 8 node(s) with delegate (TfLiteXNNPackDelegate) node, yielding 1 partitions for subgraph 59 (XlaCallModule_odml.rms_norm.impl_1129_0).
VERBOSE: Replacing 8 out of 8 node(s) with delegate (TfLiteXNNPackDelegate) node, yielding 1 partitions for subgraph 60 (XlaCallModule_odml.rms_norm.impl_1131_0).
VERBOSE: Replacing 8 out of 8 node(s) with delegate (TfLiteXNNPackDelegate) node, yielding 1 partitions for subgraph 61 (XlaCallModule_odml.rms_norm.impl_1151_0).
VERBOSE: Replacing 8 out of 8 node(s) with delegate (TfLiteXNNPackDelegate) node, yielding 1 partitions for subgraph 62 (XlaCallModule_odml.rms_norm.impl_1153_0).
VERBOSE: Replacing 8 out of 8 node(s) with delegate (TfLiteXNNPackDelegate) node, yielding 1 partitions for subgraph 63 (XlaCallModule_odml.rms_norm.impl_1155_0).
VERBOSE: Replacing 3 out of 5 node(s) with delegate (TfLiteXNNPackDelegate) node, yielding 4 partitions for subgraph 64 (XlaCallModule_odml.cache_update.impl_1157_0).
VERBOSE: Replacing 2 out of 13 node(s) with delegate (TfLiteXNNPackDelegate) node, yielding 3 partitions for subgraph 65 (XlaCallModule_odml.runtime_bmm.impl_1171_0).
VERBOSE: Replacing 2 out of 10 node(s) with delegate (TfLiteXNNPackDelegate) node, yielding 2 partitions for subgraph 66 (XlaCallModule_odml.runtime_bmm.impl_1177_0).
VERBOSE: Replacing 8 out of 8 node(s) with delegate (TfLiteXNNPackDelegate) node, yielding 1 partitions for subgraph 67 (XlaCallModule_odml.rms_norm.impl_1191_0).
VERBOSE: Replacing 8 out of 8 node(s) with delegate (TfLiteXNNPackDelegate) node, yielding 1 partitions for subgraph 68 (XlaCallModule_odml.rms_norm.impl_1193_0).
VERBOSE: Replacing 8 out of 8 node(s) with delegate (TfLiteXNNPackDelegate) node, yielding 1 partitions for subgraph 69 (XlaCallModule_odml.rms_norm.impl_1215_0).
VERBOSE: Replacing 8 out of 8 node(s) with delegate (TfLiteXNNPackDelegate) node, yielding 1 partitions for subgraph 70 (XlaCallModule_odml.rms_norm.impl_1231_0).
VERBOSE: Replacing 8 out of 8 node(s) with delegate (TfLiteXNNPackDelegate) node, yielding 1 partitions for subgraph 71 (XlaCallModule_odml.rms_norm.impl_1233_0).
VERBOSE: Replacing 8 out of 8 node(s) with delegate (TfLiteXNNPackDelegate) node, yielding 1 partitions for subgraph 72 (XlaCallModule_odml.rms_norm.impl_1253_0).
VERBOSE: Replacing 8 out of 8 node(s) with delegate (TfLiteXNNPackDelegate) node, yielding 1 partitions for subgraph 73 (XlaCallModule_odml.rms_norm.impl_1255_0).
VERBOSE: Replacing 8 out of 8 node(s) with delegate (TfLiteXNNPackDelegate) node, yielding 1 partitions for subgraph 74 (XlaCallModule_odml.rms_norm.impl_1257_0).
VERBOSE: Replacing 3 out of 5 node(s) with delegate (TfLiteXNNPackDelegate) node, yielding 4 partitions for subgraph 75 (XlaCallModule_odml.cache_update.impl_1259_0).
VERBOSE: Replacing 2 out of 13 node(s) with delegate (TfLiteXNNPackDelegate) node, yielding 3 partitions for subgraph 76 (XlaCallModule_odml.runtime_bmm.impl_1273_0).
VERBOSE: Replacing 2 out of 10 node(s) with delegate (TfLiteXNNPackDelegate) node, yielding 2 partitions for subgraph 77 (XlaCallModule_odml.runtime_bmm.impl_1279_0).
VERBOSE: Replacing 8 out of 8 node(s) with delegate (TfLiteXNNPackDelegate) node, yielding 1 partitions for subgraph 78 (XlaCallModule_odml.rms_norm.impl_1293_0).
VERBOSE: Replacing 8 out of 8 node(s) with delegate (TfLiteXNNPackDelegate) node, yielding 1 partitions for subgraph 79 (XlaCallModule_odml.rms_norm.impl_1295_0).
VERBOSE: Replacing 8 out of 8 node(s) with delegate (TfLiteXNNPackDelegate) node, yielding 1 partitions for subgraph 80 (XlaCallModule_odml.rms_norm.impl_1317_0).
VERBOSE: Replacing 8 out of 8 node(s) with delegate (TfLiteXNNPackDelegate) node, yielding 1 partitions for subgraph 81 (XlaCallModule_odml.rms_norm.impl_1333_0).
VERBOSE: Replacing 8 out of 8 node(s) with delegate (TfLiteXNNPackDelegate) node, yielding 1 partitions for subgraph 82 (XlaCallModule_odml.rms_norm.impl_1335_0).
VERBOSE: Replacing 8 out of 8 node(s) with delegate (TfLiteXNNPackDelegate) node, yielding 1 partitions for subgraph 83 (XlaCallModule_odml.rms_norm.impl_1355_0).
VERBOSE: Replacing 8 out of 8 node(s) with delegate (TfLiteXNNPackDelegate) node, yielding 1 partitions for subgraph 84 (XlaCallModule_odml.rms_norm.impl_1357_0).
VERBOSE: Replacing 8 out of 8 node(s) with delegate (TfLiteXNNPackDelegate) node, yielding 1 partitions for subgraph 85 (XlaCallModule_odml.rms_norm.impl_1359_0).
VERBOSE: Replacing 3 out of 5 node(s) with delegate (TfLiteXNNPackDelegate) node, yielding 4 partitions for subgraph 86 (XlaCallModule_odml.cache_update.impl_1361_0).
VERBOSE: Replacing 2 out of 13 node(s) with delegate (TfLiteXNNPackDelegate) node, yielding 3 partitions for subgraph 87 (XlaCallModule_odml.runtime_bmm.impl_1375_0).
VERBOSE: Replacing 2 out of 10 node(s) with delegate (TfLiteXNNPackDelegate) node, yielding 2 partitions for subgraph 88 (XlaCallModule_odml.runtime_bmm.impl_1381_0).
VERBOSE: Replacing 8 out of 8 node(s) with delegate (TfLiteXNNPackDelegate) node, yielding 1 partitions for subgraph 89 (XlaCallModule_odml.rms_norm.impl_1395_0).
VERBOSE: Replacing 8 out of 8 node(s) with delegate (TfLiteXNNPackDelegate) node, yielding 1 partitions for subgraph 90 (XlaCallModule_odml.rms_norm.impl_1397_0).
VERBOSE: Replacing 8 out of 8 node(s) with delegate (TfLiteXNNPackDelegate) node, yielding 1 partitions for subgraph 91 (XlaCallModule_odml.rms_norm.impl_1419_0).
VERBOSE: Replacing 8 out of 8 node(s) with delegate (TfLiteXNNPackDelegate) node, yielding 1 partitions for subgraph 92 (XlaCallModule_odml.rms_norm.impl_1435_0).
VERBOSE: Replacing 8 out of 8 node(s) with delegate (TfLiteXNNPackDelegate) node, yielding 1 partitions for subgraph 93 (XlaCallModule_odml.rms_norm.impl_1437_0).
VERBOSE: Replacing 8 out of 8 node(s) with delegate (TfLiteXNNPackDelegate) node, yielding 1 partitions for subgraph 94 (XlaCallModule_odml.rms_norm.impl_1457_0).
VERBOSE: Replacing 8 out of 8 node(s) with delegate (TfLiteXNNPackDelegate) node, yielding 1 partitions for subgraph 95 (XlaCallModule_odml.rms_norm.impl_1459_0).
VERBOSE: Replacing 8 out of 8 node(s) with delegate (TfLiteXNNPackDelegate) node, yielding 1 partitions for subgraph 96 (XlaCallModule_odml.rms_norm.impl_1461_0).
VERBOSE: Replacing 3 out of 5 node(s) with delegate (TfLiteXNNPackDelegate) node, yielding 4 partitions for subgraph 97 (XlaCallModule_odml.cache_update.impl_1463_0).
VERBOSE: Replacing 2 out of 13 node(s) with delegate (TfLiteXNNPackDelegate) node, yielding 3 partitions for subgraph 98 (XlaCallModule_odml.runtime_bmm.impl_1477_0).
VERBOSE: Replacing 2 out of 10 node(s) with delegate (TfLiteXNNPackDelegate) node, yielding 2 partitions for subgraph 99 (XlaCallModule_odml.runtime_bmm.impl_1483_0).
VERBOSE: Replacing 8 out of 8 node(s) with delegate (TfLiteXNNPackDelegate) node, yielding 1 partitions for subgraph 100 (XlaCallModule_odml.rms_norm.impl_1497_0).
VERBOSE: Replacing 8 out of 8 node(s) with delegate (TfLiteXNNPackDelegate) node, yielding 1 partitions for subgraph 101 (XlaCallModule_odml.rms_norm.impl_1499_0).
VERBOSE: Replacing 8 out of 8 node(s) with delegate (TfLiteXNNPackDelegate) node, yielding 1 partitions for subgraph 102 (XlaCallModule_odml.rms_norm.impl_1521_0).
VERBOSE: Replacing 8 out of 8 node(s) with delegate (TfLiteXNNPackDelegate) node, yielding 1 partitions for subgraph 103 (XlaCallModule_odml.rms_norm.impl_1537_0).
VERBOSE: Replacing 8 out of 8 node(s) with delegate (TfLiteXNNPackDelegate) node, yielding 1 partitions for subgraph 104 (XlaCallModule_odml.rms_norm.impl_1539_0).
VERBOSE: Replacing 8 out of 8 node(s) with delegate (TfLiteXNNPackDelegate) node, yielding 1 partitions for subgraph 105 (XlaCallModule_odml.rms_norm.impl_1559_0).
VERBOSE: Replacing 8 out of 8 node(s) with delegate (TfLiteXNNPackDelegate) node, yielding 1 partitions for subgraph 106 (XlaCallModule_odml.rms_norm.impl_1561_0).
VERBOSE: Replacing 8 out of 8 node(s) with delegate (TfLiteXNNPackDelegate) node, yielding 1 partitions for subgraph 107 (XlaCallModule_odml.rms_norm.impl_1563_0).
VERBOSE: Replacing 3 out of 5 node(s) with delegate (TfLiteXNNPackDelegate) node, yielding 4 partitions for subgraph 108 (XlaCallModule_odml.cache_update.impl_1565_0).
VERBOSE: Replacing 2 out of 2 node(s) with delegate (TfLiteXNNPackDelegate) node, yielding 1 partitions for subgraph 109 (XlaCallModule_odml.runtime_bmm.impl_1579_0).
VERBOSE: Replacing 2 out of 2 node(s) with delegate (TfLiteXNNPackDelegate) node, yielding 1 partitions for subgraph 110 (XlaCallModule_odml.runtime_bmm.impl_1583_0).
VERBOSE: Replacing 8 out of 8 node(s) with delegate (TfLiteXNNPackDelegate) node, yielding 1 partitions for subgraph 111 (XlaCallModule_odml.rms_norm.impl_1593_0).
VERBOSE: Replacing 8 out of 8 node(s) with delegate (TfLiteXNNPackDelegate) node, yielding 1 partitions for subgraph 112 (XlaCallModule_odml.rms_norm.impl_1595_0).
VERBOSE: Replacing 8 out of 8 node(s) with delegate (TfLiteXNNPackDelegate) node, yielding 1 partitions for subgraph 113 (XlaCallModule_odml.rms_norm.impl_1617_0).
VERBOSE: Replacing 8 out of 8 node(s) with delegate (TfLiteXNNPackDelegate) node, yielding 1 partitions for subgraph 114 (XlaCallModule_odml.rms_norm.impl_1633_0).
VERBOSE: Replacing 8 out of 8 node(s) with delegate (TfLiteXNNPackDelegate) node, yielding 1 partitions for subgraph 115 (XlaCallModule_odml.rms_norm.impl_1635_0).
VERBOSE: Replacing 8 out of 8 node(s) with delegate (TfLiteXNNPackDelegate) node, yielding 1 partitions for subgraph 116 (XlaCallModule_odml.rms_norm.impl_1655_0).
VERBOSE: Replacing 8 out of 8 node(s) with delegate (TfLiteXNNPackDelegate) node, yielding 1 partitions for subgraph 117 (XlaCallModule_odml.rms_norm.impl_1657_0).
VERBOSE: Replacing 8 out of 8 node(s) with delegate (TfLiteXNNPackDelegate) node, yielding 1 partitions for subgraph 118 (XlaCallModule_odml.rms_norm.impl_1659_0).
VERBOSE: Replacing 3 out of 5 node(s) with delegate (TfLiteXNNPackDelegate) node, yielding 4 partitions for subgraph 119 (XlaCallModule_odml.cache_update.impl_1661_0).
VERBOSE: Replacing 2 out of 13 node(s) with delegate (TfLiteXNNPackDelegate) node, yielding 3 partitions for subgraph 120 (XlaCallModule_odml.runtime_bmm.impl_1675_0).
VERBOSE: Replacing 2 out of 10 node(s) with delegate (TfLiteXNNPackDelegate) node, yielding 2 partitions for subgraph 121 (XlaCallModule_odml.runtime_bmm.impl_1681_0).
VERBOSE: Replacing 8 out of 8 node(s) with delegate (TfLiteXNNPackDelegate) node, yielding 1 partitions for subgraph 122 (XlaCallModule_odml.rms_norm.impl_1695_0).
VERBOSE: Replacing 8 out of 8 node(s) with delegate (TfLiteXNNPackDelegate) node, yielding 1 partitions for subgraph 123 (XlaCallModule_odml.rms_norm.impl_1697_0).
VERBOSE: Replacing 8 out of 8 node(s) with delegate (TfLiteXNNPackDelegate) node, yielding 1 partitions for subgraph 124 (XlaCallModule_odml.rms_norm.impl_1719_0).
VERBOSE: Replacing 8 out of 8 node(s) with delegate (TfLiteXNNPackDelegate) node, yielding 1 partitions for subgraph 125 (XlaCallModule_odml.rms_norm.impl_1735_0).
VERBOSE: Replacing 8 out of 8 node(s) with delegate (TfLiteXNNPackDelegate) node, yielding 1 partitions for subgraph 126 (XlaCallModule_odml.rms_norm.impl_1737_0).
VERBOSE: Replacing 8 out of 8 node(s) with delegate (TfLiteXNNPackDelegate) node, yielding 1 partitions for subgraph 127 (XlaCallModule_odml.rms_norm.impl_1757_0).
VERBOSE: Replacing 8 out of 8 node(s) with delegate (TfLiteXNNPackDelegate) node, yielding 1 partitions for subgraph 128 (XlaCallModule_odml.rms_norm.impl_1759_0).
VERBOSE: Replacing 8 out of 8 node(s) with delegate (TfLiteXNNPackDelegate) node, yielding 1 partitions for subgraph 129 (XlaCallModule_odml.rms_norm.impl_1761_0).
VERBOSE: Replacing 3 out of 5 node(s) with delegate (TfLiteXNNPackDelegate) node, yielding 4 partitions for subgraph 130 (XlaCallModule_odml.cache_update.impl_1763_0).
VERBOSE: Replacing 2 out of 13 node(s) with delegate (TfLiteXNNPackDelegate) node, yielding 3 partitions for subgraph 131 (XlaCallModule_odml.runtime_bmm.impl_1777_0).
VERBOSE: Replacing 2 out of 10 node(s) with delegate (TfLiteXNNPackDelegate) node, yielding 2 partitions for subgraph 132 (XlaCallModule_odml.runtime_bmm.impl_1783_0).
VERBOSE: Replacing 8 out of 8 node(s) with delegate (TfLiteXNNPackDelegate) node, yielding 1 partitions for subgraph 133 (XlaCallModule_odml.rms_norm.impl_1797_0).
VERBOSE: Replacing 8 out of 8 node(s) with delegate (TfLiteXNNPackDelegate) node, yielding 1 partitions for subgraph 134 (XlaCallModule_odml.rms_norm.impl_1799_0).
VERBOSE: Replacing 8 out of 8 node(s) with delegate (TfLiteXNNPackDelegate) node, yielding 1 partitions for subgraph 135 (XlaCallModule_odml.rms_norm.impl_1821_0).
VERBOSE: Replacing 8 out of 8 node(s) with delegate (TfLiteXNNPackDelegate) node, yielding 1 partitions for subgraph 136 (XlaCallModule_odml.rms_norm.impl_1837_0).
VERBOSE: Replacing 8 out of 8 node(s) with delegate (TfLiteXNNPackDelegate) node, yielding 1 partitions for subgraph 137 (XlaCallModule_odml.rms_norm.impl_1839_0).
VERBOSE: Replacing 8 out of 8 node(s) with delegate (TfLiteXNNPackDelegate) node, yielding 1 partitions for subgraph 138 (XlaCallModule_odml.rms_norm.impl_1859_0).
VERBOSE: Replacing 8 out of 8 node(s) with delegate (TfLiteXNNPackDelegate) node, yielding 1 partitions for subgraph 139 (XlaCallModule_odml.rms_norm.impl_1861_0).
VERBOSE: Replacing 8 out of 8 node(s) with delegate (TfLiteXNNPackDelegate) node, yielding 1 partitions for subgraph 140 (XlaCallModule_odml.rms_norm.impl_1863_0).
VERBOSE: Replacing 3 out of 5 node(s) with delegate (TfLiteXNNPackDelegate) node, yielding 4 partitions for subgraph 141 (XlaCallModule_odml.cache_update.impl_1865_0).
VERBOSE: Replacing 2 out of 13 node(s) with delegate (TfLiteXNNPackDelegate) node, yielding 3 partitions for subgraph 142 (XlaCallModule_odml.runtime_bmm.impl_1879_0).
VERBOSE: Replacing 2 out of 10 node(s) with delegate (TfLiteXNNPackDelegate) node, yielding 2 partitions for subgraph 143 (XlaCallModule_odml.runtime_bmm.impl_1885_0).
VERBOSE: Replacing 8 out of 8 node(s) with delegate (TfLiteXNNPackDelegate) node, yielding 1 partitions for subgraph 144 (XlaCallModule_odml.rms_norm.impl_1899_0).
VERBOSE: Replacing 8 out of 8 node(s) with delegate (TfLiteXNNPackDelegate) node, yielding 1 partitions for subgraph 145 (XlaCallModule_odml.rms_norm.impl_1901_0).
VERBOSE: Replacing 8 out of 8 node(s) with delegate (TfLiteXNNPackDelegate) node, yielding 1 partitions for subgraph 146 (XlaCallModule_odml.rms_norm.impl_1923_0).
VERBOSE: Replacing 8 out of 8 node(s) with delegate (TfLiteXNNPackDelegate) node, yielding 1 partitions for subgraph 147 (XlaCallModule_odml.rms_norm.impl_1939_0).
VERBOSE: Replacing 8 out of 8 node(s) with delegate (TfLiteXNNPackDelegate) node, yielding 1 partitions for subgraph 148 (XlaCallModule_odml.rms_norm.impl_1941_0).
VERBOSE: Replacing 8 out of 8 node(s) with delegate (TfLiteXNNPackDelegate) node, yielding 1 partitions for subgraph 149 (XlaCallModule_odml.rms_norm.impl_1961_0).
VERBOSE: Replacing 8 out of 8 node(s) with delegate (TfLiteXNNPackDelegate) node, yielding 1 partitions for subgraph 150 (XlaCallModule_odml.rms_norm.impl_1963_0).
VERBOSE: Replacing 8 out of 8 node(s) with delegate (TfLiteXNNPackDelegate) node, yielding 1 partitions for subgraph 151 (XlaCallModule_odml.rms_norm.impl_1965_0).
VERBOSE: Replacing 3 out of 5 node(s) with delegate (TfLiteXNNPackDelegate) node, yielding 4 partitions for subgraph 152 (XlaCallModule_odml.cache_update.impl_1967_0).
VERBOSE: Replacing 2 out of 13 node(s) with delegate (TfLiteXNNPackDelegate) node, yielding 3 partitions for subgraph 153 (XlaCallModule_odml.runtime_bmm.impl_1981_0).
VERBOSE: Replacing 2 out of 10 node(s) with delegate (TfLiteXNNPackDelegate) node, yielding 2 partitions for subgraph 154 (XlaCallModule_odml.runtime_bmm.impl_1987_0).
VERBOSE: Replacing 8 out of 8 node(s) with delegate (TfLiteXNNPackDelegate) node, yielding 1 partitions for subgraph 155 (XlaCallModule_odml.rms_norm.impl_2001_0).
VERBOSE: Replacing 8 out of 8 node(s) with delegate (TfLiteXNNPackDelegate) node, yielding 1 partitions for subgraph 156 (XlaCallModule_odml.rms_norm.impl_2003_0).
VERBOSE: Replacing 8 out of 8 node(s) with delegate (TfLiteXNNPackDelegate) node, yielding 1 partitions for subgraph 157 (XlaCallModule_odml.rms_norm.impl_2025_0).
VERBOSE: Replacing 8 out of 8 node(s) with delegate (TfLiteXNNPackDelegate) node, yielding 1 partitions for subgraph 158 (XlaCallModule_odml.rms_norm.impl_2041_0).
VERBOSE: Replacing 8 out of 8 node(s) with delegate (TfLiteXNNPackDelegate) node, yielding 1 partitions for subgraph 159 (XlaCallModule_odml.rms_norm.impl_2043_0).
VERBOSE: Replacing 8 out of 8 node(s) with delegate (TfLiteXNNPackDelegate) node, yielding 1 partitions for subgraph 160 (XlaCallModule_odml.rms_norm.impl_2057_0).
VERBOSE: Replacing 8 out of 8 node(s) with delegate (TfLiteXNNPackDelegate) node, yielding 1 partitions for subgraph 161 (XlaCallModule_odml.rms_norm.impl_2059_0).
VERBOSE: Replacing 3 out of 5 node(s) with delegate (TfLiteXNNPackDelegate) node, yielding 4 partitions for subgraph 162 (XlaCallModule_odml.cache_update.impl_2061_0).
VERBOSE: Replacing 8 out of 8 node(s) with delegate (TfLiteXNNPackDelegate) node, yielding 1 partitions for subgraph 163 (XlaCallModule_odml.rms_norm.impl_1).
VERBOSE: Replacing 8 out of 8 node(s) with delegate (TfLiteXNNPackDelegate) node, yielding 1 partitions for subgraph 164 (XlaCallModule_odml.rms_norm.impl_204_1).
VERBOSE: Replacing 8 out of 8 node(s) with delegate (TfLiteXNNPackDelegate) node, yielding 1 partitions for subgraph 165 (XlaCallModule_odml.rms_norm.impl_287_1).
VERBOSE: Replacing 8 out of 8 node(s) with delegate (TfLiteXNNPackDelegate) node, yielding 1 partitions for subgraph 166 (XlaCallModule_odml.rms_norm.impl_297_1).
VERBOSE: Replacing 8 out of 8 node(s) with delegate (TfLiteXNNPackDelegate) node, yielding 1 partitions for subgraph 167 (XlaCallModule_odml.rms_norm.impl_307_1).
VERBOSE: Replacing 3 out of 5 node(s) with delegate (TfLiteXNNPackDelegate) node, yielding 4 partitions for subgraph 168 (XlaCallModule_odml.cache_update.impl_1).
VERBOSE: Replacing 2 out of 13 node(s) with delegate (TfLiteXNNPackDelegate) node, yielding 3 partitions for subgraph 169 (XlaCallModule_odml.runtime_bmm.impl_1).
VERBOSE: Replacing 2 out of 10 node(s) with delegate (TfLiteXNNPackDelegate) node, yielding 2 partitions for subgraph 170 (XlaCallModule_odml.runtime_bmm.impl_411_1).
VERBOSE: Replacing 8 out of 8 node(s) with delegate (TfLiteXNNPackDelegate) node, yielding 1 partitions for subgraph 171 (XlaCallModule_odml.rms_norm.impl_463_1).
VERBOSE: Replacing 8 out of 8 node(s) with delegate (TfLiteXNNPackDelegate) node, yielding 1 partitions for subgraph 172 (XlaCallModule_odml.rms_norm.impl_466_1).
VERBOSE: Replacing 8 out of 8 node(s) with delegate (TfLiteXNNPackDelegate) node, yielding 1 partitions for subgraph 173 (XlaCallModule_odml.rms_norm.impl_527_1).
VERBOSE: Replacing 8 out of 8 node(s) with delegate (TfLiteXNNPackDelegate) node, yielding 1 partitions for subgraph 174 (XlaCallModule_odml.rms_norm.impl_574_1).
VERBOSE: Replacing 8 out of 8 node(s) with delegate (TfLiteXNNPackDelegate) node, yielding 1 partitions for subgraph 175 (XlaCallModule_odml.rms_norm.impl_578_1).
VERBOSE: Replacing 8 out of 8 node(s) with delegate (TfLiteXNNPackDelegate) node, yielding 1 partitions for subgraph 176 (XlaCallModule_odml.rms_norm.impl_598_1).
VERBOSE: Replacing 8 out of 8 node(s) with delegate (TfLiteXNNPackDelegate) node, yielding 1 partitions for subgraph 177 (XlaCallModule_odml.rms_norm.impl_600_1).
VERBOSE: Replacing 8 out of 8 node(s) with delegate (TfLiteXNNPackDelegate) node, yielding 1 partitions for subgraph 178 (XlaCallModule_odml.rms_norm.impl_602_1).
VERBOSE: Replacing 3 out of 5 node(s) with delegate (TfLiteXNNPackDelegate) node, yielding 4 partitions for subgraph 179 (XlaCallModule_odml.cache_update.impl_604_1).
VERBOSE: Replacing 2 out of 13 node(s) with delegate (TfLiteXNNPackDelegate) node, yielding 3 partitions for subgraph 180 (XlaCallModule_odml.runtime_bmm.impl_618_1).
VERBOSE: Replacing 2 out of 10 node(s) with delegate (TfLiteXNNPackDelegate) node, yielding 2 partitions for subgraph 181 (XlaCallModule_odml.runtime_bmm.impl_624_1).
VERBOSE: Replacing 8 out of 8 node(s) with delegate (TfLiteXNNPackDelegate) node, yielding 1 partitions for subgraph 182 (XlaCallModule_odml.rms_norm.impl_638_1).
VERBOSE: Replacing 8 out of 8 node(s) with delegate (TfLiteXNNPackDelegate) node, yielding 1 partitions for subgraph 183 (XlaCallModule_odml.rms_norm.impl_640_1).
VERBOSE: Replacing 8 out of 8 node(s) with delegate (TfLiteXNNPackDelegate) node, yielding 1 partitions for subgraph 184 (XlaCallModule_odml.rms_norm.impl_662_1).
VERBOSE: Replacing 8 out of 8 node(s) with delegate (TfLiteXNNPackDelegate) node, yielding 1 partitions for subgraph 185 (XlaCallModule_odml.rms_norm.impl_678_1).
VERBOSE: Replacing 8 out of 8 node(s) with delegate (TfLiteXNNPackDelegate) node, yielding 1 partitions for subgraph 186 (XlaCallModule_odml.rms_norm.impl_680_1).
VERBOSE: Replacing 8 out of 8 node(s) with delegate (TfLiteXNNPackDelegate) node, yielding 1 partitions for subgraph 187 (XlaCallModule_odml.rms_norm.impl_700_1).
VERBOSE: Replacing 8 out of 8 node(s) with delegate (TfLiteXNNPackDelegate) node, yielding 1 partitions for subgraph 188 (XlaCallModule_odml.rms_norm.impl_702_1).
VERBOSE: Replacing 8 out of 8 node(s) with delegate (TfLiteXNNPackDelegate) node, yielding 1 partitions for subgraph 189 (XlaCallModule_odml.rms_norm.impl_704_1).
VERBOSE: Replacing 3 out of 5 node(s) with delegate (TfLiteXNNPackDelegate) node, yielding 4 partitions for subgraph 190 (XlaCallModule_odml.cache_update.impl_706_1).
VERBOSE: Replacing 2 out of 13 node(s) with delegate (TfLiteXNNPackDelegate) node, yielding 3 partitions for subgraph 191 (XlaCallModule_odml.runtime_bmm.impl_720_1).
VERBOSE: Replacing 2 out of 10 node(s) with delegate (TfLiteXNNPackDelegate) node, yielding 2 partitions for subgraph 192 (XlaCallModule_odml.runtime_bmm.impl_726_1).
VERBOSE: Replacing 8 out of 8 node(s) with delegate (TfLiteXNNPackDelegate) node, yielding 1 partitions for subgraph 193 (XlaCallModule_odml.rms_norm.impl_740_1).
VERBOSE: Replacing 8 out of 8 node(s) with delegate (TfLiteXNNPackDelegate) node, yielding 1 partitions for subgraph 194 (XlaCallModule_odml.rms_norm.impl_742_1).
VERBOSE: Replacing 8 out of 8 node(s) with delegate (TfLiteXNNPackDelegate) node, yielding 1 partitions for subgraph 195 (XlaCallModule_odml.rms_norm.impl_764_1).
VERBOSE: Replacing 8 out of 8 node(s) with delegate (TfLiteXNNPackDelegate) node, yielding 1 partitions for subgraph 196 (XlaCallModule_odml.rms_norm.impl_780_1).
VERBOSE: Replacing 8 out of 8 node(s) with delegate (TfLiteXNNPackDelegate) node, yielding 1 partitions for subgraph 197 (XlaCallModule_odml.rms_norm.impl_782_1).
VERBOSE: Replacing 8 out of 8 node(s) with delegate (TfLiteXNNPackDelegate) node, yielding 1 partitions for subgraph 198 (XlaCallModule_odml.rms_norm.impl_802_1).
VERBOSE: Replacing 8 out of 8 node(s) with delegate (TfLiteXNNPackDelegate) node, yielding 1 partitions for subgraph 199 (XlaCallModule_odml.rms_norm.impl_804_1).
VERBOSE: Replacing 8 out of 8 node(s) with delegate (TfLiteXNNPackDelegate) node, yielding 1 partitions for subgraph 200 (XlaCallModule_odml.rms_norm.impl_806_1).
VERBOSE: Replacing 3 out of 5 node(s) with delegate (TfLiteXNNPackDelegate) node, yielding 4 partitions for subgraph 201 (XlaCallModule_odml.cache_update.impl_808_1).
VERBOSE: Replacing 2 out of 13 node(s) with delegate (TfLiteXNNPackDelegate) node, yielding 3 partitions for subgraph 202 (XlaCallModule_odml.runtime_bmm.impl_822_1).
VERBOSE: Replacing 2 out of 10 node(s) with delegate (TfLiteXNNPackDelegate) node, yielding 2 partitions for subgraph 203 (XlaCallModule_odml.runtime_bmm.impl_828_1).
VERBOSE: Replacing 8 out of 8 node(s) with delegate (TfLiteXNNPackDelegate) node, yielding 1 partitions for subgraph 204 (XlaCallModule_odml.rms_norm.impl_842_1).
VERBOSE: Replacing 8 out of 8 node(s) with delegate (TfLiteXNNPackDelegate) node, yielding 1 partitions for subgraph 205 (XlaCallModule_odml.rms_norm.impl_844_1).
VERBOSE: Replacing 8 out of 8 node(s) with delegate (TfLiteXNNPackDelegate) node, yielding 1 partitions for subgraph 206 (XlaCallModule_odml.rms_norm.impl_866_1).
VERBOSE: Replacing 8 out of 8 node(s) with delegate (TfLiteXNNPackDelegate) node, yielding 1 partitions for subgraph 207 (XlaCallModule_odml.rms_norm.impl_882_1).
VERBOSE: Replacing 8 out of 8 node(s) with delegate (TfLiteXNNPackDelegate) node, yielding 1 partitions for subgraph 208 (XlaCallModule_odml.rms_norm.impl_884_1).
VERBOSE: Replacing 8 out of 8 node(s) with delegate (TfLiteXNNPackDelegate) node, yielding 1 partitions for subgraph 209 (XlaCallModule_odml.rms_norm.impl_958_1).
VERBOSE: Replacing 8 out of 8 node(s) with delegate (TfLiteXNNPackDelegate) node, yielding 1 partitions for subgraph 210 (XlaCallModule_odml.rms_norm.impl_967_1).
VERBOSE: Replacing 8 out of 8 node(s) with delegate (TfLiteXNNPackDelegate) node, yielding 1 partitions for subgraph 211 (XlaCallModule_odml.rms_norm.impl_975_1).
VERBOSE: Replacing 3 out of 5 node(s) with delegate (TfLiteXNNPackDelegate) node, yielding 4 partitions for subgraph 212 (XlaCallModule_odml.cache_update.impl_995_1).
VERBOSE: Replacing 2 out of 2 node(s) with delegate (TfLiteXNNPackDelegate) node, yielding 1 partitions for subgraph 213 (XlaCallModule_odml.runtime_bmm.impl_1042_1).
VERBOSE: Replacing 2 out of 2 node(s) with delegate (TfLiteXNNPackDelegate) node, yielding 1 partitions for subgraph 214 (XlaCallModule_odml.runtime_bmm.impl_1047_1).
VERBOSE: Replacing 8 out of 8 node(s) with delegate (TfLiteXNNPackDelegate) node, yielding 1 partitions for subgraph 215 (XlaCallModule_odml.rms_norm.impl_1089_1).
VERBOSE: Replacing 8 out of 8 node(s) with delegate (TfLiteXNNPackDelegate) node, yielding 1 partitions for subgraph 216 (XlaCallModule_odml.rms_norm.impl_1091_1).
VERBOSE: Replacing 8 out of 8 node(s) with delegate (TfLiteXNNPackDelegate) node, yielding 1 partitions for subgraph 217 (XlaCallModule_odml.rms_norm.impl_1113_1).
VERBOSE: Replacing 8 out of 8 node(s) with delegate (TfLiteXNNPackDelegate) node, yielding 1 partitions for subgraph 218 (XlaCallModule_odml.rms_norm.impl_1129_1).
VERBOSE: Replacing 8 out of 8 node(s) with delegate (TfLiteXNNPackDelegate) node, yielding 1 partitions for subgraph 219 (XlaCallModule_odml.rms_norm.impl_1131_1).
VERBOSE: Replacing 8 out of 8 node(s) with delegate (TfLiteXNNPackDelegate) node, yielding 1 partitions for subgraph 220 (XlaCallModule_odml.rms_norm.impl_1151_1).
VERBOSE: Replacing 8 out of 8 node(s) with delegate (TfLiteXNNPackDelegate) node, yielding 1 partitions for subgraph 221 (XlaCallModule_odml.rms_norm.impl_1153_1).
VERBOSE: Replacing 8 out of 8 node(s) with delegate (TfLiteXNNPackDelegate) node, yielding 1 partitions for subgraph 222 (XlaCallModule_odml.rms_norm.impl_1155_1).
VERBOSE: Replacing 3 out of 5 node(s) with delegate (TfLiteXNNPackDelegate) node, yielding 4 partitions for subgraph 223 (XlaCallModule_odml.cache_update.impl_1157_1).
VERBOSE: Replacing 2 out of 13 node(s) with delegate (TfLiteXNNPackDelegate) node, yielding 3 partitions for subgraph 224 (XlaCallModule_odml.runtime_bmm.impl_1171_1).
VERBOSE: Replacing 2 out of 10 node(s) with delegate (TfLiteXNNPackDelegate) node, yielding 2 partitions for subgraph 225 (XlaCallModule_odml.runtime_bmm.impl_1177_1).
VERBOSE: Replacing 8 out of 8 node(s) with delegate (TfLiteXNNPackDelegate) node, yielding 1 partitions for subgraph 226 (XlaCallModule_odml.rms_norm.impl_1191_1).
VERBOSE: Replacing 8 out of 8 node(s) with delegate (TfLiteXNNPackDelegate) node, yielding 1 partitions for subgraph 227 (XlaCallModule_odml.rms_norm.impl_1193_1).
VERBOSE: Replacing 8 out of 8 node(s) with delegate (TfLiteXNNPackDelegate) node, yielding 1 partitions for subgraph 228 (XlaCallModule_odml.rms_norm.impl_1215_1).
VERBOSE: Replacing 8 out of 8 node(s) with delegate (TfLiteXNNPackDelegate) node, yielding 1 partitions for subgraph 229 (XlaCallModule_odml.rms_norm.impl_1231_1).
VERBOSE: Replacing 8 out of 8 node(s) with delegate (TfLiteXNNPackDelegate) node, yielding 1 partitions for subgraph 230 (XlaCallModule_odml.rms_norm.impl_1233_1).
VERBOSE: Replacing 8 out of 8 node(s) with delegate (TfLiteXNNPackDelegate) node, yielding 1 partitions for subgraph 231 (XlaCallModule_odml.rms_norm.impl_1253_1).
VERBOSE: Replacing 8 out of 8 node(s) with delegate (TfLiteXNNPackDelegate) node, yielding 1 partitions for subgraph 232 (XlaCallModule_odml.rms_norm.impl_1255_1).
VERBOSE: Replacing 8 out of 8 node(s) with delegate (TfLiteXNNPackDelegate) node, yielding 1 partitions for subgraph 233 (XlaCallModule_odml.rms_norm.impl_1257_1).
VERBOSE: Replacing 3 out of 5 node(s) with delegate (TfLiteXNNPackDelegate) node, yielding 4 partitions for subgraph 234 (XlaCallModule_odml.cache_update.impl_1259_1).
VERBOSE: Replacing 2 out of 13 node(s) with delegate (TfLiteXNNPackDelegate) node, yielding 3 partitions for subgraph 235 (XlaCallModule_odml.runtime_bmm.impl_1273_1).
VERBOSE: Replacing 2 out of 10 node(s) with delegate (TfLiteXNNPackDelegate) node, yielding 2 partitions for subgraph 236 (XlaCallModule_odml.runtime_bmm.impl_1279_1).
VERBOSE: Replacing 8 out of 8 node(s) with delegate (TfLiteXNNPackDelegate) node, yielding 1 partitions for subgraph 237 (XlaCallModule_odml.rms_norm.impl_1293_1).
VERBOSE: Replacing 8 out of 8 node(s) with delegate (TfLiteXNNPackDelegate) node, yielding 1 partitions for subgraph 238 (XlaCallModule_odml.rms_norm.impl_1295_1).
VERBOSE: Replacing 8 out of 8 node(s) with delegate (TfLiteXNNPackDelegate) node, yielding 1 partitions for subgraph 239 (XlaCallModule_odml.rms_norm.impl_1317_1).
VERBOSE: Replacing 8 out of 8 node(s) with delegate (TfLiteXNNPackDelegate) node, yielding 1 partitions for subgraph 240 (XlaCallModule_odml.rms_norm.impl_1333_1).
VERBOSE: Replacing 8 out of 8 node(s) with delegate (TfLiteXNNPackDelegate) node, yielding 1 partitions for subgraph 241 (XlaCallModule_odml.rms_norm.impl_1335_1).
VERBOSE: Replacing 8 out of 8 node(s) with delegate (TfLiteXNNPackDelegate) node, yielding 1 partitions for subgraph 242 (XlaCallModule_odml.rms_norm.impl_1355_1).
VERBOSE: Replacing 8 out of 8 node(s) with delegate (TfLiteXNNPackDelegate) node, yielding 1 partitions for subgraph 243 (XlaCallModule_odml.rms_norm.impl_1357_1).
VERBOSE: Replacing 8 out of 8 node(s) with delegate (TfLiteXNNPackDelegate) node, yielding 1 partitions for subgraph 244 (XlaCallModule_odml.rms_norm.impl_1359_1).
VERBOSE: Replacing 3 out of 5 node(s) with delegate (TfLiteXNNPackDelegate) node, yielding 4 partitions for subgraph 245 (XlaCallModule_odml.cache_update.impl_1361_1).
VERBOSE: Replacing 2 out of 13 node(s) with delegate (TfLiteXNNPackDelegate) node, yielding 3 partitions for subgraph 246 (XlaCallModule_odml.runtime_bmm.impl_1375_1).
VERBOSE: Replacing 2 out of 10 node(s) with delegate (TfLiteXNNPackDelegate) node, yielding 2 partitions for subgraph 247 (XlaCallModule_odml.runtime_bmm.impl_1381_1).
VERBOSE: Replacing 8 out of 8 node(s) with delegate (TfLiteXNNPackDelegate) node, yielding 1 partitions for subgraph 248 (XlaCallModule_odml.rms_norm.impl_1395_1).
VERBOSE: Replacing 8 out of 8 node(s) with delegate (TfLiteXNNPackDelegate) node, yielding 1 partitions for subgraph 249 (XlaCallModule_odml.rms_norm.impl_1397_1).
VERBOSE: Replacing 8 out of 8 node(s) with delegate (TfLiteXNNPackDelegate) node, yielding 1 partitions for subgraph 250 (XlaCallModule_odml.rms_norm.impl_1419_1).
VERBOSE: Replacing 8 out of 8 node(s) with delegate (TfLiteXNNPackDelegate) node, yielding 1 partitions for subgraph 251 (XlaCallModule_odml.rms_norm.impl_1435_1).
VERBOSE: Replacing 8 out of 8 node(s) with delegate (TfLiteXNNPackDelegate) node, yielding 1 partitions for subgraph 252 (XlaCallModule_odml.rms_norm.impl_1437_1).
VERBOSE: Replacing 8 out of 8 node(s) with delegate (TfLiteXNNPackDelegate) node, yielding 1 partitions for subgraph 253 (XlaCallModule_odml.rms_norm.impl_1457_1).
VERBOSE: Replacing 8 out of 8 node(s) with delegate (TfLiteXNNPackDelegate) node, yielding 1 partitions for subgraph 254 (XlaCallModule_odml.rms_norm.impl_1459_1).
VERBOSE: Replacing 8 out of 8 node(s) with delegate (TfLiteXNNPackDelegate) node, yielding 1 partitions for subgraph 255 (XlaCallModule_odml.rms_norm.impl_1461_1).
VERBOSE: Replacing 3 out of 5 node(s) with delegate (TfLiteXNNPackDelegate) node, yielding 4 partitions for subgraph 256 (XlaCallModule_odml.cache_update.impl_1463_1).
VERBOSE: Replacing 2 out of 13 node(s) with delegate (TfLiteXNNPackDelegate) node, yielding 3 partitions for subgraph 257 (XlaCallModule_odml.runtime_bmm.impl_1477_1).
VERBOSE: Replacing 2 out of 10 node(s) with delegate (TfLiteXNNPackDelegate) node, yielding 2 partitions for subgraph 258 (XlaCallModule_odml.runtime_bmm.impl_1483_1).
VERBOSE: Replacing 8 out of 8 node(s) with delegate (TfLiteXNNPackDelegate) node, yielding 1 partitions for subgraph 259 (XlaCallModule_odml.rms_norm.impl_1497_1).
VERBOSE: Replacing 8 out of 8 node(s) with delegate (TfLiteXNNPackDelegate) node, yielding 1 partitions for subgraph 260 (XlaCallModule_odml.rms_norm.impl_1499_1).
VERBOSE: Replacing 8 out of 8 node(s) with delegate (TfLiteXNNPackDelegate) node, yielding 1 partitions for subgraph 261 (XlaCallModule_odml.rms_norm.impl_1521_1).
VERBOSE: Replacing 8 out of 8 node(s) with delegate (TfLiteXNNPackDelegate) node, yielding 1 partitions for subgraph 262 (XlaCallModule_odml.rms_norm.impl_1537_1).
VERBOSE: Replacing 8 out of 8 node(s) with delegate (TfLiteXNNPackDelegate) node, yielding 1 partitions for subgraph 263 (XlaCallModule_odml.rms_norm.impl_1539_1).
VERBOSE: Replacing 8 out of 8 node(s) with delegate (TfLiteXNNPackDelegate) node, yielding 1 partitions for subgraph 264 (XlaCallModule_odml.rms_norm.impl_1559_1).
VERBOSE: Replacing 8 out of 8 node(s) with delegate (TfLiteXNNPackDelegate) node, yielding 1 partitions for subgraph 265 (XlaCallModule_odml.rms_norm.impl_1561_1).
VERBOSE: Replacing 8 out of 8 node(s) with delegate (TfLiteXNNPackDelegate) node, yielding 1 partitions for subgraph 266 (XlaCallModule_odml.rms_norm.impl_1563_1).
VERBOSE: Replacing 3 out of 5 node(s) with delegate (TfLiteXNNPackDelegate) node, yielding 4 partitions for subgraph 267 (XlaCallModule_odml.cache_update.impl_1565_1).
VERBOSE: Replacing 2 out of 2 node(s) with delegate (TfLiteXNNPackDelegate) node, yielding 1 partitions for subgraph 268 (XlaCallModule_odml.runtime_bmm.impl_1579_1).
VERBOSE: Replacing 2 out of 2 node(s) with delegate (TfLiteXNNPackDelegate) node, yielding 1 partitions for subgraph 269 (XlaCallModule_odml.runtime_bmm.impl_1583_1).
VERBOSE: Replacing 8 out of 8 node(s) with delegate (TfLiteXNNPackDelegate) node, yielding 1 partitions for subgraph 270 (XlaCallModule_odml.rms_norm.impl_1593_1).
VERBOSE: Replacing 8 out of 8 node(s) with delegate (TfLiteXNNPackDelegate) node, yielding 1 partitions for subgraph 271 (XlaCallModule_odml.rms_norm.impl_1595_1).
VERBOSE: Replacing 8 out of 8 node(s) with delegate (TfLiteXNNPackDelegate) node, yielding 1 partitions for subgraph 272 (XlaCallModule_odml.rms_norm.impl_1617_1).
VERBOSE: Replacing 8 out of 8 node(s) with delegate (TfLiteXNNPackDelegate) node, yielding 1 partitions for subgraph 273 (XlaCallModule_odml.rms_norm.impl_1633_1).
VERBOSE: Replacing 8 out of 8 node(s) with delegate (TfLiteXNNPackDelegate) node, yielding 1 partitions for subgraph 274 (XlaCallModule_odml.rms_norm.impl_1635_1).
VERBOSE: Replacing 8 out of 8 node(s) with delegate (TfLiteXNNPackDelegate) node, yielding 1 partitions for subgraph 275 (XlaCallModule_odml.rms_norm.impl_1655_1).
VERBOSE: Replacing 8 out of 8 node(s) with delegate (TfLiteXNNPackDelegate) node, yielding 1 partitions for subgraph 276 (XlaCallModule_odml.rms_norm.impl_1657_1).
VERBOSE: Replacing 8 out of 8 node(s) with delegate (TfLiteXNNPackDelegate) node, yielding 1 partitions for subgraph 277 (XlaCallModule_odml.rms_norm.impl_1659_1).
VERBOSE: Replacing 3 out of 5 node(s) with delegate (TfLiteXNNPackDelegate) node, yielding 4 partitions for subgraph 278 (XlaCallModule_odml.cache_update.impl_1661_1).
VERBOSE: Replacing 2 out of 13 node(s) with delegate (TfLiteXNNPackDelegate) node, yielding 3 partitions for subgraph 279 (XlaCallModule_odml.runtime_bmm.impl_1675_1).
VERBOSE: Replacing 2 out of 10 node(s) with delegate (TfLiteXNNPackDelegate) node, yielding 2 partitions for subgraph 280 (XlaCallModule_odml.runtime_bmm.impl_1681_1).
VERBOSE: Replacing 8 out of 8 node(s) with delegate (TfLiteXNNPackDelegate) node, yielding 1 partitions for subgraph 281 (XlaCallModule_odml.rms_norm.impl_1695_1).
VERBOSE: Replacing 8 out of 8 node(s) with delegate (TfLiteXNNPackDelegate) node, yielding 1 partitions for subgraph 282 (XlaCallModule_odml.rms_norm.impl_1697_1).
VERBOSE: Replacing 8 out of 8 node(s) with delegate (TfLiteXNNPackDelegate) node, yielding 1 partitions for subgraph 283 (XlaCallModule_odml.rms_norm.impl_1719_1).
VERBOSE: Replacing 8 out of 8 node(s) with delegate (TfLiteXNNPackDelegate) node, yielding 1 partitions for subgraph 284 (XlaCallModule_odml.rms_norm.impl_1735_1).
VERBOSE: Replacing 8 out of 8 node(s) with delegate (TfLiteXNNPackDelegate) node, yielding 1 partitions for subgraph 285 (XlaCallModule_odml.rms_norm.impl_1737_1).
VERBOSE: Replacing 8 out of 8 node(s) with delegate (TfLiteXNNPackDelegate) node, yielding 1 partitions for subgraph 286 (XlaCallModule_odml.rms_norm.impl_1757_1).
VERBOSE: Replacing 8 out of 8 node(s) with delegate (TfLiteXNNPackDelegate) node, yielding 1 partitions for subgraph 287 (XlaCallModule_odml.rms_norm.impl_1759_1).
VERBOSE: Replacing 8 out of 8 node(s) with delegate (TfLiteXNNPackDelegate) node, yielding 1 partitions for subgraph 288 (XlaCallModule_odml.rms_norm.impl_1761_1).
VERBOSE: Replacing 3 out of 5 node(s) with delegate (TfLiteXNNPackDelegate) node, yielding 4 partitions for subgraph 289 (XlaCallModule_odml.cache_update.impl_1763_1).
VERBOSE: Replacing 2 out of 13 node(s) with delegate (TfLiteXNNPackDelegate) node, yielding 3 partitions for subgraph 290 (XlaCallModule_odml.runtime_bmm.impl_1777_1).
VERBOSE: Replacing 2 out of 10 node(s) with delegate (TfLiteXNNPackDelegate) node, yielding 2 partitions for subgraph 291 (XlaCallModule_odml.runtime_bmm.impl_1783_1).
VERBOSE: Replacing 8 out of 8 node(s) with delegate (TfLiteXNNPackDelegate) node, yielding 1 partitions for subgraph 292 (XlaCallModule_odml.rms_norm.impl_1797_1).
VERBOSE: Replacing 8 out of 8 node(s) with delegate (TfLiteXNNPackDelegate) node, yielding 1 partitions for subgraph 293 (XlaCallModule_odml.rms_norm.impl_1799_1).
VERBOSE: Replacing 8 out of 8 node(s) with delegate (TfLiteXNNPackDelegate) node, yielding 1 partitions for subgraph 294 (XlaCallModule_odml.rms_norm.impl_1821_1).
VERBOSE: Replacing 8 out of 8 node(s) with delegate (TfLiteXNNPackDelegate) node, yielding 1 partitions for subgraph 295 (XlaCallModule_odml.rms_norm.impl_1837_1).
VERBOSE: Replacing 8 out of 8 node(s) with delegate (TfLiteXNNPackDelegate) node, yielding 1 partitions for subgraph 296 (XlaCallModule_odml.rms_norm.impl_1839_1).
VERBOSE: Replacing 8 out of 8 node(s) with delegate (TfLiteXNNPackDelegate) node, yielding 1 partitions for subgraph 297 (XlaCallModule_odml.rms_norm.impl_1859_1).
VERBOSE: Replacing 8 out of 8 node(s) with delegate (TfLiteXNNPackDelegate) node, yielding 1 partitions for subgraph 298 (XlaCallModule_odml.rms_norm.impl_1861_1).
VERBOSE: Replacing 8 out of 8 node(s) with delegate (TfLiteXNNPackDelegate) node, yielding 1 partitions for subgraph 299 (XlaCallModule_odml.rms_norm.impl_1863_1).
VERBOSE: Replacing 3 out of 5 node(s) with delegate (TfLiteXNNPackDelegate) node, yielding 4 partitions for subgraph 300 (XlaCallModule_odml.cache_update.impl_1865_1).
VERBOSE: Replacing 2 out of 13 node(s) with delegate (TfLiteXNNPackDelegate) node, yielding 3 partitions for subgraph 301 (XlaCallModule_odml.runtime_bmm.impl_1879_1).
VERBOSE: Replacing 2 out of 10 node(s) with delegate (TfLiteXNNPackDelegate) node, yielding 2 partitions for subgraph 302 (XlaCallModule_odml.runtime_bmm.impl_1885_1).
VERBOSE: Replacing 8 out of 8 node(s) with delegate (TfLiteXNNPackDelegate) node, yielding 1 partitions for subgraph 303 (XlaCallModule_odml.rms_norm.impl_1899_1).
VERBOSE: Replacing 8 out of 8 node(s) with delegate (TfLiteXNNPackDelegate) node, yielding 1 partitions for subgraph 304 (XlaCallModule_odml.rms_norm.impl_1901_1).
VERBOSE: Replacing 8 out of 8 node(s) with delegate (TfLiteXNNPackDelegate) node, yielding 1 partitions for subgraph 305 (XlaCallModule_odml.rms_norm.impl_1923_1).
VERBOSE: Replacing 8 out of 8 node(s) with delegate (TfLiteXNNPackDelegate) node, yielding 1 partitions for subgraph 306 (XlaCallModule_odml.rms_norm.impl_1939_1).
VERBOSE: Replacing 8 out of 8 node(s) with delegate (TfLiteXNNPackDelegate) node, yielding 1 partitions for subgraph 307 (XlaCallModule_odml.rms_norm.impl_1941_1).
VERBOSE: Replacing 8 out of 8 node(s) with delegate (TfLiteXNNPackDelegate) node, yielding 1 partitions for subgraph 308 (XlaCallModule_odml.rms_norm.impl_1961_1).
VERBOSE: Replacing 8 out of 8 node(s) with delegate (TfLiteXNNPackDelegate) node, yielding 1 partitions for subgraph 309 (XlaCallModule_odml.rms_norm.impl_1963_1).
VERBOSE: Replacing 8 out of 8 node(s) with delegate (TfLiteXNNPackDelegate) node, yielding 1 partitions for subgraph 310 (XlaCallModule_odml.rms_norm.impl_1965_1).
VERBOSE: Replacing 3 out of 5 node(s) with delegate (TfLiteXNNPackDelegate) node, yielding 4 partitions for subgraph 311 (XlaCallModule_odml.cache_update.impl_1967_1).
VERBOSE: Replacing 2 out of 13 node(s) with delegate (TfLiteXNNPackDelegate) node, yielding 3 partitions for subgraph 312 (XlaCallModule_odml.runtime_bmm.impl_1981_1).
VERBOSE: Replacing 2 out of 10 node(s) with delegate (TfLiteXNNPackDelegate) node, yielding 2 partitions for subgraph 313 (XlaCallModule_odml.runtime_bmm.impl_1987_1).
VERBOSE: Replacing 8 out of 8 node(s) with delegate (TfLiteXNNPackDelegate) node, yielding 1 partitions for subgraph 314 (XlaCallModule_odml.rms_norm.impl_2001_1).
VERBOSE: Replacing 8 out of 8 node(s) with delegate (TfLiteXNNPackDelegate) node, yielding 1 partitions for subgraph 315 (XlaCallModule_odml.rms_norm.impl_2003_1).
VERBOSE: Replacing 8 out of 8 node(s) with delegate (TfLiteXNNPackDelegate) node, yielding 1 partitions for subgraph 316 (XlaCallModule_odml.rms_norm.impl_2025_1).
VERBOSE: Replacing 8 out of 8 node(s) with delegate (TfLiteXNNPackDelegate) node, yielding 1 partitions for subgraph 317 (XlaCallModule_odml.rms_norm.impl_2041_1).
VERBOSE: Replacing 8 out of 8 node(s) with delegate (TfLiteXNNPackDelegate) node, yielding 1 partitions for subgraph 318 (XlaCallModule_odml.rms_norm.impl_2043_1).
VERBOSE: Replacing 8 out of 8 node(s) with delegate (TfLiteXNNPackDelegate) node, yielding 1 partitions for subgraph 319 (XlaCallModule_odml.rms_norm.impl_2057_1).
VERBOSE: Replacing 8 out of 8 node(s) with delegate (TfLiteXNNPackDelegate) node, yielding 1 partitions for subgraph 320 (XlaCallModule_odml.rms_norm.impl_2059_1).
VERBOSE: Replacing 3 out of 5 node(s) with delegate (TfLiteXNNPackDelegate) node, yielding 4 partitions for subgraph 321 (XlaCallModule_odml.cache_update.impl_2061_1).
VERBOSE: Replacing 8 out of 8 node(s) with delegate (TfLiteXNNPackDelegate) node, yielding 1 partitions for subgraph 322 (XlaCallModule_odml.rms_norm.impl_2).
VERBOSE: Replacing 8 out of 8 node(s) with delegate (TfLiteXNNPackDelegate) node, yielding 1 partitions for subgraph 323 (XlaCallModule_odml.rms_norm.impl_204_2).
VERBOSE: Replacing 8 out of 8 node(s) with delegate (TfLiteXNNPackDelegate) node, yielding 1 partitions for subgraph 324 (XlaCallModule_odml.rms_norm.impl_287_2).
VERBOSE: Replacing 8 out of 8 node(s) with delegate (TfLiteXNNPackDelegate) node, yielding 1 partitions for subgraph 325 (XlaCallModule_odml.rms_norm.impl_297_2).
VERBOSE: Replacing 8 out of 8 node(s) with delegate (TfLiteXNNPackDelegate) node, yielding 1 partitions for subgraph 326 (XlaCallModule_odml.rms_norm.impl_307_2).
VERBOSE: Replacing 3 out of 5 node(s) with delegate (TfLiteXNNPackDelegate) node, yielding 4 partitions for subgraph 327 (XlaCallModule_odml.cache_update.impl_2).
VERBOSE: Replacing 2 out of 13 node(s) with delegate (TfLiteXNNPackDelegate) node, yielding 3 partitions for subgraph 328 (XlaCallModule_odml.runtime_bmm.impl_2).
VERBOSE: Replacing 2 out of 10 node(s) with delegate (TfLiteXNNPackDelegate) node, yielding 2 partitions for subgraph 329 (XlaCallModule_odml.runtime_bmm.impl_410_0).
VERBOSE: Replacing 8 out of 8 node(s) with delegate (TfLiteXNNPackDelegate) node, yielding 1 partitions for subgraph 330 (XlaCallModule_odml.rms_norm.impl_462_0).
VERBOSE: Replacing 8 out of 8 node(s) with delegate (TfLiteXNNPackDelegate) node, yielding 1 partitions for subgraph 331 (XlaCallModule_odml.rms_norm.impl_465_0).
VERBOSE: Replacing 8 out of 8 node(s) with delegate (TfLiteXNNPackDelegate) node, yielding 1 partitions for subgraph 332 (XlaCallModule_odml.rms_norm.impl_526_0).
VERBOSE: Replacing 8 out of 8 node(s) with delegate (TfLiteXNNPackDelegate) node, yielding 1 partitions for subgraph 333 (XlaCallModule_odml.rms_norm.impl_573_0).
VERBOSE: Replacing 8 out of 8 node(s) with delegate (TfLiteXNNPackDelegate) node, yielding 1 partitions for subgraph 334 (XlaCallModule_odml.rms_norm.impl_577_0).
VERBOSE: Replacing 8 out of 8 node(s) with delegate (TfLiteXNNPackDelegate) node, yielding 1 partitions for subgraph 335 (XlaCallModule_odml.rms_norm.impl_597_0).
VERBOSE: Replacing 8 out of 8 node(s) with delegate (TfLiteXNNPackDelegate) node, yielding 1 partitions for subgraph 336 (XlaCallModule_odml.rms_norm.impl_599_0).
VERBOSE: Replacing 8 out of 8 node(s) with delegate (TfLiteXNNPackDelegate) node, yielding 1 partitions for subgraph 337 (XlaCallModule_odml.rms_norm.impl_601_0).
VERBOSE: Replacing 3 out of 5 node(s) with delegate (TfLiteXNNPackDelegate) node, yielding 4 partitions for subgraph 338 (XlaCallModule_odml.cache_update.impl_603_0).
VERBOSE: Replacing 2 out of 13 node(s) with delegate (TfLiteXNNPackDelegate) node, yielding 3 partitions for subgraph 339 (XlaCallModule_odml.runtime_bmm.impl_617_0).
VERBOSE: Replacing 2 out of 10 node(s) with delegate (TfLiteXNNPackDelegate) node, yielding 2 partitions for subgraph 340 (XlaCallModule_odml.runtime_bmm.impl_623_0).
VERBOSE: Replacing 8 out of 8 node(s) with delegate (TfLiteXNNPackDelegate) node, yielding 1 partitions for subgraph 341 (XlaCallModule_odml.rms_norm.impl_637_0).
VERBOSE: Replacing 8 out of 8 node(s) with delegate (TfLiteXNNPackDelegate) node, yielding 1 partitions for subgraph 342 (XlaCallModule_odml.rms_norm.impl_639_0).
VERBOSE: Replacing 8 out of 8 node(s) with delegate (TfLiteXNNPackDelegate) node, yielding 1 partitions for subgraph 343 (XlaCallModule_odml.rms_norm.impl_661_0).
VERBOSE: Replacing 8 out of 8 node(s) with delegate (TfLiteXNNPackDelegate) node, yielding 1 partitions for subgraph 344 (XlaCallModule_odml.rms_norm.impl_677_0).
VERBOSE: Replacing 8 out of 8 node(s) with delegate (TfLiteXNNPackDelegate) node, yielding 1 partitions for subgraph 345 (XlaCallModule_odml.rms_norm.impl_679_0).
VERBOSE: Replacing 8 out of 8 node(s) with delegate (TfLiteXNNPackDelegate) node, yielding 1 partitions for subgraph 346 (XlaCallModule_odml.rms_norm.impl_699_0).
VERBOSE: Replacing 8 out of 8 node(s) with delegate (TfLiteXNNPackDelegate) node, yielding 1 partitions for subgraph 347 (XlaCallModule_odml.rms_norm.impl_701_0).
VERBOSE: Replacing 8 out of 8 node(s) with delegate (TfLiteXNNPackDelegate) node, yielding 1 partitions for subgraph 348 (XlaCallModule_odml.rms_norm.impl_703_0).
VERBOSE: Replacing 3 out of 5 node(s) with delegate (TfLiteXNNPackDelegate) node, yielding 4 partitions for subgraph 349 (XlaCallModule_odml.cache_update.impl_705_0).
VERBOSE: Replacing 2 out of 13 node(s) with delegate (TfLiteXNNPackDelegate) node, yielding 3 partitions for subgraph 350 (XlaCallModule_odml.runtime_bmm.impl_719_0).
VERBOSE: Replacing 2 out of 10 node(s) with delegate (TfLiteXNNPackDelegate) node, yielding 2 partitions for subgraph 351 (XlaCallModule_odml.runtime_bmm.impl_725_0).
VERBOSE: Replacing 8 out of 8 node(s) with delegate (TfLiteXNNPackDelegate) node, yielding 1 partitions for subgraph 352 (XlaCallModule_odml.rms_norm.impl_739_0).
VERBOSE: Replacing 8 out of 8 node(s) with delegate (TfLiteXNNPackDelegate) node, yielding 1 partitions for subgraph 353 (XlaCallModule_odml.rms_norm.impl_741_0).
VERBOSE: Replacing 8 out of 8 node(s) with delegate (TfLiteXNNPackDelegate) node, yielding 1 partitions for subgraph 354 (XlaCallModule_odml.rms_norm.impl_763_0).
VERBOSE: Replacing 8 out of 8 node(s) with delegate (TfLiteXNNPackDelegate) node, yielding 1 partitions for subgraph 355 (XlaCallModule_odml.rms_norm.impl_779_0).
VERBOSE: Replacing 8 out of 8 node(s) with delegate (TfLiteXNNPackDelegate) node, yielding 1 partitions for subgraph 356 (XlaCallModule_odml.rms_norm.impl_781_0).
VERBOSE: Replacing 8 out of 8 node(s) with delegate (TfLiteXNNPackDelegate) node, yielding 1 partitions for subgraph 357 (XlaCallModule_odml.rms_norm.impl_801_0).
VERBOSE: Replacing 8 out of 8 node(s) with delegate (TfLiteXNNPackDelegate) node, yielding 1 partitions for subgraph 358 (XlaCallModule_odml.rms_norm.impl_803_0).
VERBOSE: Replacing 8 out of 8 node(s) with delegate (TfLiteXNNPackDelegate) node, yielding 1 partitions for subgraph 359 (XlaCallModule_odml.rms_norm.impl_805_0).
VERBOSE: Replacing 3 out of 5 node(s) with delegate (TfLiteXNNPackDelegate) node, yielding 4 partitions for subgraph 360 (XlaCallModule_odml.cache_update.impl_807_0).
VERBOSE: Replacing 2 out of 13 node(s) with delegate (TfLiteXNNPackDelegate) node, yielding 3 partitions for subgraph 361 (XlaCallModule_odml.runtime_bmm.impl_821_0).
VERBOSE: Replacing 2 out of 10 node(s) with delegate (TfLiteXNNPackDelegate) node, yielding 2 partitions for subgraph 362 (XlaCallModule_odml.runtime_bmm.impl_827_0).
VERBOSE: Replacing 8 out of 8 node(s) with delegate (TfLiteXNNPackDelegate) node, yielding 1 partitions for subgraph 363 (XlaCallModule_odml.rms_norm.impl_841_0).
VERBOSE: Replacing 8 out of 8 node(s) with delegate (TfLiteXNNPackDelegate) node, yielding 1 partitions for subgraph 364 (XlaCallModule_odml.rms_norm.impl_843_0).
VERBOSE: Replacing 8 out of 8 node(s) with delegate (TfLiteXNNPackDelegate) node, yielding 1 partitions for subgraph 365 (XlaCallModule_odml.rms_norm.impl_865_0).
VERBOSE: Replacing 8 out of 8 node(s) with delegate (TfLiteXNNPackDelegate) node, yielding 1 partitions for subgraph 366 (XlaCallModule_odml.rms_norm.impl_881_0).
VERBOSE: Replacing 8 out of 8 node(s) with delegate (TfLiteXNNPackDelegate) node, yielding 1 partitions for subgraph 367 (XlaCallModule_odml.rms_norm.impl_883_0).
VERBOSE: Replacing 8 out of 8 node(s) with delegate (TfLiteXNNPackDelegate) node, yielding 1 partitions for subgraph 368 (XlaCallModule_odml.rms_norm.impl_957_0).
VERBOSE: Replacing 8 out of 8 node(s) with delegate (TfLiteXNNPackDelegate) node, yielding 1 partitions for subgraph 369 (XlaCallModule_odml.rms_norm.impl_966_0).
VERBOSE: Replacing 8 out of 8 node(s) with delegate (TfLiteXNNPackDelegate) node, yielding 1 partitions for subgraph 370 (XlaCallModule_odml.rms_norm.impl_974_0).
VERBOSE: Replacing 3 out of 5 node(s) with delegate (TfLiteXNNPackDelegate) node, yielding 4 partitions for subgraph 371 (XlaCallModule_odml.cache_update.impl_994_0).
VERBOSE: Replacing 2 out of 2 node(s) with delegate (TfLiteXNNPackDelegate) node, yielding 1 partitions for subgraph 372 (XlaCallModule_odml.runtime_bmm.impl_1041_0).
VERBOSE: Replacing 2 out of 2 node(s) with delegate (TfLiteXNNPackDelegate) node, yielding 1 partitions for subgraph 373 (XlaCallModule_odml.runtime_bmm.impl_1046_0).
VERBOSE: Replacing 8 out of 8 node(s) with delegate (TfLiteXNNPackDelegate) node, yielding 1 partitions for subgraph 374 (XlaCallModule_odml.rms_norm.impl_1088_0).
VERBOSE: Replacing 8 out of 8 node(s) with delegate (TfLiteXNNPackDelegate) node, yielding 1 partitions for subgraph 375 (XlaCallModule_odml.rms_norm.impl_1090_0).
VERBOSE: Replacing 8 out of 8 node(s) with delegate (TfLiteXNNPackDelegate) node, yielding 1 partitions for subgraph 376 (XlaCallModule_odml.rms_norm.impl_1112_0).
VERBOSE: Replacing 8 out of 8 node(s) with delegate (TfLiteXNNPackDelegate) node, yielding 1 partitions for subgraph 377 (XlaCallModule_odml.rms_norm.impl_1128_0).
VERBOSE: Replacing 8 out of 8 node(s) with delegate (TfLiteXNNPackDelegate) node, yielding 1 partitions for subgraph 378 (XlaCallModule_odml.rms_norm.impl_1130_0).
VERBOSE: Replacing 8 out of 8 node(s) with delegate (TfLiteXNNPackDelegate) node, yielding 1 partitions for subgraph 379 (XlaCallModule_odml.rms_norm.impl_1150_0).
VERBOSE: Replacing 8 out of 8 node(s) with delegate (TfLiteXNNPackDelegate) node, yielding 1 partitions for subgraph 380 (XlaCallModule_odml.rms_norm.impl_1152_0).
VERBOSE: Replacing 8 out of 8 node(s) with delegate (TfLiteXNNPackDelegate) node, yielding 1 partitions for subgraph 381 (XlaCallModule_odml.rms_norm.impl_1154_0).
VERBOSE: Replacing 3 out of 5 node(s) with delegate (TfLiteXNNPackDelegate) node, yielding 4 partitions for subgraph 382 (XlaCallModule_odml.cache_update.impl_1156_0).
VERBOSE: Replacing 2 out of 13 node(s) with delegate (TfLiteXNNPackDelegate) node, yielding 3 partitions for subgraph 383 (XlaCallModule_odml.runtime_bmm.impl_1170_0).
VERBOSE: Replacing 2 out of 10 node(s) with delegate (TfLiteXNNPackDelegate) node, yielding 2 partitions for subgraph 384 (XlaCallModule_odml.runtime_bmm.impl_1176_0).
VERBOSE: Replacing 8 out of 8 node(s) with delegate (TfLiteXNNPackDelegate) node, yielding 1 partitions for subgraph 385 (XlaCallModule_odml.rms_norm.impl_1190_0).
VERBOSE: Replacing 8 out of 8 node(s) with delegate (TfLiteXNNPackDelegate) node, yielding 1 partitions for subgraph 386 (XlaCallModule_odml.rms_norm.impl_1192_0).
VERBOSE: Replacing 8 out of 8 node(s) with delegate (TfLiteXNNPackDelegate) node, yielding 1 partitions for subgraph 387 (XlaCallModule_odml.rms_norm.impl_1214_0).
VERBOSE: Replacing 8 out of 8 node(s) with delegate (TfLiteXNNPackDelegate) node, yielding 1 partitions for subgraph 388 (XlaCallModule_odml.rms_norm.impl_1230_0).
VERBOSE: Replacing 8 out of 8 node(s) with delegate (TfLiteXNNPackDelegate) node, yielding 1 partitions for subgraph 389 (XlaCallModule_odml.rms_norm.impl_1232_0).
VERBOSE: Replacing 8 out of 8 node(s) with delegate (TfLiteXNNPackDelegate) node, yielding 1 partitions for subgraph 390 (XlaCallModule_odml.rms_norm.impl_1252_0).
VERBOSE: Replacing 8 out of 8 node(s) with delegate (TfLiteXNNPackDelegate) node, yielding 1 partitions for subgraph 391 (XlaCallModule_odml.rms_norm.impl_1254_0).
VERBOSE: Replacing 8 out of 8 node(s) with delegate (TfLiteXNNPackDelegate) node, yielding 1 partitions for subgraph 392 (XlaCallModule_odml.rms_norm.impl_1256_0).
VERBOSE: Replacing 3 out of 5 node(s) with delegate (TfLiteXNNPackDelegate) node, yielding 4 partitions for subgraph 393 (XlaCallModule_odml.cache_update.impl_1258_0).
VERBOSE: Replacing 2 out of 13 node(s) with delegate (TfLiteXNNPackDelegate) node, yielding 3 partitions for subgraph 394 (XlaCallModule_odml.runtime_bmm.impl_1272_0).
VERBOSE: Replacing 2 out of 10 node(s) with delegate (TfLiteXNNPackDelegate) node, yielding 2 partitions for subgraph 395 (XlaCallModule_odml.runtime_bmm.impl_1278_0).
VERBOSE: Replacing 8 out of 8 node(s) with delegate (TfLiteXNNPackDelegate) node, yielding 1 partitions for subgraph 396 (XlaCallModule_odml.rms_norm.impl_1292_0).
VERBOSE: Replacing 8 out of 8 node(s) with delegate (TfLiteXNNPackDelegate) node, yielding 1 partitions for subgraph 397 (XlaCallModule_odml.rms_norm.impl_1294_0).
VERBOSE: Replacing 8 out of 8 node(s) with delegate (TfLiteXNNPackDelegate) node, yielding 1 partitions for subgraph 398 (XlaCallModule_odml.rms_norm.impl_1316_0).
VERBOSE: Replacing 8 out of 8 node(s) with delegate (TfLiteXNNPackDelegate) node, yielding 1 partitions for subgraph 399 (XlaCallModule_odml.rms_norm.impl_1332_0).
VERBOSE: Replacing 8 out of 8 node(s) with delegate (TfLiteXNNPackDelegate) node, yielding 1 partitions for subgraph 400 (XlaCallModule_odml.rms_norm.impl_1334_0).
VERBOSE: Replacing 8 out of 8 node(s) with delegate (TfLiteXNNPackDelegate) node, yielding 1 partitions for subgraph 401 (XlaCallModule_odml.rms_norm.impl_1354_0).
VERBOSE: Replacing 8 out of 8 node(s) with delegate (TfLiteXNNPackDelegate) node, yielding 1 partitions for subgraph 402 (XlaCallModule_odml.rms_norm.impl_1356_0).
VERBOSE: Replacing 8 out of 8 node(s) with delegate (TfLiteXNNPackDelegate) node, yielding 1 partitions for subgraph 403 (XlaCallModule_odml.rms_norm.impl_1358_0).
VERBOSE: Replacing 3 out of 5 node(s) with delegate (TfLiteXNNPackDelegate) node, yielding 4 partitions for subgraph 404 (XlaCallModule_odml.cache_update.impl_1360_0).
VERBOSE: Replacing 2 out of 13 node(s) with delegate (TfLiteXNNPackDelegate) node, yielding 3 partitions for subgraph 405 (XlaCallModule_odml.runtime_bmm.impl_1374_0).
VERBOSE: Replacing 2 out of 10 node(s) with delegate (TfLiteXNNPackDelegate) node, yielding 2 partitions for subgraph 406 (XlaCallModule_odml.runtime_bmm.impl_1380_0).
VERBOSE: Replacing 8 out of 8 node(s) with delegate (TfLiteXNNPackDelegate) node, yielding 1 partitions for subgraph 407 (XlaCallModule_odml.rms_norm.impl_1394_0).
VERBOSE: Replacing 8 out of 8 node(s) with delegate (TfLiteXNNPackDelegate) node, yielding 1 partitions for subgraph 408 (XlaCallModule_odml.rms_norm.impl_1396_0).
VERBOSE: Replacing 8 out of 8 node(s) with delegate (TfLiteXNNPackDelegate) node, yielding 1 partitions for subgraph 409 (XlaCallModule_odml.rms_norm.impl_1418_0).
VERBOSE: Replacing 8 out of 8 node(s) with delegate (TfLiteXNNPackDelegate) node, yielding 1 partitions for subgraph 410 (XlaCallModule_odml.rms_norm.impl_1434_0).
VERBOSE: Replacing 8 out of 8 node(s) with delegate (TfLiteXNNPackDelegate) node, yielding 1 partitions for subgraph 411 (XlaCallModule_odml.rms_norm.impl_1436_0).
VERBOSE: Replacing 8 out of 8 node(s) with delegate (TfLiteXNNPackDelegate) node, yielding 1 partitions for subgraph 412 (XlaCallModule_odml.rms_norm.impl_1456_0).
VERBOSE: Replacing 8 out of 8 node(s) with delegate (TfLiteXNNPackDelegate) node, yielding 1 partitions for subgraph 413 (XlaCallModule_odml.rms_norm.impl_1458_0).
VERBOSE: Replacing 8 out of 8 node(s) with delegate (TfLiteXNNPackDelegate) node, yielding 1 partitions for subgraph 414 (XlaCallModule_odml.rms_norm.impl_1460_0).
VERBOSE: Replacing 3 out of 5 node(s) with delegate (TfLiteXNNPackDelegate) node, yielding 4 partitions for subgraph 415 (XlaCallModule_odml.cache_update.impl_1462_0).
VERBOSE: Replacing 2 out of 13 node(s) with delegate (TfLiteXNNPackDelegate) node, yielding 3 partitions for subgraph 416 (XlaCallModule_odml.runtime_bmm.impl_1476_0).
VERBOSE: Replacing 2 out of 10 node(s) with delegate (TfLiteXNNPackDelegate) node, yielding 2 partitions for subgraph 417 (XlaCallModule_odml.runtime_bmm.impl_1482_0).
VERBOSE: Replacing 8 out of 8 node(s) with delegate (TfLiteXNNPackDelegate) node, yielding 1 partitions for subgraph 418 (XlaCallModule_odml.rms_norm.impl_1496_0).
VERBOSE: Replacing 8 out of 8 node(s) with delegate (TfLiteXNNPackDelegate) node, yielding 1 partitions for subgraph 419 (XlaCallModule_odml.rms_norm.impl_1498_0).
VERBOSE: Replacing 8 out of 8 node(s) with delegate (TfLiteXNNPackDelegate) node, yielding 1 partitions for subgraph 420 (XlaCallModule_odml.rms_norm.impl_1520_0).
VERBOSE: Replacing 8 out of 8 node(s) with delegate (TfLiteXNNPackDelegate) node, yielding 1 partitions for subgraph 421 (XlaCallModule_odml.rms_norm.impl_1536_0).
VERBOSE: Replacing 8 out of 8 node(s) with delegate (TfLiteXNNPackDelegate) node, yielding 1 partitions for subgraph 422 (XlaCallModule_odml.rms_norm.impl_1538_0).
VERBOSE: Replacing 8 out of 8 node(s) with delegate (TfLiteXNNPackDelegate) node, yielding 1 partitions for subgraph 423 (XlaCallModule_odml.rms_norm.impl_1558_0).
VERBOSE: Replacing 8 out of 8 node(s) with delegate (TfLiteXNNPackDelegate) node, yielding 1 partitions for subgraph 424 (XlaCallModule_odml.rms_norm.impl_1560_0).
VERBOSE: Replacing 8 out of 8 node(s) with delegate (TfLiteXNNPackDelegate) node, yielding 1 partitions for subgraph 425 (XlaCallModule_odml.rms_norm.impl_1562_0).
VERBOSE: Replacing 3 out of 5 node(s) with delegate (TfLiteXNNPackDelegate) node, yielding 4 partitions for subgraph 426 (XlaCallModule_odml.cache_update.impl_1564_0).
VERBOSE: Replacing 2 out of 2 node(s) with delegate (TfLiteXNNPackDelegate) node, yielding 1 partitions for subgraph 427 (XlaCallModule_odml.runtime_bmm.impl_1578_0).
VERBOSE: Replacing 2 out of 2 node(s) with delegate (TfLiteXNNPackDelegate) node, yielding 1 partitions for subgraph 428 (XlaCallModule_odml.runtime_bmm.impl_1582_0).
VERBOSE: Replacing 8 out of 8 node(s) with delegate (TfLiteXNNPackDelegate) node, yielding 1 partitions for subgraph 429 (XlaCallModule_odml.rms_norm.impl_1592_0).
VERBOSE: Replacing 8 out of 8 node(s) with delegate (TfLiteXNNPackDelegate) node, yielding 1 partitions for subgraph 430 (XlaCallModule_odml.rms_norm.impl_1594_0).
VERBOSE: Replacing 8 out of 8 node(s) with delegate (TfLiteXNNPackDelegate) node, yielding 1 partitions for subgraph 431 (XlaCallModule_odml.rms_norm.impl_1616_0).
VERBOSE: Replacing 8 out of 8 node(s) with delegate (TfLiteXNNPackDelegate) node, yielding 1 partitions for subgraph 432 (XlaCallModule_odml.rms_norm.impl_1632_0).
VERBOSE: Replacing 8 out of 8 node(s) with delegate (TfLiteXNNPackDelegate) node, yielding 1 partitions for subgraph 433 (XlaCallModule_odml.rms_norm.impl_1634_0).
VERBOSE: Replacing 8 out of 8 node(s) with delegate (TfLiteXNNPackDelegate) node, yielding 1 partitions for subgraph 434 (XlaCallModule_odml.rms_norm.impl_1654_0).
VERBOSE: Replacing 8 out of 8 node(s) with delegate (TfLiteXNNPackDelegate) node, yielding 1 partitions for subgraph 435 (XlaCallModule_odml.rms_norm.impl_1656_0).
VERBOSE: Replacing 8 out of 8 node(s) with delegate (TfLiteXNNPackDelegate) node, yielding 1 partitions for subgraph 436 (XlaCallModule_odml.rms_norm.impl_1658_0).
VERBOSE: Replacing 3 out of 5 node(s) with delegate (TfLiteXNNPackDelegate) node, yielding 4 partitions for subgraph 437 (XlaCallModule_odml.cache_update.impl_1660_0).
VERBOSE: Replacing 2 out of 13 node(s) with delegate (TfLiteXNNPackDelegate) node, yielding 3 partitions for subgraph 438 (XlaCallModule_odml.runtime_bmm.impl_1674_0).
VERBOSE: Replacing 2 out of 10 node(s) with delegate (TfLiteXNNPackDelegate) node, yielding 2 partitions for subgraph 439 (XlaCallModule_odml.runtime_bmm.impl_1680_0).
VERBOSE: Replacing 8 out of 8 node(s) with delegate (TfLiteXNNPackDelegate) node, yielding 1 partitions for subgraph 440 (XlaCallModule_odml.rms_norm.impl_1694_0).
VERBOSE: Replacing 8 out of 8 node(s) with delegate (TfLiteXNNPackDelegate) node, yielding 1 partitions for subgraph 441 (XlaCallModule_odml.rms_norm.impl_1696_0).
VERBOSE: Replacing 8 out of 8 node(s) with delegate (TfLiteXNNPackDelegate) node, yielding 1 partitions for subgraph 442 (XlaCallModule_odml.rms_norm.impl_1718_0).
VERBOSE: Replacing 8 out of 8 node(s) with delegate (TfLiteXNNPackDelegate) node, yielding 1 partitions for subgraph 443 (XlaCallModule_odml.rms_norm.impl_1734_0).
VERBOSE: Replacing 8 out of 8 node(s) with delegate (TfLiteXNNPackDelegate) node, yielding 1 partitions for subgraph 444 (XlaCallModule_odml.rms_norm.impl_1736_0).
VERBOSE: Replacing 8 out of 8 node(s) with delegate (TfLiteXNNPackDelegate) node, yielding 1 partitions for subgraph 445 (XlaCallModule_odml.rms_norm.impl_1756_0).
VERBOSE: Replacing 8 out of 8 node(s) with delegate (TfLiteXNNPackDelegate) node, yielding 1 partitions for subgraph 446 (XlaCallModule_odml.rms_norm.impl_1758_0).
VERBOSE: Replacing 8 out of 8 node(s) with delegate (TfLiteXNNPackDelegate) node, yielding 1 partitions for subgraph 447 (XlaCallModule_odml.rms_norm.impl_1760_0).
VERBOSE: Replacing 3 out of 5 node(s) with delegate (TfLiteXNNPackDelegate) node, yielding 4 partitions for subgraph 448 (XlaCallModule_odml.cache_update.impl_1762_0).
VERBOSE: Replacing 2 out of 13 node(s) with delegate (TfLiteXNNPackDelegate) node, yielding 3 partitions for subgraph 449 (XlaCallModule_odml.runtime_bmm.impl_1776_0).
VERBOSE: Replacing 2 out of 10 node(s) with delegate (TfLiteXNNPackDelegate) node, yielding 2 partitions for subgraph 450 (XlaCallModule_odml.runtime_bmm.impl_1782_0).
VERBOSE: Replacing 8 out of 8 node(s) with delegate (TfLiteXNNPackDelegate) node, yielding 1 partitions for subgraph 451 (XlaCallModule_odml.rms_norm.impl_1796_0).
VERBOSE: Replacing 8 out of 8 node(s) with delegate (TfLiteXNNPackDelegate) node, yielding 1 partitions for subgraph 452 (XlaCallModule_odml.rms_norm.impl_1798_0).
VERBOSE: Replacing 8 out of 8 node(s) with delegate (TfLiteXNNPackDelegate) node, yielding 1 partitions for subgraph 453 (XlaCallModule_odml.rms_norm.impl_1820_0).
VERBOSE: Replacing 8 out of 8 node(s) with delegate (TfLiteXNNPackDelegate) node, yielding 1 partitions for subgraph 454 (XlaCallModule_odml.rms_norm.impl_1836_0).
VERBOSE: Replacing 8 out of 8 node(s) with delegate (TfLiteXNNPackDelegate) node, yielding 1 partitions for subgraph 455 (XlaCallModule_odml.rms_norm.impl_1838_0).
VERBOSE: Replacing 8 out of 8 node(s) with delegate (TfLiteXNNPackDelegate) node, yielding 1 partitions for subgraph 456 (XlaCallModule_odml.rms_norm.impl_1858_0).
VERBOSE: Replacing 8 out of 8 node(s) with delegate (TfLiteXNNPackDelegate) node, yielding 1 partitions for subgraph 457 (XlaCallModule_odml.rms_norm.impl_1860_0).
VERBOSE: Replacing 8 out of 8 node(s) with delegate (TfLiteXNNPackDelegate) node, yielding 1 partitions for subgraph 458 (XlaCallModule_odml.rms_norm.impl_1862_0).
VERBOSE: Replacing 3 out of 5 node(s) with delegate (TfLiteXNNPackDelegate) node, yielding 4 partitions for subgraph 459 (XlaCallModule_odml.cache_update.impl_1864_0).
VERBOSE: Replacing 2 out of 13 node(s) with delegate (TfLiteXNNPackDelegate) node, yielding 3 partitions for subgraph 460 (XlaCallModule_odml.runtime_bmm.impl_1878_0).
VERBOSE: Replacing 2 out of 10 node(s) with delegate (TfLiteXNNPackDelegate) node, yielding 2 partitions for subgraph 461 (XlaCallModule_odml.runtime_bmm.impl_1884_0).
VERBOSE: Replacing 8 out of 8 node(s) with delegate (TfLiteXNNPackDelegate) node, yielding 1 partitions for subgraph 462 (XlaCallModule_odml.rms_norm.impl_1898_0).
VERBOSE: Replacing 8 out of 8 node(s) with delegate (TfLiteXNNPackDelegate) node, yielding 1 partitions for subgraph 463 (XlaCallModule_odml.rms_norm.impl_1900_0).
VERBOSE: Replacing 8 out of 8 node(s) with delegate (TfLiteXNNPackDelegate) node, yielding 1 partitions for subgraph 464 (XlaCallModule_odml.rms_norm.impl_1922_0).
VERBOSE: Replacing 8 out of 8 node(s) with delegate (TfLiteXNNPackDelegate) node, yielding 1 partitions for subgraph 465 (XlaCallModule_odml.rms_norm.impl_1938_0).
VERBOSE: Replacing 8 out of 8 node(s) with delegate (TfLiteXNNPackDelegate) node, yielding 1 partitions for subgraph 466 (XlaCallModule_odml.rms_norm.impl_1940_0).
VERBOSE: Replacing 8 out of 8 node(s) with delegate (TfLiteXNNPackDelegate) node, yielding 1 partitions for subgraph 467 (XlaCallModule_odml.rms_norm.impl_1960_0).
VERBOSE: Replacing 8 out of 8 node(s) with delegate (TfLiteXNNPackDelegate) node, yielding 1 partitions for subgraph 468 (XlaCallModule_odml.rms_norm.impl_1962_0).
VERBOSE: Replacing 8 out of 8 node(s) with delegate (TfLiteXNNPackDelegate) node, yielding 1 partitions for subgraph 469 (XlaCallModule_odml.rms_norm.impl_1964_0).
VERBOSE: Replacing 3 out of 5 node(s) with delegate (TfLiteXNNPackDelegate) node, yielding 4 partitions for subgraph 470 (XlaCallModule_odml.cache_update.impl_1966_0).
VERBOSE: Replacing 2 out of 13 node(s) with delegate (TfLiteXNNPackDelegate) node, yielding 3 partitions for subgraph 471 (XlaCallModule_odml.runtime_bmm.impl_1980_0).
VERBOSE: Replacing 2 out of 10 node(s) with delegate (TfLiteXNNPackDelegate) node, yielding 2 partitions for subgraph 472 (XlaCallModule_odml.runtime_bmm.impl_1986_0).
VERBOSE: Replacing 8 out of 8 node(s) with delegate (TfLiteXNNPackDelegate) node, yielding 1 partitions for subgraph 473 (XlaCallModule_odml.rms_norm.impl_2000_0).
VERBOSE: Replacing 8 out of 8 node(s) with delegate (TfLiteXNNPackDelegate) node, yielding 1 partitions for subgraph 474 (XlaCallModule_odml.rms_norm.impl_2002_0).
VERBOSE: Replacing 8 out of 8 node(s) with delegate (TfLiteXNNPackDelegate) node, yielding 1 partitions for subgraph 475 (XlaCallModule_odml.rms_norm.impl_2024_0).
VERBOSE: Replacing 8 out of 8 node(s) with delegate (TfLiteXNNPackDelegate) node, yielding 1 partitions for subgraph 476 (XlaCallModule_odml.rms_norm.impl_2040_0).
VERBOSE: Replacing 8 out of 8 node(s) with delegate (TfLiteXNNPackDelegate) node, yielding 1 partitions for subgraph 477 (XlaCallModule_odml.rms_norm.impl_2042_0).
VERBOSE: Replacing 8 out of 8 node(s) with delegate (TfLiteXNNPackDelegate) node, yielding 1 partitions for subgraph 478 (XlaCallModule_odml.rms_norm.impl_2062_0).
VERBOSE: Replacing 8 out of 8 node(s) with delegate (TfLiteXNNPackDelegate) node, yielding 1 partitions for subgraph 479 (XlaCallModule_odml.rms_norm.impl_2064_0).
VERBOSE: Replacing 8 out of 8 node(s) with delegate (TfLiteXNNPackDelegate) node, yielding 1 partitions for subgraph 480 (XlaCallModule_odml.rms_norm.impl_2066_0).
VERBOSE: Replacing 3 out of 5 node(s) with delegate (TfLiteXNNPackDelegate) node, yielding 4 partitions for subgraph 481 (XlaCallModule_odml.cache_update.impl_2068_0).
VERBOSE: Replacing 2 out of 2 node(s) with delegate (TfLiteXNNPackDelegate) node, yielding 1 partitions for subgraph 482 (XlaCallModule_odml.runtime_bmm.impl_2082_0).
VERBOSE: Replacing 2 out of 2 node(s) with delegate (TfLiteXNNPackDelegate) node, yielding 1 partitions for subgraph 483 (XlaCallModule_odml.runtime_bmm.impl_2086_0).
VERBOSE: Replacing 8 out of 8 node(s) with delegate (TfLiteXNNPackDelegate) node, yielding 1 partitions for subgraph 484 (XlaCallModule_odml.rms_norm.impl_2096_0).
VERBOSE: Replacing 8 out of 8 node(s) with delegate (TfLiteXNNPackDelegate) node, yielding 1 partitions for subgraph 485 (XlaCallModule_odml.rms_norm.impl_2098_0).
VERBOSE: Replacing 8 out of 8 node(s) with delegate (TfLiteXNNPackDelegate) node, yielding 1 partitions for subgraph 486 (XlaCallModule_odml.rms_norm.impl_2120_0).
VERBOSE: Replacing 8 out of 8 node(s) with delegate (TfLiteXNNPackDelegate) node, yielding 1 partitions for subgraph 487 (XlaCallModule_odml.rms_norm.impl_2136_0).
VERBOSE: Replacing 8 out of 8 node(s) with delegate (TfLiteXNNPackDelegate) node, yielding 1 partitions for subgraph 488 (XlaCallModule_odml.rms_norm.impl_2138_0).
VERBOSE: Replacing 8 out of 8 node(s) with delegate (TfLiteXNNPackDelegate) node, yielding 1 partitions for subgraph 489 (XlaCallModule_odml.rms_norm.impl_2146_0).
VERBOSE: Replacing 2 out of 13 node(s) with delegate (TfLiteXNNPackDelegate) node, yielding 3 partitions for subgraph 490 (XlaCallModule_odml.runtime_bmm.impl_2148_0).
VERBOSE: Replacing 2 out of 10 node(s) with delegate (TfLiteXNNPackDelegate) node, yielding 2 partitions for subgraph 491 (XlaCallModule_odml.runtime_bmm.impl_2154_0).
VERBOSE: Replacing 8 out of 8 node(s) with delegate (TfLiteXNNPackDelegate) node, yielding 1 partitions for subgraph 492 (XlaCallModule_odml.rms_norm.impl_2168_0).
VERBOSE: Replacing 8 out of 8 node(s) with delegate (TfLiteXNNPackDelegate) node, yielding 1 partitions for subgraph 493 (XlaCallModule_odml.rms_norm.impl_2170_0).
VERBOSE: Replacing 8 out of 8 node(s) with delegate (TfLiteXNNPackDelegate) node, yielding 1 partitions for subgraph 494 (XlaCallModule_odml.rms_norm.impl_2234_0).
VERBOSE: Replacing 8 out of 8 node(s) with delegate (TfLiteXNNPackDelegate) node, yielding 1 partitions for subgraph 495 (XlaCallModule_odml.rms_norm.impl_2250_0).
VERBOSE: Replacing 8 out of 8 node(s) with delegate (TfLiteXNNPackDelegate) node, yielding 1 partitions for subgraph 496 (XlaCallModule_odml.rms_norm.impl_2252_0).
VERBOSE: Replacing 8 out of 8 node(s) with delegate (TfLiteXNNPackDelegate) node, yielding 1 partitions for subgraph 497 (XlaCallModule_odml.rms_norm.impl_2260_0).
VERBOSE: Replacing 2 out of 13 node(s) with delegate (TfLiteXNNPackDelegate) node, yielding 3 partitions for subgraph 498 (XlaCallModule_odml.runtime_bmm.impl_2262_0).
VERBOSE: Replacing 2 out of 10 node(s) with delegate (TfLiteXNNPackDelegate) node, yielding 2 partitions for subgraph 499 (XlaCallModule_odml.runtime_bmm.impl_2268_0).
VERBOSE: Replacing 8 out of 8 node(s) with delegate (TfLiteXNNPackDelegate) node, yielding 1 partitions for subgraph 500 (XlaCallModule_odml.rms_norm.impl_2282_0).
VERBOSE: Replacing 8 out of 8 node(s) with delegate (TfLiteXNNPackDelegate) node, yielding 1 partitions for subgraph 501 (XlaCallModule_odml.rms_norm.impl_2284_0).
VERBOSE: Replacing 8 out of 8 node(s) with delegate (TfLiteXNNPackDelegate) node, yielding 1 partitions for subgraph 502 (XlaCallModule_odml.rms_norm.impl_2306_0).
VERBOSE: Replacing 8 out of 8 node(s) with delegate (TfLiteXNNPackDelegate) node, yielding 1 partitions for subgraph 503 (XlaCallModule_odml.rms_norm.impl_2322_0).
VERBOSE: Replacing 8 out of 8 node(s) with delegate (TfLiteXNNPackDelegate) node, yielding 1 partitions for subgraph 504 (XlaCallModule_odml.rms_norm.impl_2324_0).
VERBOSE: Replacing 8 out of 8 node(s) with delegate (TfLiteXNNPackDelegate) node, yielding 1 partitions for subgraph 505 (XlaCallModule_odml.rms_norm.impl_2332_0).
VERBOSE: Replacing 2 out of 13 node(s) with delegate (TfLiteXNNPackDelegate) node, yielding 3 partitions for subgraph 506 (XlaCallModule_odml.runtime_bmm.impl_2334_0).
VERBOSE: Replacing 2 out of 10 node(s) with delegate (TfLiteXNNPackDelegate) node, yielding 2 partitions for subgraph 507 (XlaCallModule_odml.runtime_bmm.impl_2340_0).
VERBOSE: Replacing 8 out of 8 node(s) with delegate (TfLiteXNNPackDelegate) node, yielding 1 partitions for subgraph 508 (XlaCallModule_odml.rms_norm.impl_2354_0).
VERBOSE: Replacing 8 out of 8 node(s) with delegate (TfLiteXNNPackDelegate) node, yielding 1 partitions for subgraph 509 (XlaCallModule_odml.rms_norm.impl_2356_0).
VERBOSE: Replacing 8 out of 8 node(s) with delegate (TfLiteXNNPackDelegate) node, yielding 1 partitions for subgraph 510 (XlaCallModule_odml.rms_norm.impl_2378_0).
VERBOSE: Replacing 8 out of 8 node(s) with delegate (TfLiteXNNPackDelegate) node, yielding 1 partitions for subgraph 511 (XlaCallModule_odml.rms_norm.impl_2394_0).
VERBOSE: Replacing 8 out of 8 node(s) with delegate (TfLiteXNNPackDelegate) node, yielding 1 partitions for subgraph 512 (XlaCallModule_odml.rms_norm.impl_2396_0).
VERBOSE: Replacing 8 out of 8 node(s) with delegate (TfLiteXNNPackDelegate) node, yielding 1 partitions for subgraph 513 (XlaCallModule_odml.rms_norm.impl_2404_0).
VERBOSE: Replacing 2 out of 13 node(s) with delegate (TfLiteXNNPackDelegate) node, yielding 3 partitions for subgraph 514 (XlaCallModule_odml.runtime_bmm.impl_2406_0).
VERBOSE: Replacing 2 out of 10 node(s) with delegate (TfLiteXNNPackDelegate) node, yielding 2 partitions for subgraph 515 (XlaCallModule_odml.runtime_bmm.impl_2412_0).
VERBOSE: Replacing 8 out of 8 node(s) with delegate (TfLiteXNNPackDelegate) node, yielding 1 partitions for subgraph 516 (XlaCallModule_odml.rms_norm.impl_2426_0).
VERBOSE: Replacing 8 out of 8 node(s) with delegate (TfLiteXNNPackDelegate) node, yielding 1 partitions for subgraph 517 (XlaCallModule_odml.rms_norm.impl_2428_0).
VERBOSE: Replacing 8 out of 8 node(s) with delegate (TfLiteXNNPackDelegate) node, yielding 1 partitions for subgraph 518 (XlaCallModule_odml.rms_norm.impl_2450_0).
VERBOSE: Replacing 8 out of 8 node(s) with delegate (TfLiteXNNPackDelegate) node, yielding 1 partitions for subgraph 519 (XlaCallModule_odml.rms_norm.impl_2466_0).
VERBOSE: Replacing 8 out of 8 node(s) with delegate (TfLiteXNNPackDelegate) node, yielding 1 partitions for subgraph 520 (XlaCallModule_odml.rms_norm.impl_2468_0).
VERBOSE: Replacing 8 out of 8 node(s) with delegate (TfLiteXNNPackDelegate) node, yielding 1 partitions for subgraph 521 (XlaCallModule_odml.rms_norm.impl_2476_0).
VERBOSE: Replacing 2 out of 2 node(s) with delegate (TfLiteXNNPackDelegate) node, yielding 1 partitions for subgraph 522 (XlaCallModule_odml.runtime_bmm.impl_2478_0).
VERBOSE: Replacing 2 out of 2 node(s) with delegate (TfLiteXNNPackDelegate) node, yielding 1 partitions for subgraph 523 (XlaCallModule_odml.runtime_bmm.impl_2482_0).
VERBOSE: Replacing 8 out of 8 node(s) with delegate (TfLiteXNNPackDelegate) node, yielding 1 partitions for subgraph 524 (XlaCallModule_odml.rms_norm.impl_2492_0).
VERBOSE: Replacing 8 out of 8 node(s) with delegate (TfLiteXNNPackDelegate) node, yielding 1 partitions for subgraph 525 (XlaCallModule_odml.rms_norm.impl_2494_0).
VERBOSE: Replacing 8 out of 8 node(s) with delegate (TfLiteXNNPackDelegate) node, yielding 1 partitions for subgraph 526 (XlaCallModule_odml.rms_norm.impl_2516_0).
VERBOSE: Replacing 8 out of 8 node(s) with delegate (TfLiteXNNPackDelegate) node, yielding 1 partitions for subgraph 527 (XlaCallModule_odml.rms_norm.impl_2532_0).
VERBOSE: Replacing 8 out of 8 node(s) with delegate (TfLiteXNNPackDelegate) node, yielding 1 partitions for subgraph 528 (XlaCallModule_odml.rms_norm.impl_2534_0).
VERBOSE: Replacing 8 out of 8 node(s) with delegate (TfLiteXNNPackDelegate) node, yielding 1 partitions for subgraph 529 (XlaCallModule_odml.rms_norm.impl_2542_0).
VERBOSE: Replacing 2 out of 13 node(s) with delegate (TfLiteXNNPackDelegate) node, yielding 3 partitions for subgraph 530 (XlaCallModule_odml.runtime_bmm.impl_2544_0).
VERBOSE: Replacing 2 out of 10 node(s) with delegate (TfLiteXNNPackDelegate) node, yielding 2 partitions for subgraph 531 (XlaCallModule_odml.runtime_bmm.impl_2550_0).
VERBOSE: Replacing 8 out of 8 node(s) with delegate (TfLiteXNNPackDelegate) node, yielding 1 partitions for subgraph 532 (XlaCallModule_odml.rms_norm.impl_2564_0).
VERBOSE: Replacing 8 out of 8 node(s) with delegate (TfLiteXNNPackDelegate) node, yielding 1 partitions for subgraph 533 (XlaCallModule_odml.rms_norm.impl_2566_0).
VERBOSE: Replacing 8 out of 8 node(s) with delegate (TfLiteXNNPackDelegate) node, yielding 1 partitions for subgraph 534 (XlaCallModule_odml.rms_norm.impl_2588_0).
VERBOSE: Replacing 8 out of 8 node(s) with delegate (TfLiteXNNPackDelegate) node, yielding 1 partitions for subgraph 535 (XlaCallModule_odml.rms_norm.impl_2604_0).
VERBOSE: Replacing 8 out of 8 node(s) with delegate (TfLiteXNNPackDelegate) node, yielding 1 partitions for subgraph 536 (XlaCallModule_odml.rms_norm.impl_2606_0).
VERBOSE: Replacing 8 out of 8 node(s) with delegate (TfLiteXNNPackDelegate) node, yielding 1 partitions for subgraph 537 (XlaCallModule_odml.rms_norm.impl_2614_0).
VERBOSE: Replacing 2 out of 13 node(s) with delegate (TfLiteXNNPackDelegate) node, yielding 3 partitions for subgraph 538 (XlaCallModule_odml.runtime_bmm.impl_2616_0).
VERBOSE: Replacing 2 out of 10 node(s) with delegate (TfLiteXNNPackDelegate) node, yielding 2 partitions for subgraph 539 (XlaCallModule_odml.runtime_bmm.impl_2622_0).
VERBOSE: Replacing 8 out of 8 node(s) with delegate (TfLiteXNNPackDelegate) node, yielding 1 partitions for subgraph 540 (XlaCallModule_odml.rms_norm.impl_2636_0).
VERBOSE: Replacing 8 out of 8 node(s) with delegate (TfLiteXNNPackDelegate) node, yielding 1 partitions for subgraph 541 (XlaCallModule_odml.rms_norm.impl_2638_0).
VERBOSE: Replacing 8 out of 8 node(s) with delegate (TfLiteXNNPackDelegate) node, yielding 1 partitions for subgraph 542 (XlaCallModule_odml.rms_norm.impl_2660_0).
VERBOSE: Replacing 8 out of 8 node(s) with delegate (TfLiteXNNPackDelegate) node, yielding 1 partitions for subgraph 543 (XlaCallModule_odml.rms_norm.impl_2676_0).
VERBOSE: Replacing 8 out of 8 node(s) with delegate (TfLiteXNNPackDelegate) node, yielding 1 partitions for subgraph 544 (XlaCallModule_odml.rms_norm.impl_2678_0).
VERBOSE: Replacing 8 out of 8 node(s) with delegate (TfLiteXNNPackDelegate) node, yielding 1 partitions for subgraph 545 (XlaCallModule_odml.rms_norm.impl_2686_0).
VERBOSE: Replacing 2 out of 13 node(s) with delegate (TfLiteXNNPackDelegate) node, yielding 3 partitions for subgraph 546 (XlaCallModule_odml.runtime_bmm.impl_2688_0).
VERBOSE: Replacing 2 out of 10 node(s) with delegate (TfLiteXNNPackDelegate) node, yielding 2 partitions for subgraph 547 (XlaCallModule_odml.runtime_bmm.impl_2694_0).
VERBOSE: Replacing 8 out of 8 node(s) with delegate (TfLiteXNNPackDelegate) node, yielding 1 partitions for subgraph 548 (XlaCallModule_odml.rms_norm.impl_2708_0).
VERBOSE: Replacing 8 out of 8 node(s) with delegate (TfLiteXNNPackDelegate) node, yielding 1 partitions for subgraph 549 (XlaCallModule_odml.rms_norm.impl_2710_0).
VERBOSE: Replacing 8 out of 8 node(s) with delegate (TfLiteXNNPackDelegate) node, yielding 1 partitions for subgraph 550 (XlaCallModule_odml.rms_norm.impl_2732_0).
VERBOSE: Replacing 8 out of 8 node(s) with delegate (TfLiteXNNPackDelegate) node, yielding 1 partitions for subgraph 551 (XlaCallModule_odml.rms_norm.impl_2748_0).
VERBOSE: Replacing 8 out of 8 node(s) with delegate (TfLiteXNNPackDelegate) node, yielding 1 partitions for subgraph 552 (XlaCallModule_odml.rms_norm.impl_2750_0).
VERBOSE: Replacing 8 out of 8 node(s) with delegate (TfLiteXNNPackDelegate) node, yielding 1 partitions for subgraph 553 (XlaCallModule_odml.rms_norm.impl_2758_0).
VERBOSE: Replacing 2 out of 13 node(s) with delegate (TfLiteXNNPackDelegate) node, yielding 3 partitions for subgraph 554 (XlaCallModule_odml.runtime_bmm.impl_2760_0).
VERBOSE: Replacing 2 out of 10 node(s) with delegate (TfLiteXNNPackDelegate) node, yielding 2 partitions for subgraph 555 (XlaCallModule_odml.runtime_bmm.impl_2766_0).
VERBOSE: Replacing 8 out of 8 node(s) with delegate (TfLiteXNNPackDelegate) node, yielding 1 partitions for subgraph 556 (XlaCallModule_odml.rms_norm.impl_2780_0).
VERBOSE: Replacing 8 out of 8 node(s) with delegate (TfLiteXNNPackDelegate) node, yielding 1 partitions for subgraph 557 (XlaCallModule_odml.rms_norm.impl_2782_0).
VERBOSE: Replacing 8 out of 8 node(s) with delegate (TfLiteXNNPackDelegate) node, yielding 1 partitions for subgraph 558 (XlaCallModule_odml.rms_norm.impl_2804_0).
VERBOSE: Replacing 8 out of 8 node(s) with delegate (TfLiteXNNPackDelegate) node, yielding 1 partitions for subgraph 559 (XlaCallModule_odml.rms_norm.impl_2820_0).
VERBOSE: Replacing 8 out of 8 node(s) with delegate (TfLiteXNNPackDelegate) node, yielding 1 partitions for subgraph 560 (XlaCallModule_odml.rms_norm.impl_2822_0).
VERBOSE: Replacing 8 out of 8 node(s) with delegate (TfLiteXNNPackDelegate) node, yielding 1 partitions for subgraph 561 (XlaCallModule_odml.rms_norm.impl_2830_0).
VERBOSE: Replacing 2 out of 2 node(s) with delegate (TfLiteXNNPackDelegate) node, yielding 1 partitions for subgraph 562 (XlaCallModule_odml.runtime_bmm.impl_2832_0).
VERBOSE: Replacing 2 out of 2 node(s) with delegate (TfLiteXNNPackDelegate) node, yielding 1 partitions for subgraph 563 (XlaCallModule_odml.runtime_bmm.impl_2836_0).
VERBOSE: Replacing 8 out of 8 node(s) with delegate (TfLiteXNNPackDelegate) node, yielding 1 partitions for subgraph 564 (XlaCallModule_odml.rms_norm.impl_2846_0).
VERBOSE: Replacing 8 out of 8 node(s) with delegate (TfLiteXNNPackDelegate) node, yielding 1 partitions for subgraph 565 (XlaCallModule_odml.rms_norm.impl_2848_0).
VERBOSE: Replacing 8 out of 8 node(s) with delegate (TfLiteXNNPackDelegate) node, yielding 1 partitions for subgraph 566 (XlaCallModule_odml.rms_norm.impl_2870_0).
VERBOSE: Replacing 8 out of 8 node(s) with delegate (TfLiteXNNPackDelegate) node, yielding 1 partitions for subgraph 567 (XlaCallModule_odml.rms_norm.impl_2886_0).
VERBOSE: Replacing 8 out of 8 node(s) with delegate (TfLiteXNNPackDelegate) node, yielding 1 partitions for subgraph 568 (XlaCallModule_odml.rms_norm.impl_2888_0).
VERBOSE: Replacing 8 out of 8 node(s) with delegate (TfLiteXNNPackDelegate) node, yielding 1 partitions for subgraph 569 (XlaCallModule_odml.rms_norm.impl_2896_0).
VERBOSE: Replacing 2 out of 13 node(s) with delegate (TfLiteXNNPackDelegate) node, yielding 3 partitions for subgraph 570 (XlaCallModule_odml.runtime_bmm.impl_2898_0).
VERBOSE: Replacing 2 out of 10 node(s) with delegate (TfLiteXNNPackDelegate) node, yielding 2 partitions for subgraph 571 (XlaCallModule_odml.runtime_bmm.impl_2904_0).
VERBOSE: Replacing 8 out of 8 node(s) with delegate (TfLiteXNNPackDelegate) node, yielding 1 partitions for subgraph 572 (XlaCallModule_odml.rms_norm.impl_2918_0).
VERBOSE: Replacing 8 out of 8 node(s) with delegate (TfLiteXNNPackDelegate) node, yielding 1 partitions for subgraph 573 (XlaCallModule_odml.rms_norm.impl_2920_0).
VERBOSE: Replacing 8 out of 8 node(s) with delegate (TfLiteXNNPackDelegate) node, yielding 1 partitions for subgraph 574 (XlaCallModule_odml.rms_norm.impl_2942_0).
VERBOSE: Replacing 8 out of 8 node(s) with delegate (TfLiteXNNPackDelegate) node, yielding 1 partitions for subgraph 575 (XlaCallModule_odml.rms_norm.impl_2958_0).
VERBOSE: Replacing 8 out of 8 node(s) with delegate (TfLiteXNNPackDelegate) node, yielding 1 partitions for subgraph 576 (XlaCallModule_odml.rms_norm.impl_2960_0).
VERBOSE: Replacing 8 out of 8 node(s) with delegate (TfLiteXNNPackDelegate) node, yielding 1 partitions for subgraph 577 (XlaCallModule_odml.rms_norm.impl_2968_0).
VERBOSE: Replacing 2 out of 13 node(s) with delegate (TfLiteXNNPackDelegate) node, yielding 3 partitions for subgraph 578 (XlaCallModule_odml.runtime_bmm.impl_2970_0).
VERBOSE: Replacing 2 out of 10 node(s) with delegate (TfLiteXNNPackDelegate) node, yielding 2 partitions for subgraph 579 (XlaCallModule_odml.runtime_bmm.impl_2976_0).
VERBOSE: Replacing 8 out of 8 node(s) with delegate (TfLiteXNNPackDelegate) node, yielding 1 partitions for subgraph 580 (XlaCallModule_odml.rms_norm.impl_2990_0).
VERBOSE: Replacing 8 out of 8 node(s) with delegate (TfLiteXNNPackDelegate) node, yielding 1 partitions for subgraph 581 (XlaCallModule_odml.rms_norm.impl_2992_0).
VERBOSE: Replacing 8 out of 8 node(s) with delegate (TfLiteXNNPackDelegate) node, yielding 1 partitions for subgraph 582 (XlaCallModule_odml.rms_norm.impl_3014_0).
VERBOSE: Replacing 8 out of 8 node(s) with delegate (TfLiteXNNPackDelegate) node, yielding 1 partitions for subgraph 583 (XlaCallModule_odml.rms_norm.impl_3030_0).
VERBOSE: Replacing 8 out of 8 node(s) with delegate (TfLiteXNNPackDelegate) node, yielding 1 partitions for subgraph 584 (XlaCallModule_odml.rms_norm.impl_3032_0).
VERBOSE: Replacing 8 out of 8 node(s) with delegate (TfLiteXNNPackDelegate) node, yielding 1 partitions for subgraph 585 (XlaCallModule_odml.rms_norm.impl_3040_0).
VERBOSE: Replacing 2 out of 13 node(s) with delegate (TfLiteXNNPackDelegate) node, yielding 3 partitions for subgraph 586 (XlaCallModule_odml.runtime_bmm.impl_3042_0).
VERBOSE: Replacing 2 out of 10 node(s) with delegate (TfLiteXNNPackDelegate) node, yielding 2 partitions for subgraph 587 (XlaCallModule_odml.runtime_bmm.impl_3048_0).
VERBOSE: Replacing 8 out of 8 node(s) with delegate (TfLiteXNNPackDelegate) node, yielding 1 partitions for subgraph 588 (XlaCallModule_odml.rms_norm.impl_3062_0).
VERBOSE: Replacing 8 out of 8 node(s) with delegate (TfLiteXNNPackDelegate) node, yielding 1 partitions for subgraph 589 (XlaCallModule_odml.rms_norm.impl_3064_0).
VERBOSE: Replacing 8 out of 8 node(s) with delegate (TfLiteXNNPackDelegate) node, yielding 1 partitions for subgraph 590 (XlaCallModule_odml.rms_norm.impl_3086_0).
VERBOSE: Replacing 8 out of 8 node(s) with delegate (TfLiteXNNPackDelegate) node, yielding 1 partitions for subgraph 591 (XlaCallModule_odml.rms_norm.impl_3102_0).
VERBOSE: Replacing 8 out of 8 node(s) with delegate (TfLiteXNNPackDelegate) node, yielding 1 partitions for subgraph 592 (XlaCallModule_odml.rms_norm.impl_3104_0).
VERBOSE: Replacing 8 out of 8 node(s) with delegate (TfLiteXNNPackDelegate) node, yielding 1 partitions for subgraph 593 (XlaCallModule_odml.rms_norm.impl_3112_0).
VERBOSE: Replacing 2 out of 13 node(s) with delegate (TfLiteXNNPackDelegate) node, yielding 3 partitions for subgraph 594 (XlaCallModule_odml.runtime_bmm.impl_3114_0).
VERBOSE: Replacing 2 out of 10 node(s) with delegate (TfLiteXNNPackDelegate) node, yielding 2 partitions for subgraph 595 (XlaCallModule_odml.runtime_bmm.impl_3120_0).
VERBOSE: Replacing 8 out of 8 node(s) with delegate (TfLiteXNNPackDelegate) node, yielding 1 partitions for subgraph 596 (XlaCallModule_odml.rms_norm.impl_3134_0).
VERBOSE: Replacing 8 out of 8 node(s) with delegate (TfLiteXNNPackDelegate) node, yielding 1 partitions for subgraph 597 (XlaCallModule_odml.rms_norm.impl_3136_0).
VERBOSE: Replacing 8 out of 8 node(s) with delegate (TfLiteXNNPackDelegate) node, yielding 1 partitions for subgraph 598 (XlaCallModule_odml.rms_norm.impl_3158_0).
VERBOSE: Replacing 8 out of 8 node(s) with delegate (TfLiteXNNPackDelegate) node, yielding 1 partitions for subgraph 599 (XlaCallModule_odml.rms_norm.impl_3174_0).
VERBOSE: Replacing 8 out of 8 node(s) with delegate (TfLiteXNNPackDelegate) node, yielding 1 partitions for subgraph 600 (XlaCallModule_odml.rms_norm.impl_3176_0).
VERBOSE: Replacing 8 out of 8 node(s) with delegate (TfLiteXNNPackDelegate) node, yielding 1 partitions for subgraph 601 (XlaCallModule_odml.rms_norm.impl_3184_0).
VERBOSE: Replacing 2 out of 2 node(s) with delegate (TfLiteXNNPackDelegate) node, yielding 1 partitions for subgraph 602 (XlaCallModule_odml.runtime_bmm.impl_3186_0).
VERBOSE: Replacing 2 out of 2 node(s) with delegate (TfLiteXNNPackDelegate) node, yielding 1 partitions for subgraph 603 (XlaCallModule_odml.runtime_bmm.impl_3190_0).
VERBOSE: Replacing 8 out of 8 node(s) with delegate (TfLiteXNNPackDelegate) node, yielding 1 partitions for subgraph 604 (XlaCallModule_odml.rms_norm.impl_3200_0).
VERBOSE: Replacing 8 out of 8 node(s) with delegate (TfLiteXNNPackDelegate) node, yielding 1 partitions for subgraph 605 (XlaCallModule_odml.rms_norm.impl_3202_0).
VERBOSE: Replacing 8 out of 8 node(s) with delegate (TfLiteXNNPackDelegate) node, yielding 1 partitions for subgraph 606 (XlaCallModule_odml.rms_norm.impl_3224_0).
VERBOSE: Replacing 8 out of 8 node(s) with delegate (TfLiteXNNPackDelegate) node, yielding 1 partitions for subgraph 607 (XlaCallModule_odml.rms_norm.impl_3240_0).
VERBOSE: Replacing 8 out of 8 node(s) with delegate (TfLiteXNNPackDelegate) node, yielding 1 partitions for subgraph 608 (XlaCallModule_odml.rms_norm.impl_3242_0).
VERBOSE: Replacing 8 out of 8 node(s) with delegate (TfLiteXNNPackDelegate) node, yielding 1 partitions for subgraph 609 (XlaCallModule_odml.rms_norm.impl_3250_0).
VERBOSE: Replacing 2 out of 13 node(s) with delegate (TfLiteXNNPackDelegate) node, yielding 3 partitions for subgraph 610 (XlaCallModule_odml.runtime_bmm.impl_3252_0).
VERBOSE: Replacing 2 out of 10 node(s) with delegate (TfLiteXNNPackDelegate) node, yielding 2 partitions for subgraph 611 (XlaCallModule_odml.runtime_bmm.impl_3258_0).
VERBOSE: Replacing 8 out of 8 node(s) with delegate (TfLiteXNNPackDelegate) node, yielding 1 partitions for subgraph 612 (XlaCallModule_odml.rms_norm.impl_3272_0).
VERBOSE: Replacing 8 out of 8 node(s) with delegate (TfLiteXNNPackDelegate) node, yielding 1 partitions for subgraph 613 (XlaCallModule_odml.rms_norm.impl_3274_0).
VERBOSE: Replacing 8 out of 8 node(s) with delegate (TfLiteXNNPackDelegate) node, yielding 1 partitions for subgraph 614 (XlaCallModule_odml.rms_norm.impl_3296_0).
VERBOSE: Replacing 8 out of 8 node(s) with delegate (TfLiteXNNPackDelegate) node, yielding 1 partitions for subgraph 615 (XlaCallModule_odml.rms_norm.impl_3312_0).
VERBOSE: Replacing 8 out of 8 node(s) with delegate (TfLiteXNNPackDelegate) node, yielding 1 partitions for subgraph 616 (XlaCallModule_odml.rms_norm.impl_3314_0).
VERBOSE: Replacing 8 out of 8 node(s) with delegate (TfLiteXNNPackDelegate) node, yielding 1 partitions for subgraph 617 (XlaCallModule_odml.rms_norm.impl_3322_0).
VERBOSE: Replacing 2 out of 13 node(s) with delegate (TfLiteXNNPackDelegate) node, yielding 3 partitions for subgraph 618 (XlaCallModule_odml.runtime_bmm.impl_3324_0).
VERBOSE: Replacing 2 out of 10 node(s) with delegate (TfLiteXNNPackDelegate) node, yielding 2 partitions for subgraph 619 (XlaCallModule_odml.runtime_bmm.impl_3330_0).
VERBOSE: Replacing 8 out of 8 node(s) with delegate (TfLiteXNNPackDelegate) node, yielding 1 partitions for subgraph 620 (XlaCallModule_odml.rms_norm.impl_3344_0).
VERBOSE: Replacing 8 out of 8 node(s) with delegate (TfLiteXNNPackDelegate) node, yielding 1 partitions for subgraph 621 (XlaCallModule_odml.rms_norm.impl_3346_0).
VERBOSE: Replacing 8 out of 8 node(s) with delegate (TfLiteXNNPackDelegate) node, yielding 1 partitions for subgraph 622 (XlaCallModule_odml.rms_norm.impl_3368_0).
VERBOSE: Replacing 8 out of 8 node(s) with delegate (TfLiteXNNPackDelegate) node, yielding 1 partitions for subgraph 623 (XlaCallModule_odml.rms_norm.impl_3384_0).
VERBOSE: Replacing 8 out of 8 node(s) with delegate (TfLiteXNNPackDelegate) node, yielding 1 partitions for subgraph 624 (XlaCallModule_odml.rms_norm.impl_3386_0).
VERBOSE: Replacing 8 out of 8 node(s) with delegate (TfLiteXNNPackDelegate) node, yielding 1 partitions for subgraph 625 (XlaCallModule_odml.rms_norm.impl_3394_0).
VERBOSE: Replacing 2 out of 13 node(s) with delegate (TfLiteXNNPackDelegate) node, yielding 3 partitions for subgraph 626 (XlaCallModule_odml.runtime_bmm.impl_3396_0).
VERBOSE: Replacing 2 out of 10 node(s) with delegate (TfLiteXNNPackDelegate) node, yielding 2 partitions for subgraph 627 (XlaCallModule_odml.runtime_bmm.impl_3402_0).
VERBOSE: Replacing 8 out of 8 node(s) with delegate (TfLiteXNNPackDelegate) node, yielding 1 partitions for subgraph 628 (XlaCallModule_odml.rms_norm.impl_3416_0).
VERBOSE: Replacing 8 out of 8 node(s) with delegate (TfLiteXNNPackDelegate) node, yielding 1 partitions for subgraph 629 (XlaCallModule_odml.rms_norm.impl_3418_0).
VERBOSE: Replacing 8 out of 8 node(s) with delegate (TfLiteXNNPackDelegate) node, yielding 1 partitions for subgraph 630 (XlaCallModule_odml.rms_norm.impl_3440_0).
VERBOSE: Replacing 8 out of 8 node(s) with delegate (TfLiteXNNPackDelegate) node, yielding 1 partitions for subgraph 631 (XlaCallModule_odml.rms_norm.impl_3456_0).
VERBOSE: Replacing 8 out of 8 node(s) with delegate (TfLiteXNNPackDelegate) node, yielding 1 partitions for subgraph 632 (XlaCallModule_odml.rms_norm.impl_3458_0).
VERBOSE: Replacing 8 out of 8 node(s) with delegate (TfLiteXNNPackDelegate) node, yielding 1 partitions for subgraph 633 (XlaCallModule_odml.rms_norm.impl_3466_0).
VERBOSE: Replacing 2 out of 13 node(s) with delegate (TfLiteXNNPackDelegate) node, yielding 3 partitions for subgraph 634 (XlaCallModule_odml.runtime_bmm.impl_3468_0).
VERBOSE: Replacing 2 out of 10 node(s) with delegate (TfLiteXNNPackDelegate) node, yielding 2 partitions for subgraph 635 (XlaCallModule_odml.runtime_bmm.impl_3474_0).
VERBOSE: Replacing 8 out of 8 node(s) with delegate (TfLiteXNNPackDelegate) node, yielding 1 partitions for subgraph 636 (XlaCallModule_odml.rms_norm.impl_3488_0).
VERBOSE: Replacing 8 out of 8 node(s) with delegate (TfLiteXNNPackDelegate) node, yielding 1 partitions for subgraph 637 (XlaCallModule_odml.rms_norm.impl_3490_0).
VERBOSE: Replacing 8 out of 8 node(s) with delegate (TfLiteXNNPackDelegate) node, yielding 1 partitions for subgraph 638 (XlaCallModule_odml.rms_norm.impl_3512_0).
VERBOSE: Replacing 8 out of 8 node(s) with delegate (TfLiteXNNPackDelegate) node, yielding 1 partitions for subgraph 639 (XlaCallModule_odml.rms_norm.impl_3528_0).
VERBOSE: Replacing 8 out of 8 node(s) with delegate (TfLiteXNNPackDelegate) node, yielding 1 partitions for subgraph 640 (XlaCallModule_odml.rms_norm.impl_3530_0).
VERBOSE: Replacing 8 out of 8 node(s) with delegate (TfLiteXNNPackDelegate) node, yielding 1 partitions for subgraph 641 (XlaCallModule_odml.rms_norm.impl_3538_0).
VERBOSE: Replacing 2 out of 2 node(s) with delegate (TfLiteXNNPackDelegate) node, yielding 1 partitions for subgraph 642 (XlaCallModule_odml.runtime_bmm.impl_3540_0).
VERBOSE: Replacing 2 out of 2 node(s) with delegate (TfLiteXNNPackDelegate) node, yielding 1 partitions for subgraph 643 (XlaCallModule_odml.runtime_bmm.impl_3544_0).
VERBOSE: Replacing 8 out of 8 node(s) with delegate (TfLiteXNNPackDelegate) node, yielding 1 partitions for subgraph 644 (XlaCallModule_odml.rms_norm.impl_3554_0).
VERBOSE: Replacing 8 out of 8 node(s) with delegate (TfLiteXNNPackDelegate) node, yielding 1 partitions for subgraph 645 (XlaCallModule_odml.rms_norm.impl_3556_0).
VERBOSE: Replacing 8 out of 8 node(s) with delegate (TfLiteXNNPackDelegate) node, yielding 1 partitions for subgraph 646 (XlaCallModule_odml.rms_norm.impl_3578_0).
VERBOSE: Replacing 8 out of 8 node(s) with delegate (TfLiteXNNPackDelegate) node, yielding 1 partitions for subgraph 647 (XlaCallModule_odml.rms_norm.impl_3594_0).
VERBOSE: Replacing 8 out of 8 node(s) with delegate (TfLiteXNNPackDelegate) node, yielding 1 partitions for subgraph 648 (XlaCallModule_odml.rms_norm.impl_3597_0).
VERBOSE: Replacing 8 out of 8 node(s) with delegate (TfLiteXNNPackDelegate) node, yielding 1 partitions for subgraph 649 (XlaCallModule_odml.rms_norm.impl_3).
VERBOSE: Replacing 7 out of 7 node(s) with delegate (TfLiteXNNPackDelegate) node, yielding 1 partitions for subgraph 650 (XlaCallModule_odml.rms_norm.impl_204_3).
VERBOSE: Replacing 8 out of 8 node(s) with delegate (TfLiteXNNPackDelegate) node, yielding 1 partitions for subgraph 651 (XlaCallModule_odml.rms_norm.impl_286_0).
VERBOSE: Replacing 7 out of 7 node(s) with delegate (TfLiteXNNPackDelegate) node, yielding 1 partitions for subgraph 652 (XlaCallModule_odml.rms_norm.impl_296_0).
VERBOSE: Replacing 7 out of 7 node(s) with delegate (TfLiteXNNPackDelegate) node, yielding 1 partitions for subgraph 653 (XlaCallModule_odml.rms_norm.impl_305_0).
VERBOSE: Replacing 3 out of 5 node(s) with delegate (TfLiteXNNPackDelegate) node, yielding 4 partitions for subgraph 654 (XlaCallModule_odml.cache_update.impl_3).
VERBOSE: Replacing 2 out of 13 node(s) with delegate (TfLiteXNNPackDelegate) node, yielding 3 partitions for subgraph 655 (XlaCallModule_odml.runtime_bmm.impl_3).
VERBOSE: Replacing 2 out of 10 node(s) with delegate (TfLiteXNNPackDelegate) node, yielding 2 partitions for subgraph 656 (XlaCallModule_odml.runtime_bmm.impl_399_0).
VERBOSE: Replacing 7 out of 7 node(s) with delegate (TfLiteXNNPackDelegate) node, yielding 1 partitions for subgraph 657 (XlaCallModule_odml.rms_norm.impl_450_0).
VERBOSE: Replacing 7 out of 7 node(s) with delegate (TfLiteXNNPackDelegate) node, yielding 1 partitions for subgraph 658 (XlaCallModule_odml.rms_norm.impl_453_0).
VERBOSE: Replacing 7 out of 7 node(s) with delegate (TfLiteXNNPackDelegate) node, yielding 1 partitions for subgraph 659 (XlaCallModule_odml.rms_norm.impl_514_0).
VERBOSE: Replacing 7 out of 7 node(s) with delegate (TfLiteXNNPackDelegate) node, yielding 1 partitions for subgraph 660 (XlaCallModule_odml.rms_norm.impl_561_0).
VERBOSE: Replacing 7 out of 7 node(s) with delegate (TfLiteXNNPackDelegate) node, yielding 1 partitions for subgraph 661 (XlaCallModule_odml.rms_norm.impl_565_0).
VERBOSE: Replacing 8 out of 8 node(s) with delegate (TfLiteXNNPackDelegate) node, yielding 1 partitions for subgraph 662 (XlaCallModule_odml.rms_norm.impl_585_0).
VERBOSE: Replacing 7 out of 7 node(s) with delegate (TfLiteXNNPackDelegate) node, yielding 1 partitions for subgraph 663 (XlaCallModule_odml.rms_norm.impl_587_0).
VERBOSE: Replacing 7 out of 7 node(s) with delegate (TfLiteXNNPackDelegate) node, yielding 1 partitions for subgraph 664 (XlaCallModule_odml.rms_norm.impl_589_0).
VERBOSE: Replacing 3 out of 5 node(s) with delegate (TfLiteXNNPackDelegate) node, yielding 4 partitions for subgraph 665 (XlaCallModule_odml.cache_update.impl_591_0).
VERBOSE: Replacing 2 out of 13 node(s) with delegate (TfLiteXNNPackDelegate) node, yielding 3 partitions for subgraph 666 (XlaCallModule_odml.runtime_bmm.impl_605_0).
VERBOSE: Replacing 2 out of 10 node(s) with delegate (TfLiteXNNPackDelegate) node, yielding 2 partitions for subgraph 667 (XlaCallModule_odml.runtime_bmm.impl_611_0).
VERBOSE: Replacing 7 out of 7 node(s) with delegate (TfLiteXNNPackDelegate) node, yielding 1 partitions for subgraph 668 (XlaCallModule_odml.rms_norm.impl_625_0).
VERBOSE: Replacing 7 out of 7 node(s) with delegate (TfLiteXNNPackDelegate) node, yielding 1 partitions for subgraph 669 (XlaCallModule_odml.rms_norm.impl_627_0).
VERBOSE: Replacing 7 out of 7 node(s) with delegate (TfLiteXNNPackDelegate) node, yielding 1 partitions for subgraph 670 (XlaCallModule_odml.rms_norm.impl_649_0).
VERBOSE: Replacing 7 out of 7 node(s) with delegate (TfLiteXNNPackDelegate) node, yielding 1 partitions for subgraph 671 (XlaCallModule_odml.rms_norm.impl_665_0).
VERBOSE: Replacing 7 out of 7 node(s) with delegate (TfLiteXNNPackDelegate) node, yielding 1 partitions for subgraph 672 (XlaCallModule_odml.rms_norm.impl_667_0).
VERBOSE: Replacing 8 out of 8 node(s) with delegate (TfLiteXNNPackDelegate) node, yielding 1 partitions for subgraph 673 (XlaCallModule_odml.rms_norm.impl_687_0).
VERBOSE: Replacing 7 out of 7 node(s) with delegate (TfLiteXNNPackDelegate) node, yielding 1 partitions for subgraph 674 (XlaCallModule_odml.rms_norm.impl_689_0).
VERBOSE: Replacing 7 out of 7 node(s) with delegate (TfLiteXNNPackDelegate) node, yielding 1 partitions for subgraph 675 (XlaCallModule_odml.rms_norm.impl_691_0).
VERBOSE: Replacing 3 out of 5 node(s) with delegate (TfLiteXNNPackDelegate) node, yielding 4 partitions for subgraph 676 (XlaCallModule_odml.cache_update.impl_693_0).
VERBOSE: Replacing 2 out of 13 node(s) with delegate (TfLiteXNNPackDelegate) node, yielding 3 partitions for subgraph 677 (XlaCallModule_odml.runtime_bmm.impl_707_0).
VERBOSE: Replacing 2 out of 10 node(s) with delegate (TfLiteXNNPackDelegate) node, yielding 2 partitions for subgraph 678 (XlaCallModule_odml.runtime_bmm.impl_713_0).
VERBOSE: Replacing 7 out of 7 node(s) with delegate (TfLiteXNNPackDelegate) node, yielding 1 partitions for subgraph 679 (XlaCallModule_odml.rms_norm.impl_727_0).
VERBOSE: Replacing 7 out of 7 node(s) with delegate (TfLiteXNNPackDelegate) node, yielding 1 partitions for subgraph 680 (XlaCallModule_odml.rms_norm.impl_729_0).
VERBOSE: Replacing 7 out of 7 node(s) with delegate (TfLiteXNNPackDelegate) node, yielding 1 partitions for subgraph 681 (XlaCallModule_odml.rms_norm.impl_751_0).
VERBOSE: Replacing 7 out of 7 node(s) with delegate (TfLiteXNNPackDelegate) node, yielding 1 partitions for subgraph 682 (XlaCallModule_odml.rms_norm.impl_767_0).
VERBOSE: Replacing 7 out of 7 node(s) with delegate (TfLiteXNNPackDelegate) node, yielding 1 partitions for subgraph 683 (XlaCallModule_odml.rms_norm.impl_769_0).
VERBOSE: Replacing 8 out of 8 node(s) with delegate (TfLiteXNNPackDelegate) node, yielding 1 partitions for subgraph 684 (XlaCallModule_odml.rms_norm.impl_789_0).
VERBOSE: Replacing 7 out of 7 node(s) with delegate (TfLiteXNNPackDelegate) node, yielding 1 partitions for subgraph 685 (XlaCallModule_odml.rms_norm.impl_791_0).
VERBOSE: Replacing 7 out of 7 node(s) with delegate (TfLiteXNNPackDelegate) node, yielding 1 partitions for subgraph 686 (XlaCallModule_odml.rms_norm.impl_793_0).
VERBOSE: Replacing 3 out of 5 node(s) with delegate (TfLiteXNNPackDelegate) node, yielding 4 partitions for subgraph 687 (XlaCallModule_odml.cache_update.impl_795_0).
VERBOSE: Replacing 2 out of 13 node(s) with delegate (TfLiteXNNPackDelegate) node, yielding 3 partitions for subgraph 688 (XlaCallModule_odml.runtime_bmm.impl_809_0).
VERBOSE: Replacing 2 out of 10 node(s) with delegate (TfLiteXNNPackDelegate) node, yielding 2 partitions for subgraph 689 (XlaCallModule_odml.runtime_bmm.impl_815_0).
VERBOSE: Replacing 7 out of 7 node(s) with delegate (TfLiteXNNPackDelegate) node, yielding 1 partitions for subgraph 690 (XlaCallModule_odml.rms_norm.impl_829_0).
VERBOSE: Replacing 7 out of 7 node(s) with delegate (TfLiteXNNPackDelegate) node, yielding 1 partitions for subgraph 691 (XlaCallModule_odml.rms_norm.impl_831_0).
VERBOSE: Replacing 7 out of 7 node(s) with delegate (TfLiteXNNPackDelegate) node, yielding 1 partitions for subgraph 692 (XlaCallModule_odml.rms_norm.impl_853_0).
VERBOSE: Replacing 7 out of 7 node(s) with delegate (TfLiteXNNPackDelegate) node, yielding 1 partitions for subgraph 693 (XlaCallModule_odml.rms_norm.impl_869_0).
VERBOSE: Replacing 7 out of 7 node(s) with delegate (TfLiteXNNPackDelegate) node, yielding 1 partitions for subgraph 694 (XlaCallModule_odml.rms_norm.impl_871_0).
VERBOSE: Replacing 8 out of 8 node(s) with delegate (TfLiteXNNPackDelegate) node, yielding 1 partitions for subgraph 695 (XlaCallModule_odml.rms_norm.impl_945_0).
VERBOSE: Replacing 7 out of 7 node(s) with delegate (TfLiteXNNPackDelegate) node, yielding 1 partitions for subgraph 696 (XlaCallModule_odml.rms_norm.impl_954_0).
VERBOSE: Replacing 7 out of 7 node(s) with delegate (TfLiteXNNPackDelegate) node, yielding 1 partitions for subgraph 697 (XlaCallModule_odml.rms_norm.impl_961_0).
VERBOSE: Replacing 3 out of 5 node(s) with delegate (TfLiteXNNPackDelegate) node, yielding 4 partitions for subgraph 698 (XlaCallModule_odml.cache_update.impl_980_0).
VERBOSE: Replacing 2 out of 2 node(s) with delegate (TfLiteXNNPackDelegate) node, yielding 1 partitions for subgraph 699 (XlaCallModule_odml.runtime_bmm.impl_1020_0).
VERBOSE: Replacing 2 out of 2 node(s) with delegate (TfLiteXNNPackDelegate) node, yielding 1 partitions for subgraph 700 (XlaCallModule_odml.runtime_bmm.impl_1025_0).
VERBOSE: Replacing 7 out of 7 node(s) with delegate (TfLiteXNNPackDelegate) node, yielding 1 partitions for subgraph 701 (XlaCallModule_odml.rms_norm.impl_1067_0).
VERBOSE: Replacing 7 out of 7 node(s) with delegate (TfLiteXNNPackDelegate) node, yielding 1 partitions for subgraph 702 (XlaCallModule_odml.rms_norm.impl_1069_0).
VERBOSE: Replacing 7 out of 7 node(s) with delegate (TfLiteXNNPackDelegate) node, yielding 1 partitions for subgraph 703 (XlaCallModule_odml.rms_norm.impl_1091_2).
VERBOSE: Replacing 7 out of 7 node(s) with delegate (TfLiteXNNPackDelegate) node, yielding 1 partitions for subgraph 704 (XlaCallModule_odml.rms_norm.impl_1107_0).
VERBOSE: Replacing 7 out of 7 node(s) with delegate (TfLiteXNNPackDelegate) node, yielding 1 partitions for subgraph 705 (XlaCallModule_odml.rms_norm.impl_1109_0).
VERBOSE: Replacing 8 out of 8 node(s) with delegate (TfLiteXNNPackDelegate) node, yielding 1 partitions for subgraph 706 (XlaCallModule_odml.rms_norm.impl_1129_2).
VERBOSE: Replacing 7 out of 7 node(s) with delegate (TfLiteXNNPackDelegate) node, yielding 1 partitions for subgraph 707 (XlaCallModule_odml.rms_norm.impl_1131_2).
VERBOSE: Replacing 7 out of 7 node(s) with delegate (TfLiteXNNPackDelegate) node, yielding 1 partitions for subgraph 708 (XlaCallModule_odml.rms_norm.impl_1133_0).
VERBOSE: Replacing 3 out of 5 node(s) with delegate (TfLiteXNNPackDelegate) node, yielding 4 partitions for subgraph 709 (XlaCallModule_odml.cache_update.impl_1135_0).
VERBOSE: Replacing 2 out of 13 node(s) with delegate (TfLiteXNNPackDelegate) node, yielding 3 partitions for subgraph 710 (XlaCallModule_odml.runtime_bmm.impl_1149_0).
VERBOSE: Replacing 2 out of 10 node(s) with delegate (TfLiteXNNPackDelegate) node, yielding 2 partitions for subgraph 711 (XlaCallModule_odml.runtime_bmm.impl_1155_0).
VERBOSE: Replacing 7 out of 7 node(s) with delegate (TfLiteXNNPackDelegate) node, yielding 1 partitions for subgraph 712 (XlaCallModule_odml.rms_norm.impl_1169_0).
VERBOSE: Replacing 7 out of 7 node(s) with delegate (TfLiteXNNPackDelegate) node, yielding 1 partitions for subgraph 713 (XlaCallModule_odml.rms_norm.impl_1171_0).
VERBOSE: Replacing 7 out of 7 node(s) with delegate (TfLiteXNNPackDelegate) node, yielding 1 partitions for subgraph 714 (XlaCallModule_odml.rms_norm.impl_1193_2).
VERBOSE: Replacing 7 out of 7 node(s) with delegate (TfLiteXNNPackDelegate) node, yielding 1 partitions for subgraph 715 (XlaCallModule_odml.rms_norm.impl_1209_0).
VERBOSE: Replacing 7 out of 7 node(s) with delegate (TfLiteXNNPackDelegate) node, yielding 1 partitions for subgraph 716 (XlaCallModule_odml.rms_norm.impl_1211_0).
VERBOSE: Replacing 8 out of 8 node(s) with delegate (TfLiteXNNPackDelegate) node, yielding 1 partitions for subgraph 717 (XlaCallModule_odml.rms_norm.impl_1231_2).
VERBOSE: Replacing 7 out of 7 node(s) with delegate (TfLiteXNNPackDelegate) node, yielding 1 partitions for subgraph 718 (XlaCallModule_odml.rms_norm.impl_1233_2).
VERBOSE: Replacing 7 out of 7 node(s) with delegate (TfLiteXNNPackDelegate) node, yielding 1 partitions for subgraph 719 (XlaCallModule_odml.rms_norm.impl_1235_0).
VERBOSE: Replacing 3 out of 5 node(s) with delegate (TfLiteXNNPackDelegate) node, yielding 4 partitions for subgraph 720 (XlaCallModule_odml.cache_update.impl_1237_0).
VERBOSE: Replacing 2 out of 13 node(s) with delegate (TfLiteXNNPackDelegate) node, yielding 3 partitions for subgraph 721 (XlaCallModule_odml.runtime_bmm.impl_1251_0).
VERBOSE: Replacing 2 out of 10 node(s) with delegate (TfLiteXNNPackDelegate) node, yielding 2 partitions for subgraph 722 (XlaCallModule_odml.runtime_bmm.impl_1257_0).
VERBOSE: Replacing 7 out of 7 node(s) with delegate (TfLiteXNNPackDelegate) node, yielding 1 partitions for subgraph 723 (XlaCallModule_odml.rms_norm.impl_1271_0).
VERBOSE: Replacing 7 out of 7 node(s) with delegate (TfLiteXNNPackDelegate) node, yielding 1 partitions for subgraph 724 (XlaCallModule_odml.rms_norm.impl_1273_0).
VERBOSE: Replacing 7 out of 7 node(s) with delegate (TfLiteXNNPackDelegate) node, yielding 1 partitions for subgraph 725 (XlaCallModule_odml.rms_norm.impl_1295_2).
VERBOSE: Replacing 7 out of 7 node(s) with delegate (TfLiteXNNPackDelegate) node, yielding 1 partitions for subgraph 726 (XlaCallModule_odml.rms_norm.impl_1311_0).
VERBOSE: Replacing 7 out of 7 node(s) with delegate (TfLiteXNNPackDelegate) node, yielding 1 partitions for subgraph 727 (XlaCallModule_odml.rms_norm.impl_1313_0).
VERBOSE: Replacing 8 out of 8 node(s) with delegate (TfLiteXNNPackDelegate) node, yielding 1 partitions for subgraph 728 (XlaCallModule_odml.rms_norm.impl_1333_2).
VERBOSE: Replacing 7 out of 7 node(s) with delegate (TfLiteXNNPackDelegate) node, yielding 1 partitions for subgraph 729 (XlaCallModule_odml.rms_norm.impl_1335_2).
VERBOSE: Replacing 7 out of 7 node(s) with delegate (TfLiteXNNPackDelegate) node, yielding 1 partitions for subgraph 730 (XlaCallModule_odml.rms_norm.impl_1337_0).
VERBOSE: Replacing 3 out of 5 node(s) with delegate (TfLiteXNNPackDelegate) node, yielding 4 partitions for subgraph 731 (XlaCallModule_odml.cache_update.impl_1339_0).
VERBOSE: Replacing 2 out of 13 node(s) with delegate (TfLiteXNNPackDelegate) node, yielding 3 partitions for subgraph 732 (XlaCallModule_odml.runtime_bmm.impl_1353_0).
VERBOSE: Replacing 2 out of 10 node(s) with delegate (TfLiteXNNPackDelegate) node, yielding 2 partitions for subgraph 733 (XlaCallModule_odml.runtime_bmm.impl_1359_0).
VERBOSE: Replacing 7 out of 7 node(s) with delegate (TfLiteXNNPackDelegate) node, yielding 1 partitions for subgraph 734 (XlaCallModule_odml.rms_norm.impl_1373_0).
VERBOSE: Replacing 7 out of 7 node(s) with delegate (TfLiteXNNPackDelegate) node, yielding 1 partitions for subgraph 735 (XlaCallModule_odml.rms_norm.impl_1375_0).
VERBOSE: Replacing 7 out of 7 node(s) with delegate (TfLiteXNNPackDelegate) node, yielding 1 partitions for subgraph 736 (XlaCallModule_odml.rms_norm.impl_1397_2).
VERBOSE: Replacing 7 out of 7 node(s) with delegate (TfLiteXNNPackDelegate) node, yielding 1 partitions for subgraph 737 (XlaCallModule_odml.rms_norm.impl_1413_0).
VERBOSE: Replacing 7 out of 7 node(s) with delegate (TfLiteXNNPackDelegate) node, yielding 1 partitions for subgraph 738 (XlaCallModule_odml.rms_norm.impl_1415_0).
VERBOSE: Replacing 8 out of 8 node(s) with delegate (TfLiteXNNPackDelegate) node, yielding 1 partitions for subgraph 739 (XlaCallModule_odml.rms_norm.impl_1435_2).
VERBOSE: Replacing 7 out of 7 node(s) with delegate (TfLiteXNNPackDelegate) node, yielding 1 partitions for subgraph 740 (XlaCallModule_odml.rms_norm.impl_1437_2).
VERBOSE: Replacing 7 out of 7 node(s) with delegate (TfLiteXNNPackDelegate) node, yielding 1 partitions for subgraph 741 (XlaCallModule_odml.rms_norm.impl_1439_0).
VERBOSE: Replacing 3 out of 5 node(s) with delegate (TfLiteXNNPackDelegate) node, yielding 4 partitions for subgraph 742 (XlaCallModule_odml.cache_update.impl_1441_0).
VERBOSE: Replacing 2 out of 13 node(s) with delegate (TfLiteXNNPackDelegate) node, yielding 3 partitions for subgraph 743 (XlaCallModule_odml.runtime_bmm.impl_1455_0).
VERBOSE: Replacing 2 out of 10 node(s) with delegate (TfLiteXNNPackDelegate) node, yielding 2 partitions for subgraph 744 (XlaCallModule_odml.runtime_bmm.impl_1461_0).
VERBOSE: Replacing 7 out of 7 node(s) with delegate (TfLiteXNNPackDelegate) node, yielding 1 partitions for subgraph 745 (XlaCallModule_odml.rms_norm.impl_1475_0).
VERBOSE: Replacing 7 out of 7 node(s) with delegate (TfLiteXNNPackDelegate) node, yielding 1 partitions for subgraph 746 (XlaCallModule_odml.rms_norm.impl_1477_0).
VERBOSE: Replacing 7 out of 7 node(s) with delegate (TfLiteXNNPackDelegate) node, yielding 1 partitions for subgraph 747 (XlaCallModule_odml.rms_norm.impl_1499_2).
VERBOSE: Replacing 7 out of 7 node(s) with delegate (TfLiteXNNPackDelegate) node, yielding 1 partitions for subgraph 748 (XlaCallModule_odml.rms_norm.impl_1515_0).
VERBOSE: Replacing 7 out of 7 node(s) with delegate (TfLiteXNNPackDelegate) node, yielding 1 partitions for subgraph 749 (XlaCallModule_odml.rms_norm.impl_1517_0).
VERBOSE: Replacing 8 out of 8 node(s) with delegate (TfLiteXNNPackDelegate) node, yielding 1 partitions for subgraph 750 (XlaCallModule_odml.rms_norm.impl_1537_2).
VERBOSE: Replacing 7 out of 7 node(s) with delegate (TfLiteXNNPackDelegate) node, yielding 1 partitions for subgraph 751 (XlaCallModule_odml.rms_norm.impl_1539_2).
VERBOSE: Replacing 7 out of 7 node(s) with delegate (TfLiteXNNPackDelegate) node, yielding 1 partitions for subgraph 752 (XlaCallModule_odml.rms_norm.impl_1541_0).
VERBOSE: Replacing 3 out of 5 node(s) with delegate (TfLiteXNNPackDelegate) node, yielding 4 partitions for subgraph 753 (XlaCallModule_odml.cache_update.impl_1543_0).
VERBOSE: Replacing 2 out of 2 node(s) with delegate (TfLiteXNNPackDelegate) node, yielding 1 partitions for subgraph 754 (XlaCallModule_odml.runtime_bmm.impl_1557_0).
VERBOSE: Replacing 2 out of 2 node(s) with delegate (TfLiteXNNPackDelegate) node, yielding 1 partitions for subgraph 755 (XlaCallModule_odml.runtime_bmm.impl_1561_0).
VERBOSE: Replacing 7 out of 7 node(s) with delegate (TfLiteXNNPackDelegate) node, yielding 1 partitions for subgraph 756 (XlaCallModule_odml.rms_norm.impl_1571_0).
VERBOSE: Replacing 7 out of 7 node(s) with delegate (TfLiteXNNPackDelegate) node, yielding 1 partitions for subgraph 757 (XlaCallModule_odml.rms_norm.impl_1573_0).
VERBOSE: Replacing 7 out of 7 node(s) with delegate (TfLiteXNNPackDelegate) node, yielding 1 partitions for subgraph 758 (XlaCallModule_odml.rms_norm.impl_1595_2).
VERBOSE: Replacing 7 out of 7 node(s) with delegate (TfLiteXNNPackDelegate) node, yielding 1 partitions for subgraph 759 (XlaCallModule_odml.rms_norm.impl_1611_0).
VERBOSE: Replacing 7 out of 7 node(s) with delegate (TfLiteXNNPackDelegate) node, yielding 1 partitions for subgraph 760 (XlaCallModule_odml.rms_norm.impl_1613_0).
VERBOSE: Replacing 8 out of 8 node(s) with delegate (TfLiteXNNPackDelegate) node, yielding 1 partitions for subgraph 761 (XlaCallModule_odml.rms_norm.impl_1633_2).
VERBOSE: Replacing 7 out of 7 node(s) with delegate (TfLiteXNNPackDelegate) node, yielding 1 partitions for subgraph 762 (XlaCallModule_odml.rms_norm.impl_1635_2).
VERBOSE: Replacing 7 out of 7 node(s) with delegate (TfLiteXNNPackDelegate) node, yielding 1 partitions for subgraph 763 (XlaCallModule_odml.rms_norm.impl_1637_0).
VERBOSE: Replacing 3 out of 5 node(s) with delegate (TfLiteXNNPackDelegate) node, yielding 4 partitions for subgraph 764 (XlaCallModule_odml.cache_update.impl_1639_0).
VERBOSE: Replacing 2 out of 13 node(s) with delegate (TfLiteXNNPackDelegate) node, yielding 3 partitions for subgraph 765 (XlaCallModule_odml.runtime_bmm.impl_1653_0).
VERBOSE: Replacing 2 out of 10 node(s) with delegate (TfLiteXNNPackDelegate) node, yielding 2 partitions for subgraph 766 (XlaCallModule_odml.runtime_bmm.impl_1659_0).
VERBOSE: Replacing 7 out of 7 node(s) with delegate (TfLiteXNNPackDelegate) node, yielding 1 partitions for subgraph 767 (XlaCallModule_odml.rms_norm.impl_1673_0).
VERBOSE: Replacing 7 out of 7 node(s) with delegate (TfLiteXNNPackDelegate) node, yielding 1 partitions for subgraph 768 (XlaCallModule_odml.rms_norm.impl_1675_0).
VERBOSE: Replacing 7 out of 7 node(s) with delegate (TfLiteXNNPackDelegate) node, yielding 1 partitions for subgraph 769 (XlaCallModule_odml.rms_norm.impl_1697_2).
VERBOSE: Replacing 7 out of 7 node(s) with delegate (TfLiteXNNPackDelegate) node, yielding 1 partitions for subgraph 770 (XlaCallModule_odml.rms_norm.impl_1713_0).
VERBOSE: Replacing 7 out of 7 node(s) with delegate (TfLiteXNNPackDelegate) node, yielding 1 partitions for subgraph 771 (XlaCallModule_odml.rms_norm.impl_1715_0).
VERBOSE: Replacing 8 out of 8 node(s) with delegate (TfLiteXNNPackDelegate) node, yielding 1 partitions for subgraph 772 (XlaCallModule_odml.rms_norm.impl_1735_2).
VERBOSE: Replacing 7 out of 7 node(s) with delegate (TfLiteXNNPackDelegate) node, yielding 1 partitions for subgraph 773 (XlaCallModule_odml.rms_norm.impl_1737_2).
VERBOSE: Replacing 7 out of 7 node(s) with delegate (TfLiteXNNPackDelegate) node, yielding 1 partitions for subgraph 774 (XlaCallModule_odml.rms_norm.impl_1739_0).
VERBOSE: Replacing 3 out of 5 node(s) with delegate (TfLiteXNNPackDelegate) node, yielding 4 partitions for subgraph 775 (XlaCallModule_odml.cache_update.impl_1741_0).
VERBOSE: Replacing 2 out of 13 node(s) with delegate (TfLiteXNNPackDelegate) node, yielding 3 partitions for subgraph 776 (XlaCallModule_odml.runtime_bmm.impl_1755_0).
VERBOSE: Replacing 2 out of 10 node(s) with delegate (TfLiteXNNPackDelegate) node, yielding 2 partitions for subgraph 777 (XlaCallModule_odml.runtime_bmm.impl_1761_0).
VERBOSE: Replacing 7 out of 7 node(s) with delegate (TfLiteXNNPackDelegate) node, yielding 1 partitions for subgraph 778 (XlaCallModule_odml.rms_norm.impl_1775_0).
VERBOSE: Replacing 7 out of 7 node(s) with delegate (TfLiteXNNPackDelegate) node, yielding 1 partitions for subgraph 779 (XlaCallModule_odml.rms_norm.impl_1777_0).
VERBOSE: Replacing 7 out of 7 node(s) with delegate (TfLiteXNNPackDelegate) node, yielding 1 partitions for subgraph 780 (XlaCallModule_odml.rms_norm.impl_1799_2).
VERBOSE: Replacing 7 out of 7 node(s) with delegate (TfLiteXNNPackDelegate) node, yielding 1 partitions for subgraph 781 (XlaCallModule_odml.rms_norm.impl_1815_0).
VERBOSE: Replacing 7 out of 7 node(s) with delegate (TfLiteXNNPackDelegate) node, yielding 1 partitions for subgraph 782 (XlaCallModule_odml.rms_norm.impl_1817_0).
VERBOSE: Replacing 8 out of 8 node(s) with delegate (TfLiteXNNPackDelegate) node, yielding 1 partitions for subgraph 783 (XlaCallModule_odml.rms_norm.impl_1837_2).
VERBOSE: Replacing 7 out of 7 node(s) with delegate (TfLiteXNNPackDelegate) node, yielding 1 partitions for subgraph 784 (XlaCallModule_odml.rms_norm.impl_1839_2).
VERBOSE: Replacing 7 out of 7 node(s) with delegate (TfLiteXNNPackDelegate) node, yielding 1 partitions for subgraph 785 (XlaCallModule_odml.rms_norm.impl_1841_0).
VERBOSE: Replacing 3 out of 5 node(s) with delegate (TfLiteXNNPackDelegate) node, yielding 4 partitions for subgraph 786 (XlaCallModule_odml.cache_update.impl_1843_0).
VERBOSE: Replacing 2 out of 13 node(s) with delegate (TfLiteXNNPackDelegate) node, yielding 3 partitions for subgraph 787 (XlaCallModule_odml.runtime_bmm.impl_1857_0).
VERBOSE: Replacing 2 out of 10 node(s) with delegate (TfLiteXNNPackDelegate) node, yielding 2 partitions for subgraph 788 (XlaCallModule_odml.runtime_bmm.impl_1863_0).
VERBOSE: Replacing 7 out of 7 node(s) with delegate (TfLiteXNNPackDelegate) node, yielding 1 partitions for subgraph 789 (XlaCallModule_odml.rms_norm.impl_1877_0).
VERBOSE: Replacing 7 out of 7 node(s) with delegate (TfLiteXNNPackDelegate) node, yielding 1 partitions for subgraph 790 (XlaCallModule_odml.rms_norm.impl_1879_0).
VERBOSE: Replacing 7 out of 7 node(s) with delegate (TfLiteXNNPackDelegate) node, yielding 1 partitions for subgraph 791 (XlaCallModule_odml.rms_norm.impl_1901_2).
VERBOSE: Replacing 7 out of 7 node(s) with delegate (TfLiteXNNPackDelegate) node, yielding 1 partitions for subgraph 792 (XlaCallModule_odml.rms_norm.impl_1917_0).
VERBOSE: Replacing 7 out of 7 node(s) with delegate (TfLiteXNNPackDelegate) node, yielding 1 partitions for subgraph 793 (XlaCallModule_odml.rms_norm.impl_1919_0).
VERBOSE: Replacing 8 out of 8 node(s) with delegate (TfLiteXNNPackDelegate) node, yielding 1 partitions for subgraph 794 (XlaCallModule_odml.rms_norm.impl_1939_2).
VERBOSE: Replacing 7 out of 7 node(s) with delegate (TfLiteXNNPackDelegate) node, yielding 1 partitions for subgraph 795 (XlaCallModule_odml.rms_norm.impl_1941_2).
VERBOSE: Replacing 7 out of 7 node(s) with delegate (TfLiteXNNPackDelegate) node, yielding 1 partitions for subgraph 796 (XlaCallModule_odml.rms_norm.impl_1943_0).
VERBOSE: Replacing 3 out of 5 node(s) with delegate (TfLiteXNNPackDelegate) node, yielding 4 partitions for subgraph 797 (XlaCallModule_odml.cache_update.impl_1945_0).
VERBOSE: Replacing 2 out of 13 node(s) with delegate (TfLiteXNNPackDelegate) node, yielding 3 partitions for subgraph 798 (XlaCallModule_odml.runtime_bmm.impl_1959_0).
VERBOSE: Replacing 2 out of 10 node(s) with delegate (TfLiteXNNPackDelegate) node, yielding 2 partitions for subgraph 799 (XlaCallModule_odml.runtime_bmm.impl_1965_0).
VERBOSE: Replacing 7 out of 7 node(s) with delegate (TfLiteXNNPackDelegate) node, yielding 1 partitions for subgraph 800 (XlaCallModule_odml.rms_norm.impl_1979_0).
VERBOSE: Replacing 7 out of 7 node(s) with delegate (TfLiteXNNPackDelegate) node, yielding 1 partitions for subgraph 801 (XlaCallModule_odml.rms_norm.impl_1981_0).
VERBOSE: Replacing 7 out of 7 node(s) with delegate (TfLiteXNNPackDelegate) node, yielding 1 partitions for subgraph 802 (XlaCallModule_odml.rms_norm.impl_2003_2).
VERBOSE: Replacing 7 out of 7 node(s) with delegate (TfLiteXNNPackDelegate) node, yielding 1 partitions for subgraph 803 (XlaCallModule_odml.rms_norm.impl_2019_0).
VERBOSE: Replacing 7 out of 7 node(s) with delegate (TfLiteXNNPackDelegate) node, yielding 1 partitions for subgraph 804 (XlaCallModule_odml.rms_norm.impl_2021_0).
VERBOSE: Replacing 8 out of 8 node(s) with delegate (TfLiteXNNPackDelegate) node, yielding 1 partitions for subgraph 805 (XlaCallModule_odml.rms_norm.impl_2041_2).
VERBOSE: Replacing 7 out of 7 node(s) with delegate (TfLiteXNNPackDelegate) node, yielding 1 partitions for subgraph 806 (XlaCallModule_odml.rms_norm.impl_2043_2).
VERBOSE: Replacing 7 out of 7 node(s) with delegate (TfLiteXNNPackDelegate) node, yielding 1 partitions for subgraph 807 (XlaCallModule_odml.rms_norm.impl_2045_0).
VERBOSE: Replacing 3 out of 5 node(s) with delegate (TfLiteXNNPackDelegate) node, yielding 4 partitions for subgraph 808 (XlaCallModule_odml.cache_update.impl_2047_0).
VERBOSE: Replacing 2 out of 2 node(s) with delegate (TfLiteXNNPackDelegate) node, yielding 1 partitions for subgraph 809 (XlaCallModule_odml.runtime_bmm.impl_2061_0).
VERBOSE: Replacing 2 out of 2 node(s) with delegate (TfLiteXNNPackDelegate) node, yielding 1 partitions for subgraph 810 (XlaCallModule_odml.runtime_bmm.impl_2065_0).
VERBOSE: Replacing 7 out of 7 node(s) with delegate (TfLiteXNNPackDelegate) node, yielding 1 partitions for subgraph 811 (XlaCallModule_odml.rms_norm.impl_2075_0).
VERBOSE: Replacing 7 out of 7 node(s) with delegate (TfLiteXNNPackDelegate) node, yielding 1 partitions for subgraph 812 (XlaCallModule_odml.rms_norm.impl_2077_0).
VERBOSE: Replacing 7 out of 7 node(s) with delegate (TfLiteXNNPackDelegate) node, yielding 1 partitions for subgraph 813 (XlaCallModule_odml.rms_norm.impl_2099_0).
VERBOSE: Replacing 7 out of 7 node(s) with delegate (TfLiteXNNPackDelegate) node, yielding 1 partitions for subgraph 814 (XlaCallModule_odml.rms_norm.impl_2115_0).
VERBOSE: Replacing 7 out of 7 node(s) with delegate (TfLiteXNNPackDelegate) node, yielding 1 partitions for subgraph 815 (XlaCallModule_odml.rms_norm.impl_2117_0).
VERBOSE: Replacing 8 out of 8 node(s) with delegate (TfLiteXNNPackDelegate) node, yielding 1 partitions for subgraph 816 (XlaCallModule_odml.rms_norm.impl_2125_0).
VERBOSE: Replacing 2 out of 13 node(s) with delegate (TfLiteXNNPackDelegate) node, yielding 3 partitions for subgraph 817 (XlaCallModule_odml.runtime_bmm.impl_2127_0).
VERBOSE: Replacing 2 out of 10 node(s) with delegate (TfLiteXNNPackDelegate) node, yielding 2 partitions for subgraph 818 (XlaCallModule_odml.runtime_bmm.impl_2133_0).
VERBOSE: Replacing 7 out of 7 node(s) with delegate (TfLiteXNNPackDelegate) node, yielding 1 partitions for subgraph 819 (XlaCallModule_odml.rms_norm.impl_2147_0).
VERBOSE: Replacing 7 out of 7 node(s) with delegate (TfLiteXNNPackDelegate) node, yielding 1 partitions for subgraph 820 (XlaCallModule_odml.rms_norm.impl_2149_0).
VERBOSE: Replacing 7 out of 7 node(s) with delegate (TfLiteXNNPackDelegate) node, yielding 1 partitions for subgraph 821 (XlaCallModule_odml.rms_norm.impl_2213_0).
VERBOSE: Replacing 7 out of 7 node(s) with delegate (TfLiteXNNPackDelegate) node, yielding 1 partitions for subgraph 822 (XlaCallModule_odml.rms_norm.impl_2229_0).
VERBOSE: Replacing 7 out of 7 node(s) with delegate (TfLiteXNNPackDelegate) node, yielding 1 partitions for subgraph 823 (XlaCallModule_odml.rms_norm.impl_2231_0).
VERBOSE: Replacing 8 out of 8 node(s) with delegate (TfLiteXNNPackDelegate) node, yielding 1 partitions for subgraph 824 (XlaCallModule_odml.rms_norm.impl_2239_0).
VERBOSE: Replacing 2 out of 13 node(s) with delegate (TfLiteXNNPackDelegate) node, yielding 3 partitions for subgraph 825 (XlaCallModule_odml.runtime_bmm.impl_2241_0).
VERBOSE: Replacing 2 out of 10 node(s) with delegate (TfLiteXNNPackDelegate) node, yielding 2 partitions for subgraph 826 (XlaCallModule_odml.runtime_bmm.impl_2247_0).
VERBOSE: Replacing 7 out of 7 node(s) with delegate (TfLiteXNNPackDelegate) node, yielding 1 partitions for subgraph 827 (XlaCallModule_odml.rms_norm.impl_2261_0).
VERBOSE: Replacing 7 out of 7 node(s) with delegate (TfLiteXNNPackDelegate) node, yielding 1 partitions for subgraph 828 (XlaCallModule_odml.rms_norm.impl_2263_0).
VERBOSE: Replacing 7 out of 7 node(s) with delegate (TfLiteXNNPackDelegate) node, yielding 1 partitions for subgraph 829 (XlaCallModule_odml.rms_norm.impl_2285_0).
VERBOSE: Replacing 7 out of 7 node(s) with delegate (TfLiteXNNPackDelegate) node, yielding 1 partitions for subgraph 830 (XlaCallModule_odml.rms_norm.impl_2301_0).
VERBOSE: Replacing 7 out of 7 node(s) with delegate (TfLiteXNNPackDelegate) node, yielding 1 partitions for subgraph 831 (XlaCallModule_odml.rms_norm.impl_2303_0).
VERBOSE: Replacing 8 out of 8 node(s) with delegate (TfLiteXNNPackDelegate) node, yielding 1 partitions for subgraph 832 (XlaCallModule_odml.rms_norm.impl_2311_0).
VERBOSE: Replacing 2 out of 13 node(s) with delegate (TfLiteXNNPackDelegate) node, yielding 3 partitions for subgraph 833 (XlaCallModule_odml.runtime_bmm.impl_2313_0).
VERBOSE: Replacing 2 out of 10 node(s) with delegate (TfLiteXNNPackDelegate) node, yielding 2 partitions for subgraph 834 (XlaCallModule_odml.runtime_bmm.impl_2319_0).
VERBOSE: Replacing 7 out of 7 node(s) with delegate (TfLiteXNNPackDelegate) node, yielding 1 partitions for subgraph 835 (XlaCallModule_odml.rms_norm.impl_2333_0).
VERBOSE: Replacing 7 out of 7 node(s) with delegate (TfLiteXNNPackDelegate) node, yielding 1 partitions for subgraph 836 (XlaCallModule_odml.rms_norm.impl_2335_0).
VERBOSE: Replacing 7 out of 7 node(s) with delegate (TfLiteXNNPackDelegate) node, yielding 1 partitions for subgraph 837 (XlaCallModule_odml.rms_norm.impl_2357_0).
VERBOSE: Replacing 7 out of 7 node(s) with delegate (TfLiteXNNPackDelegate) node, yielding 1 partitions for subgraph 838 (XlaCallModule_odml.rms_norm.impl_2373_0).
VERBOSE: Replacing 7 out of 7 node(s) with delegate (TfLiteXNNPackDelegate) node, yielding 1 partitions for subgraph 839 (XlaCallModule_odml.rms_norm.impl_2375_0).
VERBOSE: Replacing 8 out of 8 node(s) with delegate (TfLiteXNNPackDelegate) node, yielding 1 partitions for subgraph 840 (XlaCallModule_odml.rms_norm.impl_2383_0).
VERBOSE: Replacing 2 out of 13 node(s) with delegate (TfLiteXNNPackDelegate) node, yielding 3 partitions for subgraph 841 (XlaCallModule_odml.runtime_bmm.impl_2385_0).
VERBOSE: Replacing 2 out of 10 node(s) with delegate (TfLiteXNNPackDelegate) node, yielding 2 partitions for subgraph 842 (XlaCallModule_odml.runtime_bmm.impl_2391_0).
VERBOSE: Replacing 7 out of 7 node(s) with delegate (TfLiteXNNPackDelegate) node, yielding 1 partitions for subgraph 843 (XlaCallModule_odml.rms_norm.impl_2405_0).
VERBOSE: Replacing 7 out of 7 node(s) with delegate (TfLiteXNNPackDelegate) node, yielding 1 partitions for subgraph 844 (XlaCallModule_odml.rms_norm.impl_2407_0).
VERBOSE: Replacing 7 out of 7 node(s) with delegate (TfLiteXNNPackDelegate) node, yielding 1 partitions for subgraph 845 (XlaCallModule_odml.rms_norm.impl_2429_0).
VERBOSE: Replacing 7 out of 7 node(s) with delegate (TfLiteXNNPackDelegate) node, yielding 1 partitions for subgraph 846 (XlaCallModule_odml.rms_norm.impl_2445_0).
VERBOSE: Replacing 7 out of 7 node(s) with delegate (TfLiteXNNPackDelegate) node, yielding 1 partitions for subgraph 847 (XlaCallModule_odml.rms_norm.impl_2447_0).
VERBOSE: Replacing 8 out of 8 node(s) with delegate (TfLiteXNNPackDelegate) node, yielding 1 partitions for subgraph 848 (XlaCallModule_odml.rms_norm.impl_2455_0).
VERBOSE: Replacing 2 out of 2 node(s) with delegate (TfLiteXNNPackDelegate) node, yielding 1 partitions for subgraph 849 (XlaCallModule_odml.runtime_bmm.impl_2457_0).
VERBOSE: Replacing 2 out of 2 node(s) with delegate (TfLiteXNNPackDelegate) node, yielding 1 partitions for subgraph 850 (XlaCallModule_odml.runtime_bmm.impl_2461_0).
VERBOSE: Replacing 7 out of 7 node(s) with delegate (TfLiteXNNPackDelegate) node, yielding 1 partitions for subgraph 851 (XlaCallModule_odml.rms_norm.impl_2471_0).
VERBOSE: Replacing 7 out of 7 node(s) with delegate (TfLiteXNNPackDelegate) node, yielding 1 partitions for subgraph 852 (XlaCallModule_odml.rms_norm.impl_2473_0).
VERBOSE: Replacing 7 out of 7 node(s) with delegate (TfLiteXNNPackDelegate) node, yielding 1 partitions for subgraph 853 (XlaCallModule_odml.rms_norm.impl_2495_0).
VERBOSE: Replacing 7 out of 7 node(s) with delegate (TfLiteXNNPackDelegate) node, yielding 1 partitions for subgraph 854 (XlaCallModule_odml.rms_norm.impl_2511_0).
VERBOSE: Replacing 7 out of 7 node(s) with delegate (TfLiteXNNPackDelegate) node, yielding 1 partitions for subgraph 855 (XlaCallModule_odml.rms_norm.impl_2513_0).
VERBOSE: Replacing 8 out of 8 node(s) with delegate (TfLiteXNNPackDelegate) node, yielding 1 partitions for subgraph 856 (XlaCallModule_odml.rms_norm.impl_2521_0).
VERBOSE: Replacing 2 out of 13 node(s) with delegate (TfLiteXNNPackDelegate) node, yielding 3 partitions for subgraph 857 (XlaCallModule_odml.runtime_bmm.impl_2523_0).
VERBOSE: Replacing 2 out of 10 node(s) with delegate (TfLiteXNNPackDelegate) node, yielding 2 partitions for subgraph 858 (XlaCallModule_odml.runtime_bmm.impl_2529_0).
VERBOSE: Replacing 7 out of 7 node(s) with delegate (TfLiteXNNPackDelegate) node, yielding 1 partitions for subgraph 859 (XlaCallModule_odml.rms_norm.impl_2543_0).
VERBOSE: Replacing 7 out of 7 node(s) with delegate (TfLiteXNNPackDelegate) node, yielding 1 partitions for subgraph 860 (XlaCallModule_odml.rms_norm.impl_2545_0).
VERBOSE: Replacing 7 out of 7 node(s) with delegate (TfLiteXNNPackDelegate) node, yielding 1 partitions for subgraph 861 (XlaCallModule_odml.rms_norm.impl_2567_0).
VERBOSE: Replacing 7 out of 7 node(s) with delegate (TfLiteXNNPackDelegate) node, yielding 1 partitions for subgraph 862 (XlaCallModule_odml.rms_norm.impl_2583_0).
VERBOSE: Replacing 7 out of 7 node(s) with delegate (TfLiteXNNPackDelegate) node, yielding 1 partitions for subgraph 863 (XlaCallModule_odml.rms_norm.impl_2585_0).
VERBOSE: Replacing 8 out of 8 node(s) with delegate (TfLiteXNNPackDelegate) node, yielding 1 partitions for subgraph 864 (XlaCallModule_odml.rms_norm.impl_2593_0).
VERBOSE: Replacing 2 out of 13 node(s) with delegate (TfLiteXNNPackDelegate) node, yielding 3 partitions for subgraph 865 (XlaCallModule_odml.runtime_bmm.impl_2595_0).
VERBOSE: Replacing 2 out of 10 node(s) with delegate (TfLiteXNNPackDelegate) node, yielding 2 partitions for subgraph 866 (XlaCallModule_odml.runtime_bmm.impl_2601_0).
VERBOSE: Replacing 7 out of 7 node(s) with delegate (TfLiteXNNPackDelegate) node, yielding 1 partitions for subgraph 867 (XlaCallModule_odml.rms_norm.impl_2615_0).
VERBOSE: Replacing 7 out of 7 node(s) with delegate (TfLiteXNNPackDelegate) node, yielding 1 partitions for subgraph 868 (XlaCallModule_odml.rms_norm.impl_2617_0).
VERBOSE: Replacing 7 out of 7 node(s) with delegate (TfLiteXNNPackDelegate) node, yielding 1 partitions for subgraph 869 (XlaCallModule_odml.rms_norm.impl_2639_0).
VERBOSE: Replacing 7 out of 7 node(s) with delegate (TfLiteXNNPackDelegate) node, yielding 1 partitions for subgraph 870 (XlaCallModule_odml.rms_norm.impl_2655_0).
VERBOSE: Replacing 7 out of 7 node(s) with delegate (TfLiteXNNPackDelegate) node, yielding 1 partitions for subgraph 871 (XlaCallModule_odml.rms_norm.impl_2657_0).
VERBOSE: Replacing 8 out of 8 node(s) with delegate (TfLiteXNNPackDelegate) node, yielding 1 partitions for subgraph 872 (XlaCallModule_odml.rms_norm.impl_2665_0).
VERBOSE: Replacing 2 out of 13 node(s) with delegate (TfLiteXNNPackDelegate) node, yielding 3 partitions for subgraph 873 (XlaCallModule_odml.runtime_bmm.impl_2667_0).
VERBOSE: Replacing 2 out of 10 node(s) with delegate (TfLiteXNNPackDelegate) node, yielding 2 partitions for subgraph 874 (XlaCallModule_odml.runtime_bmm.impl_2673_0).
VERBOSE: Replacing 7 out of 7 node(s) with delegate (TfLiteXNNPackDelegate) node, yielding 1 partitions for subgraph 875 (XlaCallModule_odml.rms_norm.impl_2687_0).
VERBOSE: Replacing 7 out of 7 node(s) with delegate (TfLiteXNNPackDelegate) node, yielding 1 partitions for subgraph 876 (XlaCallModule_odml.rms_norm.impl_2689_0).
VERBOSE: Replacing 7 out of 7 node(s) with delegate (TfLiteXNNPackDelegate) node, yielding 1 partitions for subgraph 877 (XlaCallModule_odml.rms_norm.impl_2711_0).
VERBOSE: Replacing 7 out of 7 node(s) with delegate (TfLiteXNNPackDelegate) node, yielding 1 partitions for subgraph 878 (XlaCallModule_odml.rms_norm.impl_2727_0).
VERBOSE: Replacing 7 out of 7 node(s) with delegate (TfLiteXNNPackDelegate) node, yielding 1 partitions for subgraph 879 (XlaCallModule_odml.rms_norm.impl_2729_0).
VERBOSE: Replacing 8 out of 8 node(s) with delegate (TfLiteXNNPackDelegate) node, yielding 1 partitions for subgraph 880 (XlaCallModule_odml.rms_norm.impl_2737_0).
VERBOSE: Replacing 2 out of 13 node(s) with delegate (TfLiteXNNPackDelegate) node, yielding 3 partitions for subgraph 881 (XlaCallModule_odml.runtime_bmm.impl_2739_0).
VERBOSE: Replacing 2 out of 10 node(s) with delegate (TfLiteXNNPackDelegate) node, yielding 2 partitions for subgraph 882 (XlaCallModule_odml.runtime_bmm.impl_2745_0).
VERBOSE: Replacing 7 out of 7 node(s) with delegate (TfLiteXNNPackDelegate) node, yielding 1 partitions for subgraph 883 (XlaCallModule_odml.rms_norm.impl_2759_0).
VERBOSE: Replacing 7 out of 7 node(s) with delegate (TfLiteXNNPackDelegate) node, yielding 1 partitions for subgraph 884 (XlaCallModule_odml.rms_norm.impl_2761_0).
VERBOSE: Replacing 7 out of 7 node(s) with delegate (TfLiteXNNPackDelegate) node, yielding 1 partitions for subgraph 885 (XlaCallModule_odml.rms_norm.impl_2783_0).
VERBOSE: Replacing 7 out of 7 node(s) with delegate (TfLiteXNNPackDelegate) node, yielding 1 partitions for subgraph 886 (XlaCallModule_odml.rms_norm.impl_2799_0).
VERBOSE: Replacing 7 out of 7 node(s) with delegate (TfLiteXNNPackDelegate) node, yielding 1 partitions for subgraph 887 (XlaCallModule_odml.rms_norm.impl_2801_0).
VERBOSE: Replacing 8 out of 8 node(s) with delegate (TfLiteXNNPackDelegate) node, yielding 1 partitions for subgraph 888 (XlaCallModule_odml.rms_norm.impl_2809_0).
VERBOSE: Replacing 2 out of 2 node(s) with delegate (TfLiteXNNPackDelegate) node, yielding 1 partitions for subgraph 889 (XlaCallModule_odml.runtime_bmm.impl_2811_0).
VERBOSE: Replacing 2 out of 2 node(s) with delegate (TfLiteXNNPackDelegate) node, yielding 1 partitions for subgraph 890 (XlaCallModule_odml.runtime_bmm.impl_2815_0).
VERBOSE: Replacing 7 out of 7 node(s) with delegate (TfLiteXNNPackDelegate) node, yielding 1 partitions for subgraph 891 (XlaCallModule_odml.rms_norm.impl_2825_0).
VERBOSE: Replacing 7 out of 7 node(s) with delegate (TfLiteXNNPackDelegate) node, yielding 1 partitions for subgraph 892 (XlaCallModule_odml.rms_norm.impl_2827_0).
VERBOSE: Replacing 7 out of 7 node(s) with delegate (TfLiteXNNPackDelegate) node, yielding 1 partitions for subgraph 893 (XlaCallModule_odml.rms_norm.impl_2849_0).
VERBOSE: Replacing 7 out of 7 node(s) with delegate (TfLiteXNNPackDelegate) node, yielding 1 partitions for subgraph 894 (XlaCallModule_odml.rms_norm.impl_2865_0).
VERBOSE: Replacing 7 out of 7 node(s) with delegate (TfLiteXNNPackDelegate) node, yielding 1 partitions for subgraph 895 (XlaCallModule_odml.rms_norm.impl_2867_0).
VERBOSE: Replacing 8 out of 8 node(s) with delegate (TfLiteXNNPackDelegate) node, yielding 1 partitions for subgraph 896 (XlaCallModule_odml.rms_norm.impl_2875_0).
VERBOSE: Replacing 2 out of 13 node(s) with delegate (TfLiteXNNPackDelegate) node, yielding 3 partitions for subgraph 897 (XlaCallModule_odml.runtime_bmm.impl_2877_0).
VERBOSE: Replacing 2 out of 10 node(s) with delegate (TfLiteXNNPackDelegate) node, yielding 2 partitions for subgraph 898 (XlaCallModule_odml.runtime_bmm.impl_2883_0).
VERBOSE: Replacing 7 out of 7 node(s) with delegate (TfLiteXNNPackDelegate) node, yielding 1 partitions for subgraph 899 (XlaCallModule_odml.rms_norm.impl_2897_0).
VERBOSE: Replacing 7 out of 7 node(s) with delegate (TfLiteXNNPackDelegate) node, yielding 1 partitions for subgraph 900 (XlaCallModule_odml.rms_norm.impl_2899_0).
VERBOSE: Replacing 7 out of 7 node(s) with delegate (TfLiteXNNPackDelegate) node, yielding 1 partitions for subgraph 901 (XlaCallModule_odml.rms_norm.impl_2921_0).
VERBOSE: Replacing 7 out of 7 node(s) with delegate (TfLiteXNNPackDelegate) node, yielding 1 partitions for subgraph 902 (XlaCallModule_odml.rms_norm.impl_2937_0).
VERBOSE: Replacing 7 out of 7 node(s) with delegate (TfLiteXNNPackDelegate) node, yielding 1 partitions for subgraph 903 (XlaCallModule_odml.rms_norm.impl_2939_0).
VERBOSE: Replacing 8 out of 8 node(s) with delegate (TfLiteXNNPackDelegate) node, yielding 1 partitions for subgraph 904 (XlaCallModule_odml.rms_norm.impl_2947_0).
VERBOSE: Replacing 2 out of 13 node(s) with delegate (TfLiteXNNPackDelegate) node, yielding 3 partitions for subgraph 905 (XlaCallModule_odml.runtime_bmm.impl_2949_0).
VERBOSE: Replacing 2 out of 10 node(s) with delegate (TfLiteXNNPackDelegate) node, yielding 2 partitions for subgraph 906 (XlaCallModule_odml.runtime_bmm.impl_2955_0).
VERBOSE: Replacing 7 out of 7 node(s) with delegate (TfLiteXNNPackDelegate) node, yielding 1 partitions for subgraph 907 (XlaCallModule_odml.rms_norm.impl_2969_0).
VERBOSE: Replacing 7 out of 7 node(s) with delegate (TfLiteXNNPackDelegate) node, yielding 1 partitions for subgraph 908 (XlaCallModule_odml.rms_norm.impl_2971_0).
VERBOSE: Replacing 7 out of 7 node(s) with delegate (TfLiteXNNPackDelegate) node, yielding 1 partitions for subgraph 909 (XlaCallModule_odml.rms_norm.impl_2993_0).
VERBOSE: Replacing 7 out of 7 node(s) with delegate (TfLiteXNNPackDelegate) node, yielding 1 partitions for subgraph 910 (XlaCallModule_odml.rms_norm.impl_3009_0).
VERBOSE: Replacing 7 out of 7 node(s) with delegate (TfLiteXNNPackDelegate) node, yielding 1 partitions for subgraph 911 (XlaCallModule_odml.rms_norm.impl_3011_0).
VERBOSE: Replacing 8 out of 8 node(s) with delegate (TfLiteXNNPackDelegate) node, yielding 1 partitions for subgraph 912 (XlaCallModule_odml.rms_norm.impl_3019_0).
VERBOSE: Replacing 2 out of 13 node(s) with delegate (TfLiteXNNPackDelegate) node, yielding 3 partitions for subgraph 913 (XlaCallModule_odml.runtime_bmm.impl_3021_0).
VERBOSE: Replacing 2 out of 10 node(s) with delegate (TfLiteXNNPackDelegate) node, yielding 2 partitions for subgraph 914 (XlaCallModule_odml.runtime_bmm.impl_3027_0).
VERBOSE: Replacing 7 out of 7 node(s) with delegate (TfLiteXNNPackDelegate) node, yielding 1 partitions for subgraph 915 (XlaCallModule_odml.rms_norm.impl_3041_0).
VERBOSE: Replacing 7 out of 7 node(s) with delegate (TfLiteXNNPackDelegate) node, yielding 1 partitions for subgraph 916 (XlaCallModule_odml.rms_norm.impl_3043_0).
VERBOSE: Replacing 7 out of 7 node(s) with delegate (TfLiteXNNPackDelegate) node, yielding 1 partitions for subgraph 917 (XlaCallModule_odml.rms_norm.impl_3065_0).
VERBOSE: Replacing 7 out of 7 node(s) with delegate (TfLiteXNNPackDelegate) node, yielding 1 partitions for subgraph 918 (XlaCallModule_odml.rms_norm.impl_3081_0).
VERBOSE: Replacing 7 out of 7 node(s) with delegate (TfLiteXNNPackDelegate) node, yielding 1 partitions for subgraph 919 (XlaCallModule_odml.rms_norm.impl_3083_0).
VERBOSE: Replacing 8 out of 8 node(s) with delegate (TfLiteXNNPackDelegate) node, yielding 1 partitions for subgraph 920 (XlaCallModule_odml.rms_norm.impl_3091_0).
VERBOSE: Replacing 2 out of 13 node(s) with delegate (TfLiteXNNPackDelegate) node, yielding 3 partitions for subgraph 921 (XlaCallModule_odml.runtime_bmm.impl_3093_0).
VERBOSE: Replacing 2 out of 10 node(s) with delegate (TfLiteXNNPackDelegate) node, yielding 2 partitions for subgraph 922 (XlaCallModule_odml.runtime_bmm.impl_3099_0).
VERBOSE: Replacing 7 out of 7 node(s) with delegate (TfLiteXNNPackDelegate) node, yielding 1 partitions for subgraph 923 (XlaCallModule_odml.rms_norm.impl_3113_0).
VERBOSE: Replacing 7 out of 7 node(s) with delegate (TfLiteXNNPackDelegate) node, yielding 1 partitions for subgraph 924 (XlaCallModule_odml.rms_norm.impl_3115_0).
VERBOSE: Replacing 7 out of 7 node(s) with delegate (TfLiteXNNPackDelegate) node, yielding 1 partitions for subgraph 925 (XlaCallModule_odml.rms_norm.impl_3137_0).
VERBOSE: Replacing 7 out of 7 node(s) with delegate (TfLiteXNNPackDelegate) node, yielding 1 partitions for subgraph 926 (XlaCallModule_odml.rms_norm.impl_3153_0).
VERBOSE: Replacing 7 out of 7 node(s) with delegate (TfLiteXNNPackDelegate) node, yielding 1 partitions for subgraph 927 (XlaCallModule_odml.rms_norm.impl_3155_0).
VERBOSE: Replacing 8 out of 8 node(s) with delegate (TfLiteXNNPackDelegate) node, yielding 1 partitions for subgraph 928 (XlaCallModule_odml.rms_norm.impl_3163_0).
VERBOSE: Replacing 2 out of 2 node(s) with delegate (TfLiteXNNPackDelegate) node, yielding 1 partitions for subgraph 929 (XlaCallModule_odml.runtime_bmm.impl_3165_0).
VERBOSE: Replacing 2 out of 2 node(s) with delegate (TfLiteXNNPackDelegate) node, yielding 1 partitions for subgraph 930 (XlaCallModule_odml.runtime_bmm.impl_3169_0).
VERBOSE: Replacing 7 out of 7 node(s) with delegate (TfLiteXNNPackDelegate) node, yielding 1 partitions for subgraph 931 (XlaCallModule_odml.rms_norm.impl_3179_0).
VERBOSE: Replacing 7 out of 7 node(s) with delegate (TfLiteXNNPackDelegate) node, yielding 1 partitions for subgraph 932 (XlaCallModule_odml.rms_norm.impl_3181_0).
VERBOSE: Replacing 7 out of 7 node(s) with delegate (TfLiteXNNPackDelegate) node, yielding 1 partitions for subgraph 933 (XlaCallModule_odml.rms_norm.impl_3203_0).
VERBOSE: Replacing 7 out of 7 node(s) with delegate (TfLiteXNNPackDelegate) node, yielding 1 partitions for subgraph 934 (XlaCallModule_odml.rms_norm.impl_3219_0).
VERBOSE: Replacing 7 out of 7 node(s) with delegate (TfLiteXNNPackDelegate) node, yielding 1 partitions for subgraph 935 (XlaCallModule_odml.rms_norm.impl_3221_0).
VERBOSE: Replacing 8 out of 8 node(s) with delegate (TfLiteXNNPackDelegate) node, yielding 1 partitions for subgraph 936 (XlaCallModule_odml.rms_norm.impl_3229_0).
VERBOSE: Replacing 2 out of 13 node(s) with delegate (TfLiteXNNPackDelegate) node, yielding 3 partitions for subgraph 937 (XlaCallModule_odml.runtime_bmm.impl_3231_0).
VERBOSE: Replacing 2 out of 10 node(s) with delegate (TfLiteXNNPackDelegate) node, yielding 2 partitions for subgraph 938 (XlaCallModule_odml.runtime_bmm.impl_3237_0).
VERBOSE: Replacing 7 out of 7 node(s) with delegate (TfLiteXNNPackDelegate) node, yielding 1 partitions for subgraph 939 (XlaCallModule_odml.rms_norm.impl_3251_0).
VERBOSE: Replacing 7 out of 7 node(s) with delegate (TfLiteXNNPackDelegate) node, yielding 1 partitions for subgraph 940 (XlaCallModule_odml.rms_norm.impl_3253_0).
VERBOSE: Replacing 7 out of 7 node(s) with delegate (TfLiteXNNPackDelegate) node, yielding 1 partitions for subgraph 941 (XlaCallModule_odml.rms_norm.impl_3275_0).
VERBOSE: Replacing 7 out of 7 node(s) with delegate (TfLiteXNNPackDelegate) node, yielding 1 partitions for subgraph 942 (XlaCallModule_odml.rms_norm.impl_3291_0).
VERBOSE: Replacing 7 out of 7 node(s) with delegate (TfLiteXNNPackDelegate) node, yielding 1 partitions for subgraph 943 (XlaCallModule_odml.rms_norm.impl_3293_0).
VERBOSE: Replacing 8 out of 8 node(s) with delegate (TfLiteXNNPackDelegate) node, yielding 1 partitions for subgraph 944 (XlaCallModule_odml.rms_norm.impl_3301_0).
VERBOSE: Replacing 2 out of 13 node(s) with delegate (TfLiteXNNPackDelegate) node, yielding 3 partitions for subgraph 945 (XlaCallModule_odml.runtime_bmm.impl_3303_0).
VERBOSE: Replacing 2 out of 10 node(s) with delegate (TfLiteXNNPackDelegate) node, yielding 2 partitions for subgraph 946 (XlaCallModule_odml.runtime_bmm.impl_3309_0).
VERBOSE: Replacing 7 out of 7 node(s) with delegate (TfLiteXNNPackDelegate) node, yielding 1 partitions for subgraph 947 (XlaCallModule_odml.rms_norm.impl_3323_0).
VERBOSE: Replacing 7 out of 7 node(s) with delegate (TfLiteXNNPackDelegate) node, yielding 1 partitions for subgraph 948 (XlaCallModule_odml.rms_norm.impl_3325_0).
VERBOSE: Replacing 7 out of 7 node(s) with delegate (TfLiteXNNPackDelegate) node, yielding 1 partitions for subgraph 949 (XlaCallModule_odml.rms_norm.impl_3347_0).
VERBOSE: Replacing 7 out of 7 node(s) with delegate (TfLiteXNNPackDelegate) node, yielding 1 partitions for subgraph 950 (XlaCallModule_odml.rms_norm.impl_3363_0).
VERBOSE: Replacing 7 out of 7 node(s) with delegate (TfLiteXNNPackDelegate) node, yielding 1 partitions for subgraph 951 (XlaCallModule_odml.rms_norm.impl_3365_0).
VERBOSE: Replacing 8 out of 8 node(s) with delegate (TfLiteXNNPackDelegate) node, yielding 1 partitions for subgraph 952 (XlaCallModule_odml.rms_norm.impl_3373_0).
VERBOSE: Replacing 2 out of 13 node(s) with delegate (TfLiteXNNPackDelegate) node, yielding 3 partitions for subgraph 953 (XlaCallModule_odml.runtime_bmm.impl_3375_0).
VERBOSE: Replacing 2 out of 10 node(s) with delegate (TfLiteXNNPackDelegate) node, yielding 2 partitions for subgraph 954 (XlaCallModule_odml.runtime_bmm.impl_3381_0).
VERBOSE: Replacing 7 out of 7 node(s) with delegate (TfLiteXNNPackDelegate) node, yielding 1 partitions for subgraph 955 (XlaCallModule_odml.rms_norm.impl_3395_0).
VERBOSE: Replacing 7 out of 7 node(s) with delegate (TfLiteXNNPackDelegate) node, yielding 1 partitions for subgraph 956 (XlaCallModule_odml.rms_norm.impl_3397_0).
VERBOSE: Replacing 7 out of 7 node(s) with delegate (TfLiteXNNPackDelegate) node, yielding 1 partitions for subgraph 957 (XlaCallModule_odml.rms_norm.impl_3419_0).
VERBOSE: Replacing 7 out of 7 node(s) with delegate (TfLiteXNNPackDelegate) node, yielding 1 partitions for subgraph 958 (XlaCallModule_odml.rms_norm.impl_3435_0).
VERBOSE: Replacing 7 out of 7 node(s) with delegate (TfLiteXNNPackDelegate) node, yielding 1 partitions for subgraph 959 (XlaCallModule_odml.rms_norm.impl_3437_0).
VERBOSE: Replacing 8 out of 8 node(s) with delegate (TfLiteXNNPackDelegate) node, yielding 1 partitions for subgraph 960 (XlaCallModule_odml.rms_norm.impl_3445_0).
VERBOSE: Replacing 2 out of 13 node(s) with delegate (TfLiteXNNPackDelegate) node, yielding 3 partitions for subgraph 961 (XlaCallModule_odml.runtime_bmm.impl_3447_0).
VERBOSE: Replacing 2 out of 10 node(s) with delegate (TfLiteXNNPackDelegate) node, yielding 2 partitions for subgraph 962 (XlaCallModule_odml.runtime_bmm.impl_3453_0).
VERBOSE: Replacing 7 out of 7 node(s) with delegate (TfLiteXNNPackDelegate) node, yielding 1 partitions for subgraph 963 (XlaCallModule_odml.rms_norm.impl_3467_0).
VERBOSE: Replacing 7 out of 7 node(s) with delegate (TfLiteXNNPackDelegate) node, yielding 1 partitions for subgraph 964 (XlaCallModule_odml.rms_norm.impl_3469_0).
VERBOSE: Replacing 7 out of 7 node(s) with delegate (TfLiteXNNPackDelegate) node, yielding 1 partitions for subgraph 965 (XlaCallModule_odml.rms_norm.impl_3491_0).
VERBOSE: Replacing 7 out of 7 node(s) with delegate (TfLiteXNNPackDelegate) node, yielding 1 partitions for subgraph 966 (XlaCallModule_odml.rms_norm.impl_3507_0).
VERBOSE: Replacing 7 out of 7 node(s) with delegate (TfLiteXNNPackDelegate) node, yielding 1 partitions for subgraph 967 (XlaCallModule_odml.rms_norm.impl_3509_0).
VERBOSE: Replacing 8 out of 8 node(s) with delegate (TfLiteXNNPackDelegate) node, yielding 1 partitions for subgraph 968 (XlaCallModule_odml.rms_norm.impl_3517_0).
VERBOSE: Replacing 2 out of 2 node(s) with delegate (TfLiteXNNPackDelegate) node, yielding 1 partitions for subgraph 969 (XlaCallModule_odml.runtime_bmm.impl_3519_0).
VERBOSE: Replacing 2 out of 2 node(s) with delegate (TfLiteXNNPackDelegate) node, yielding 1 partitions for subgraph 970 (XlaCallModule_odml.runtime_bmm.impl_3523_0).
VERBOSE: Replacing 7 out of 7 node(s) with delegate (TfLiteXNNPackDelegate) node, yielding 1 partitions for subgraph 971 (XlaCallModule_odml.rms_norm.impl_3533_0).
VERBOSE: Replacing 7 out of 7 node(s) with delegate (TfLiteXNNPackDelegate) node, yielding 1 partitions for subgraph 972 (XlaCallModule_odml.rms_norm.impl_3535_0).
VERBOSE: Replacing 7 out of 7 node(s) with delegate (TfLiteXNNPackDelegate) node, yielding 1 partitions for subgraph 973 (XlaCallModule_odml.rms_norm.impl_3557_0).
VERBOSE: Replacing 7 out of 7 node(s) with delegate (TfLiteXNNPackDelegate) node, yielding 1 partitions for subgraph 974 (XlaCallModule_odml.rms_norm.impl_3573_0).
VERBOSE: Replacing 7 out of 7 node(s) with delegate (TfLiteXNNPackDelegate) node, yielding 1 partitions for subgraph 975 (XlaCallModule_odml.rms_norm.impl_3576_0).
INFO: [environment.cc:36] Creating LiteRT environment with options
WARNING: [npu_registry.cc:34] NPU accelerator could not be loaded and registered: kLiteRtStatusErrorInvalidArgument.
INFO: [gpu_registry.cc:101] Attempting to load GPU accelerator(libLiteRtGpuAccelerator.so).
INFO: [accelerator_registry.cc:54] RegisterAccelerator: ptr=0xb4000076e1b16a50, name=LiteRT GPU
INFO: [gpu_registry.cc:109] Dynamically loaded GPU accelerator(libLiteRtGpuAccelerator.so) registered.
INFO: [accelerator_registry.cc:54] RegisterAccelerator: ptr=0xb4000076e1b15f10, name=CpuAccelerator
INFO: [cpu_registry.cc:75] XNNPACK CPU accelerator registered.
INFO: [magic_number_utils.cc:101] Loaded: num_subgraphs=1, num_signatures=1
INFO: [magic_number_utils.cc:109]   signature=embedder, subgraph_index=0, num_tensors=16, num_inputs=1, num_outputs=1, num_ops=8
INFO: [magic_number_utils.cc:113] Magic number configs: num_configs=1
INFO: [magic_number_utils.cc:120]   config[0]: magic_number=32003, target_number=1024, signature_prefix=null
INFO: [compiled_model.cc:815] Flatbuffer model initialized directly from incoming litert model.
WARNING: [compiled_model.cc:951] You should provide the `DispatchLibraryDir` option to use NPU.
VERBOSE: Replacing 2 out of 8 node(s) with delegate (TfLiteXNNPackDelegate) node, yielding 2 partitions for subgraph 0 (main).
INFO: [magic_number_utils.cc:101] Loaded: num_subgraphs=1, num_signatures=1
INFO: [magic_number_utils.cc:109]   signature=eoi, subgraph_index=0, num_tensors=1, num_inputs=0, num_outputs=1, num_ops=0
INFO: [magic_number_utils.cc:113] Magic number configs: num_configs=1
INFO: [magic_number_utils.cc:120]   config[0]: magic_number=32003, target_number=1024, signature_prefix=null
INFO: [compiled_model.cc:815] Flatbuffer model initialized directly from incoming litert model.
WARNING: [compiled_model.cc:951] You should provide the `DispatchLibraryDir` option to use NPU.
INFO: [compiled_model.cc:1666] Tracked constant output tensor eoi_embedding with locked address
INFO: [magic_number_utils.cc:101] Loaded: num_subgraphs=1, num_signatures=1
INFO: [magic_number_utils.cc:109]   signature=eoa, subgraph_index=0, num_tensors=1, num_inputs=0, num_outputs=1, num_ops=0
INFO: [magic_number_utils.cc:113] Magic number configs: num_configs=1
INFO: [magic_number_utils.cc:120]   config[0]: magic_number=32003, target_number=1024, signature_prefix=null
INFO: [compiled_model.cc:815] Flatbuffer model initialized directly from incoming litert model.
WARNING: [compiled_model.cc:951] You should provide the `DispatchLibraryDir` option to use NPU.
INFO: [compiled_model.cc:1666] Tracked constant output tensor eoa_embedding with locked address
INFO: [magic_number_utils.cc:101] Loaded: num_subgraphs=1, num_signatures=1
INFO: [magic_number_utils.cc:109]   signature=per_layer_embedder, subgraph_index=0, num_tensors=83, num_inputs=1, num_outputs=1, num_ops=42
INFO: [magic_number_utils.cc:113] Magic number configs: num_configs=1
INFO: [magic_number_utils.cc:120]   config[0]: magic_number=32003, target_number=1024, signature_prefix=null
INFO: [compiled_model.cc:815] Flatbuffer model initialized directly from incoming litert model.
WARNING: [compiled_model.cc:951] You should provide the `DispatchLibraryDir` option to use NPU.
VERBOSE: Replacing 1 out of 42 node(s) with delegate (TfLiteXNNPackDelegate) node, yielding 2 partitions for subgraph 0 (main).
I0000 00:00:1789109579.178709   31576 litert_lm_lib.cc:856] Creating conversation
W0000 00:00:1789109579.180349   31576 mel_filterbank.cc:137] Missing 10 bands  starting at 0 in mel-frequency design. Perhaps too many channels or not enough frequency resolution in spectrum. (fft_length: 257 sample_rate: 16000 mel_channel_count: 128 lower_frequency_limit: 0 upper_frequency_limit: 8000
I0000 00:00:1789109579.180400   31576 litert_lm_lib.cc:868] Running single-turn conversation
VERBOSE: Replacing 1924 out of 2235 node(s) with delegate (TfLiteXNNPackDelegate) node, yielding 155 partitions for subgraph 2 (prefill_128).
VERBOSE: Replacing 3565 out of 4218 node(s) with delegate (TfLiteXNNPackDelegate) node, yielding 300 partitions for subgraph 0 (decode).
INFO: Warning: Dropping ProfileBuffer event.
BenchmarkInfo:
  Init Phases (7):
    - Init Conversation: 0.08 ms
    - Init Executor: 616.09 ms
    - Init LLM metadata: 0.04 ms
    - Init Model assets: 3.38 ms
    - Init Tokenizer: 75.64 ms
    - Init Total: 619.67 ms
--------------------------------------------------
  Time to first token: 0.45 s
--------------------------------------------------
  Prefill Turns (Total 1 turns):
    Prefill Turn 1: Processed 128 tokens in 429.148073ms duration.
      Prefill Speed: 298.27 tokens/sec.
--------------------------------------------------
  Decode Turns (Total 1 turns):
    Decode Turn 1: Processed 256 tokens in 6.552472341s duration.
      Decode Speed: 39.07 tokens/sec.
--------------------------------------------------
  TextToTokenIds Turns (Total 1 turns):
    Turn 1: 32.657us, 128 tokens
--------------------------------------------------
--------------------------------------------------
  Profile Summary:
===================================================================== Run Order ======================================================================
                                                 [node type]    [start]    [first]   [avg ms]        [%]     [cdf%]   [mem KB] [times called]   [Name]
                                                     RESHAPE      0.000      0.001      0.001     0.000%     0.000%      0.000              1   [Builtin]:0
                                                     RESHAPE      0.001      0.024      0.024     0.001%     0.001%      0.000              1   [Builtin]:1
                                      Delegate/Multiply (ND)      0.000      0.371      0.186     0.013%     0.013%      0.000              2   [Delegate]:0
                                       Delegate/Convert (NC)      0.000      0.045      0.013     0.007%     0.020%      0.000             16   [Delegate]:1
              Delegate/Fully Connected (NC, PQS8, QC8W) GEMM      0.000      5.825      5.825     0.197%     0.218%      0.000              1   [Delegate]:2
                                Delegate/Static Reshape (NC)      0.000      0.000      0.000     0.000%     0.218%      0.000              5   [Delegate]:3
                                       Delegate/Convert (NC)      0.000      0.408      0.408     0.014%     0.232%      0.000              1   [Delegate]:4
                             Delegate/Normalize (ND) Reduce2      0.000      0.066      0.066     0.002%     0.234%      0.000              1   [Delegate]:5
                                      Delegate/Multiply (ND)      0.000      0.001      0.005     0.000%     0.234%      0.000              3   [Delegate]:6
                                           Delegate/Add (ND)      0.000      0.000      0.000     0.000%     0.234%      0.000              1   [Delegate]:7
                                Delegate/Static Reshape (NC)      0.000      0.000      0.000     0.000%     0.234%      0.000              1   [Delegate]:8
                        Delegate/Reciprocal Square Root (NC)      0.000      0.003      0.003     0.000%     0.234%      0.000              1   [Delegate]:9
                                      Delegate/Multiply (ND)      0.000      0.185      0.018     0.010%     0.244%      0.000             16   [Delegate]:10
                                      Delegate/Multiply (ND)      0.000      0.114      0.114     0.004%     0.248%      0.000              1   [Delegate]:11
                                           Delegate/Add (ND)      0.000      0.200      0.200     0.007%     0.255%      0.000              1   [Delegate]:12
                                      Delegate/Multiply (ND)      0.000      0.050      0.003     0.002%     0.256%      0.000             15   [Delegate]:13
                                    Delegate/Slice (ND, X32)      0.000      0.149      0.075     0.005%     0.261%      0.000              2   [Delegate]:14
                                                      UNPACK      7.480      0.383      0.383     0.013%     0.274%      0.000              1   [Builtin]:11
                             Delegate/Normalize (ND) Reduce2      0.000      0.030      0.030     0.001%     0.275%      0.000              1   [Delegate]:0
                                      Delegate/Multiply (ND)      0.000      0.000      0.000     0.000%     0.275%      0.000              1   [Delegate]:1
                                           Delegate/Add (ND)      0.000      0.000      0.000     0.000%     0.275%      0.000              1   [Delegate]:2
                        Delegate/Reciprocal Square Root (NC)      0.000      0.000      0.000     0.000%     0.275%      0.000              1   [Delegate]:4
                                      Delegate/Multiply (ND)      0.000      0.019      0.001     0.001%     0.276%      0.000             15   [Delegate]:5
                                       Delegate/Convert (NC)      0.000      0.007      0.007     0.000%     0.276%      0.000              1   [Delegate]:7
               Delegate/Fully Connected (NC, QS8, QC4W) GEMM      0.000      1.506      1.506     0.051%     0.327%      0.000              1   [Delegate]:8
                                Delegate/Static Reshape (NC)      0.000      0.000      0.000     0.000%     0.327%      0.000              1   [Delegate]:9
                                       Delegate/Convert (NC)      0.000      0.031      0.031     0.001%     0.328%      0.000              1   [Delegate]:10
               Delegate/Fully Connected (NC, QS8, QC4W) GEMM      0.000      0.353      0.353     0.012%     0.340%      0.000              1   [Delegate]:11
                                Delegate/Static Reshape (NC)      0.000      0.000      0.000     0.000%     0.340%      0.000              1   [Delegate]:12
                                       Delegate/Convert (NC)      0.000      0.002      0.002     0.000%     0.340%      0.000              1   [Delegate]:13
               Delegate/Fully Connected (NC, QS8, QC4W) GEMM      0.000      0.213      0.213     0.007%     0.348%      0.000              1   [Delegate]:14
                                Delegate/Static Reshape (NC)      0.000      0.000      0.000     0.000%     0.348%      0.000             15   [Delegate]:15
                                       Delegate/Convert (NC)      0.000      0.004      0.004     0.000%     0.348%      0.000              1   [Delegate]:16
                             Delegate/Normalize (ND) Reduce2      0.000      0.009      0.009     0.000%     0.348%      0.000              1   [Delegate]:17
                                      Delegate/Multiply (ND)      0.000      0.000      0.006     0.003%     0.351%      0.000             16   [Delegate]:18
                                           Delegate/Add (ND)      0.000      0.000      0.000     0.000%     0.351%      0.000              1   [Delegate]:19
                                Delegate/Static Reshape (NC)      0.000      0.000      0.000     0.000%     0.351%      0.000              1   [Delegate]:20
                        Delegate/Reciprocal Square Root (NC)      0.000      0.000      0.000     0.000%     0.351%      0.000              1   [Delegate]:21
                                      Delegate/Multiply (ND)      0.000      0.009      0.009     0.000%     0.352%      0.000              1   [Delegate]:22
                                      Delegate/Multiply (ND)      0.000      0.011      0.011     0.000%     0.352%      0.000              1   [Delegate]:23
                             Delegate/Normalize (ND) Reduce2      0.000      0.001      0.001     0.000%     0.352%      0.000              1   [Delegate]:24
                                      Delegate/Multiply (ND)      0.000      0.000      0.034     0.017%     0.369%      0.000             15   [Delegate]:25
                                           Delegate/Add (ND)      0.000      0.000      0.000     0.000%     0.369%      0.000              1   [Delegate]:26
                                Delegate/Static Reshape (NC)      0.000      0.000      0.000     0.000%     0.369%      0.000              1   [Delegate]:27
                        Delegate/Reciprocal Square Root (NC)      0.000      0.000      0.000     0.000%     0.369%      0.000              1   [Delegate]:28
                                      Delegate/Multiply (ND)      0.000      0.001      0.001     0.000%     0.369%      0.000              1   [Delegate]:29
                                      Delegate/Multiply (ND)      0.000      0.014      0.001     0.001%     0.370%      0.000             15   [Delegate]:30
                             Delegate/Normalize (ND) Reduce2      0.000      0.001      0.001     0.000%     0.370%      0.000              1   [Delegate]:31
                                      Delegate/Multiply (ND)      0.000      0.000      0.000     0.000%     0.370%      0.000              1   [Delegate]:32
                                           Delegate/Add (ND)      0.000      0.000      0.000     0.000%     0.370%      0.000              1   [Delegate]:33
                                Delegate/Static Reshape (NC)      0.000      0.000      0.000     0.000%     0.370%      0.000              1   [Delegate]:34
                        Delegate/Reciprocal Square Root (NC)      0.000      0.000      0.000     0.000%     0.370%      0.000              1   [Delegate]:35
                                      Delegate/Multiply (ND)      0.000      0.003      0.003     0.000%     0.370%      0.000              1   [Delegate]:36
                                      Delegate/Multiply (ND)      0.000      0.010      0.010     0.000%     0.370%      0.000              1   [Delegate]:37
                                                     RESHAPE     10.139      0.002      0.002     0.000%     0.370%      0.000              1   [Builtin]:26
                                                        CAST     10.142      0.002      0.002     0.000%     0.370%      0.000              1   [Builtin]:27
                                Delegate/Static Reshape (NC)      0.000      0.000      0.000     0.000%     0.370%      0.000              1   [Delegate]:1
                                          Delegate/Sine (NC)      0.000      0.008      0.008     0.000%     0.371%      0.000              1   [Delegate]:2
                                        Delegate/Cosine (NC)      0.000      0.010      0.010     0.000%     0.371%      0.000              1   [Delegate]:3
                                    Delegate/Slice (ND, X32)      0.000      0.007      0.007     0.000%     0.371%      0.000              1   [Delegate]:4
                                    Delegate/Slice (ND, X32)      0.000      0.006      0.006     0.000%     0.372%      0.000              1   [Delegate]:5
                                      Delegate/Multiply (ND)      0.000      0.005      0.005     0.000%     0.372%      0.000              1   [Delegate]:7
                                      Delegate/Subtract (ND)      0.000      0.004      0.004     0.000%     0.372%      0.000              1   [Delegate]:8
                                      Delegate/Multiply (ND)      0.000      0.014      0.006     0.003%     0.375%      0.000             15   [Delegate]:9
                                           Delegate/Add (ND)      0.000      0.005      0.037     0.019%     0.394%      0.000             15   [Delegate]:11
                                     Delegate/Copy (NC, X32)      0.000      0.009      0.009     0.000%     0.394%      0.000              1   [Delegate]:12
                                    Delegate/Slice (ND, X32)      0.000      0.002      0.002     0.000%     0.394%      0.000              1   [Delegate]:13
                                      Delegate/Multiply (ND)      0.000      0.001      0.001     0.000%     0.394%      0.000              1   [Delegate]:15
                                      Delegate/Multiply (ND)      0.000      0.001      0.001     0.000%     0.394%      0.000              1   [Delegate]:16
                                      Delegate/Subtract (ND)      0.000      0.000      0.000     0.000%     0.394%      0.000              1   [Delegate]:17
                                      Delegate/Multiply (ND)      0.000      0.001      0.001     0.000%     0.394%      0.000              1   [Delegate]:19
                                           Delegate/Add (ND)      0.000      0.000      0.000     0.000%     0.394%      0.000              1   [Delegate]:20
                                     Delegate/Copy (NC, X32)      0.000      0.001      0.001     0.000%     0.394%      0.000              1   [Delegate]:21
                                Delegate/Static Reshape (NC)      0.000      0.008      0.008     0.000%     0.395%      0.000              1   [Delegate]:22
                                Delegate/Static Reshape (NC)      0.000      0.012      0.012     0.000%     0.395%      0.000              1   [Delegate]:23
                      Delegate/Transpose (ND, X32) Transpose      0.000      0.011      0.011     0.000%     0.395%      0.000              1   [Delegate]:24
                                Delegate/Static Reshape (NC)      0.000      0.025      0.025     0.001%     0.396%      0.000              1   [Delegate]:25
                                                        CAST     10.313      0.001      0.001     0.000%     0.396%      0.000              1   [Builtin]:54
                                    Delegate/Slice (ND, X32)      0.000      0.000      0.000     0.000%     0.396%      0.000              1   [Delegate]:0
                                     Delegate/Copy (NC, X32)      0.000      0.000      0.000     0.000%     0.396%      0.000              1   [Delegate]:1
                                     Delegate/Copy (NC, X32)      0.000      0.000      0.000     0.000%     0.396%      0.000              1   [Delegate]:2
                                                        CAST     10.320      0.000      0.000     0.000%     0.396%      0.000              1   [Builtin]:59
                                Delegate/Static Reshape (NC)      0.000      0.000      0.009     0.005%     0.401%      0.000             15   [Delegate]:0
                                                        CAST     10.322      0.000      0.000     0.000%     0.401%      0.000              1   [Builtin]:61
                                       Delegate/Convert (NC)      0.000      0.001      0.001     0.000%     0.401%      0.000              1   [Delegate]:0
                                        DYNAMIC_UPDATE_SLICE     10.329      0.003      0.003     0.000%     0.401%      0.000              1   [Builtin]:1149
                       Delegate/Transpose (ND, X8) Transpose      0.000      0.010      0.002     0.001%     0.402%      0.000             15   [Delegate]:0
                                        DYNAMIC_UPDATE_SLICE     10.345      0.008      0.008     0.000%     0.402%      0.000              1   [Builtin]:1151
                                               GREATER_EQUAL     10.354      0.036      0.036     0.001%     0.403%      0.000              1   [Builtin]:63
                                                        LESS     10.390      0.012      0.012     0.000%     0.404%      0.000              1   [Builtin]:64
                                                 LOGICAL_AND     10.403      0.128      0.128     0.004%     0.408%      0.000              1   [Builtin]:65
                                                     RESHAPE     10.531      0.000      0.000     0.000%     0.408%      0.000              1   [Builtin]:66
                                                       SLICE     10.531      0.004      0.004     0.000%     0.408%      0.000              1   [Builtin]:1152
                                                         ADD     10.536      0.005      0.005     0.000%     0.408%      0.000              1   [Builtin]:1153
                                                         SUB     10.542      0.003      0.003     0.000%     0.409%      0.000              1   [Builtin]:1154
                                                     MAXIMUM     10.546      0.002      0.002     0.000%     0.409%      0.000              1   [Builtin]:1155
                                                     RESHAPE     10.548      0.000      0.000     0.000%     0.409%      0.000              1   [Builtin]:1156
                                                     RESHAPE     10.548      0.001      0.001     0.000%     0.409%      0.000              1   [Builtin]:1157
                                               CONCATENATION     10.549      0.002      0.002     0.000%     0.409%      0.000              1   [Builtin]:1158
                                                       SLICE     10.551      0.008      0.008     0.000%     0.409%      0.000              1   [Builtin]:1159
                             Delegate/Convert (NC, QS8, QC8)      0.000      0.009      0.010     0.009%     0.418%      0.000             26   [Delegate]:0
         Delegate/Batch Matrix Multiply (NC, F32, QC8W) GEMM      0.000      2.505      2.546     2.244%     2.662%      0.000             26   [Delegate]:1
                                                        PACK     13.080      0.002      0.002     0.000%     2.662%      0.000              1   [Builtin]:1162
                                                        FILL     13.082      0.427      0.427     0.014%     2.676%      0.000              1   [Builtin]:1163
                                        DYNAMIC_UPDATE_SLICE     13.509      0.075      0.075     0.003%     2.679%      0.000              1   [Builtin]:1164
                                                     RESHAPE     13.584      0.001      0.001     0.000%     2.679%      0.000              1   [Builtin]:68
                                                        CAST     13.585      0.109      0.109     0.004%     2.682%      0.000              1   [Builtin]:69
                                               CONCATENATION     13.694      0.303      0.303     0.010%     2.693%      0.000              1   [Builtin]:70
                                                   NOT_EQUAL     13.997      0.750      0.750     0.025%     2.718%      0.000              1   [Builtin]:71
                                                     RESHAPE     14.747      0.001      0.001     0.000%     2.718%      0.000              1   [Builtin]:72
                                                   SELECT_V2     14.748      0.766      0.766     0.026%     2.744%      0.000              1   [Builtin]:73
                                  Delegate/Softmax (NC, F32)      0.000      0.235      0.238     0.113%     2.857%      0.000             14   [Delegate]:0
                                                       SLICE     15.753      0.002      0.002     0.000%     2.857%      0.000              1   [Builtin]:1165
                                                         ADD     15.755      0.001      0.001     0.000%     2.857%      0.000              1   [Builtin]:1166
                                                         SUB     15.757      0.001      0.001     0.000%     2.857%      0.000              1   [Builtin]:1167
                                                     MAXIMUM     15.758      0.001      0.001     0.000%     2.857%      0.000              1   [Builtin]:1168
                                                     RESHAPE     15.759      0.000      0.000     0.000%     2.857%      0.000              1   [Builtin]:1169
                                               CONCATENATION     15.759      0.001      0.001     0.000%     2.857%      0.000              1   [Builtin]:1170
                                                       SLICE     15.760      0.089      0.089     0.003%     2.861%      0.000              1   [Builtin]:1171
                                                       SLICE     15.849      0.016      0.016     0.001%     2.861%      0.000              1   [Builtin]:1172
                                Delegate/Static Reshape (NC)      0.000      0.000      0.000     0.000%     2.861%      0.000             12   [Delegate]:2
                      Delegate/Transpose (ND, X32) Transpose      0.000      0.018      0.014     0.006%     2.867%      0.000             12   [Delegate]:3
                                                        CAST     18.103      0.022      0.022     0.001%     2.867%      0.000              1   [Builtin]:78
                             Delegate/Reduce Max (ND) Reduce      0.000      0.003      0.003     0.000%     2.868%      0.000              2   [Delegate]:0
                                                   NOT_EQUAL     18.131      0.002      0.002     0.000%     2.868%      0.000              1   [Builtin]:80
                                                   SELECT_V2     18.133      0.028      0.028     0.001%     2.869%      0.000              1   [Builtin]:81
               Delegate/Fully Connected (NC, QS8, QC4W) GEMM      0.000      1.909      2.076     0.985%     3.854%      0.000             14   [Delegate]:2
                                       Delegate/Convert (NC)      0.000      0.007      0.011     0.005%     3.859%      0.000             14   [Delegate]:3
                             Delegate/Normalize (ND) Reduce2      0.000      0.003      0.003     0.002%     3.861%      0.000             14   [Delegate]:4
                                           Delegate/Add (ND)      0.000      0.000      0.000     0.000%     3.861%      0.000             14   [Delegate]:6
                                Delegate/Static Reshape (NC)      0.000      0.000      0.000     0.000%     3.861%      0.000             14   [Delegate]:7
                        Delegate/Reciprocal Square Root (NC)      0.000      0.000      0.000     0.000%     3.861%      0.000             14   [Delegate]:8
                             Delegate/Normalize (ND) Reduce2      0.000      0.004      0.004     0.002%     3.863%      0.000             14   [Delegate]:12
                                           Delegate/Add (ND)      0.000      0.000      0.000     0.000%     3.863%      0.000             14   [Delegate]:14
                        Delegate/Reciprocal Square Root (NC)      0.000      0.000      0.000     0.000%     3.863%      0.000             14   [Delegate]:16
                                      Delegate/Multiply (ND)      0.000      0.025      0.020     0.010%     3.872%      0.000             14   [Delegate]:17
                                       Delegate/Convert (NC)      0.000      0.007      0.007     0.003%     3.875%      0.000             14   [Delegate]:19
               Delegate/Fully Connected (NC, QS8, QC4W) GEMM      0.000      3.897      3.933     1.867%     5.742%      0.000             14   [Delegate]:20
                                       Delegate/Convert (NC)      0.000      0.086      0.073     0.035%     5.777%      0.000             14   [Delegate]:21
               Delegate/Fully Connected (NC, QS8, QC4W) GEMM      0.000      3.857      3.882     1.843%     7.620%      0.000             14   [Delegate]:22
                                       Delegate/Convert (NC)      0.000      0.057      0.034     0.016%     7.636%      0.000             14   [Delegate]:23
                                    Delegate/ApproxGELU (NC)      0.000      0.147      0.147     0.070%     7.705%      0.000             14   [Delegate]:24
                                       Delegate/Convert (NC)      0.000      0.032      0.030     0.014%     7.720%      0.000             14   [Delegate]:26
               Delegate/Fully Connected (NC, QS8, QC4W) GEMM      0.000      4.516      4.425     2.100%     9.820%      0.000             14   [Delegate]:27
                                       Delegate/Convert (NC)      0.000      0.010      0.008     0.004%     9.824%      0.000             14   [Delegate]:28
                             Delegate/Normalize (ND) Reduce2      0.000      0.004      0.003     0.001%     9.825%      0.000             14   [Delegate]:29
                                           Delegate/Add (ND)      0.000      0.000      0.000     0.000%     9.825%      0.000             14   [Delegate]:31
                                Delegate/Static Reshape (NC)      0.000      0.000      0.000     0.000%     9.825%      0.000             14   [Delegate]:32
                        Delegate/Reciprocal Square Root (NC)      0.000      0.000      0.000     0.000%     9.825%      0.000             14   [Delegate]:33
                                      Delegate/Multiply (ND)      0.000      0.006      0.006     0.003%     9.828%      0.000             14   [Delegate]:34
                                      Delegate/Multiply (ND)      0.000      0.007      0.007     0.003%     9.831%      0.000             14   [Delegate]:35
                                           Delegate/Add (ND)      0.000      0.022      0.019     0.009%     9.840%      0.000             14   [Delegate]:36
                                       Delegate/Convert (NC)      0.000      0.007      0.007     0.004%     9.844%      0.000             14   [Delegate]:37
              Delegate/Fully Connected (NC, PQS8, QC8W) GEMM      0.000      0.323      0.314     0.149%     9.993%      0.000             14   [Delegate]:38
                                       Delegate/Convert (NC)      0.000      0.003      0.002     0.001%     9.994%      0.000             14   [Delegate]:39
                                    Delegate/ApproxGELU (NC)      0.000      0.006      0.006     0.003%     9.997%      0.000             14   [Delegate]:40
                                      Delegate/Multiply (ND)      0.000      0.006      0.005     0.002%     9.999%      0.000             14   [Delegate]:41
                                       Delegate/Convert (NC)      0.000      0.001      0.001     0.000%    10.000%      0.000             14   [Delegate]:42
              Delegate/Fully Connected (NC, PQS8, QC8W) GEMM      0.000      0.187      0.188     0.089%    10.089%      0.000             14   [Delegate]:43
                                       Delegate/Convert (NC)      0.000      0.025      0.016     0.008%    10.097%      0.000             14   [Delegate]:44
                             Delegate/Normalize (ND) Reduce2      0.000      0.004      0.003     0.001%    10.098%      0.000             14   [Delegate]:45
                                      Delegate/Multiply (ND)      0.000      0.000      0.000     0.000%    10.098%      0.000             14   [Delegate]:46
                                           Delegate/Add (ND)      0.000      0.000      0.000     0.000%    10.098%      0.000             14   [Delegate]:47
                                Delegate/Static Reshape (NC)      0.000      0.000      0.000     0.000%    10.098%      0.000             14   [Delegate]:48
                        Delegate/Reciprocal Square Root (NC)      0.000      0.000      0.000     0.000%    10.098%      0.000             14   [Delegate]:49
                                      Delegate/Multiply (ND)      0.000      0.008      0.008     0.004%    10.102%      0.000             14   [Delegate]:50
                                      Delegate/Multiply (ND)      0.000      0.007      0.007     0.003%    10.106%      0.000             14   [Delegate]:51
                                           Delegate/Add (ND)      0.000      0.008      0.007     0.003%    10.109%      0.000             14   [Delegate]:52
                                      Delegate/Multiply (ND)      0.000      0.063      0.029     0.014%    10.123%      0.000             14   [Delegate]:53
                             Delegate/Normalize (ND) Reduce2      0.000      0.004      0.004     0.002%    10.125%      0.000             14   [Delegate]:54
                                      Delegate/Multiply (ND)      0.000      0.000      0.000     0.000%    10.125%      0.000             14   [Delegate]:55
                                           Delegate/Add (ND)      0.000      0.000      0.000     0.000%    10.125%      0.000             14   [Delegate]:56
                                Delegate/Static Reshape (NC)      0.000      0.000      0.000     0.000%    10.125%      0.000             14   [Delegate]:57
                        Delegate/Reciprocal Square Root (NC)      0.000      0.000      0.000     0.000%    10.125%      0.000             14   [Delegate]:58
                                      Delegate/Multiply (ND)      0.000      0.005      0.005     0.002%    10.127%      0.000             14   [Delegate]:59
                                      Delegate/Multiply (ND)      0.000      0.007      0.007     0.003%    10.130%      0.000             14   [Delegate]:60
                                       Delegate/Convert (NC)      0.000      0.007      0.007     0.003%    10.134%      0.000             14   [Delegate]:61
               Delegate/Fully Connected (NC, QS8, QC4W) GEMM      0.000      1.570      1.577     0.749%    10.882%      0.000             14   [Delegate]:62
                                Delegate/Static Reshape (NC)      0.000      0.000      0.000     0.000%    10.882%      0.000             14   [Delegate]:63
                                       Delegate/Convert (NC)      0.000      0.009      0.013     0.006%    10.888%      0.000             14   [Delegate]:64
               Delegate/Fully Connected (NC, QS8, QC4W) GEMM      0.000      0.501      0.395     0.188%    11.076%      0.000             14   [Delegate]:65
                                Delegate/Static Reshape (NC)      0.000      0.000      0.000     0.000%    11.076%      0.000             14   [Delegate]:66
                                       Delegate/Convert (NC)      0.000      0.008      0.005     0.003%    11.078%      0.000             14   [Delegate]:67
               Delegate/Fully Connected (NC, QS8, QC4W) GEMM      0.000      0.153      0.235     0.104%    11.182%      0.000             13   [Delegate]:68
                                Delegate/Static Reshape (NC)      0.000      0.000      0.000     0.000%    11.182%      0.000             13   [Delegate]:69
                                       Delegate/Convert (NC)      0.000      0.002      0.002     0.001%    11.183%      0.000             13   [Delegate]:70
                             Delegate/Normalize (ND) Reduce2      0.000      0.005      0.007     0.003%    11.186%      0.000             13   [Delegate]:71
                                      Delegate/Multiply (ND)      0.000      0.000      0.000     0.000%    11.186%      0.000             13   [Delegate]:72
                                           Delegate/Add (ND)      0.000      0.000      0.000     0.000%    11.186%      0.000             13   [Delegate]:73
                                Delegate/Static Reshape (NC)      0.000      0.000      0.000     0.000%    11.186%      0.000             13   [Delegate]:74
                        Delegate/Reciprocal Square Root (NC)      0.000      0.000      0.000     0.000%    11.186%      0.000             13   [Delegate]:75
                                      Delegate/Multiply (ND)      0.000      0.007      0.008     0.004%    11.190%      0.000             14   [Delegate]:76
                                      Delegate/Multiply (ND)      0.000      0.009      0.011     0.005%    11.195%      0.000             13   [Delegate]:77
                             Delegate/Normalize (ND) Reduce2      0.000      0.001      0.001     0.001%    11.195%      0.000             13   [Delegate]:78
                                      Delegate/Multiply (ND)      0.000      0.000      0.000     0.000%    11.195%      0.000             13   [Delegate]:79
                                           Delegate/Add (ND)      0.000      0.000      0.000     0.000%    11.195%      0.000             13   [Delegate]:80
                                Delegate/Static Reshape (NC)      0.000      0.000      0.000     0.000%    11.195%      0.000             13   [Delegate]:81
                        Delegate/Reciprocal Square Root (NC)      0.000      0.000      0.000     0.000%    11.195%      0.000             13   [Delegate]:82
                                      Delegate/Multiply (ND)      0.000      0.001      0.001     0.001%    11.196%      0.000             13   [Delegate]:83
                                      Delegate/Multiply (ND)      0.000      0.001      0.002     0.001%    11.196%      0.000             14   [Delegate]:84
                             Delegate/Normalize (ND) Reduce2      0.000      0.001      0.001     0.000%    11.197%      0.000             13   [Delegate]:85
                                      Delegate/Multiply (ND)      0.000      0.000      0.000     0.000%    11.197%      0.000             13   [Delegate]:86
                                           Delegate/Add (ND)      0.000      0.000      0.000     0.000%    11.197%      0.000             13   [Delegate]:87
                                Delegate/Static Reshape (NC)      0.000      0.000      0.000     0.000%    11.197%      0.000             13   [Delegate]:88
                        Delegate/Reciprocal Square Root (NC)      0.000      0.000      0.000     0.000%    11.197%      0.000             13   [Delegate]:89
                                      Delegate/Multiply (ND)      0.000      0.001      0.001     0.001%    11.198%      0.000             13   [Delegate]:90
                                      Delegate/Multiply (ND)      0.000      0.001      0.001     0.001%    11.198%      0.000             13   [Delegate]:91
                                    Delegate/Slice (ND, X32)      0.000      0.006      0.007     0.003%    11.201%      0.000             12   [Delegate]:92
                                    Delegate/Slice (ND, X32)      0.000      0.005      0.006     0.002%    11.203%      0.000             12   [Delegate]:93
                                      Delegate/Multiply (ND)      0.000      0.006      0.006     0.002%    11.206%      0.000             12   [Delegate]:94
                                      Delegate/Multiply (ND)      0.000      0.005      0.005     0.002%    11.208%      0.000             12   [Delegate]:95
                                      Delegate/Subtract (ND)      0.000      0.004      0.004     0.002%    11.210%      0.000             12   [Delegate]:96
                                      Delegate/Multiply (ND)      0.000      0.005      0.006     0.002%    11.212%      0.000             12   [Delegate]:97
                                      Delegate/Multiply (ND)      0.000      0.005      0.006     0.003%    11.215%      0.000             13   [Delegate]:98
                                           Delegate/Add (ND)      0.000      0.004      0.004     0.002%    11.217%      0.000             12   [Delegate]:99
                                     Delegate/Copy (NC, X32)      0.000      0.008      0.009     0.004%    11.220%      0.000             12   [Delegate]:100
                                    Delegate/Slice (ND, X32)      0.000      0.001      0.001     0.000%    11.221%      0.000             12   [Delegate]:101
                                    Delegate/Slice (ND, X32)      0.000      0.001      0.001     0.000%    11.221%      0.000             12   [Delegate]:102
                                      Delegate/Multiply (ND)      0.000      0.001      0.001     0.000%    11.221%      0.000             12   [Delegate]:103
                                      Delegate/Multiply (ND)      0.000      0.001      0.001     0.000%    11.222%      0.000             12   [Delegate]:104
                                      Delegate/Subtract (ND)      0.000      0.000      0.000     0.000%    11.222%      0.000             12   [Delegate]:105
                                      Delegate/Multiply (ND)      0.000      0.000      0.001     0.000%    11.222%      0.000             12   [Delegate]:106
                                      Delegate/Multiply (ND)      0.000      0.001      0.001     0.000%    11.223%      0.000             13   [Delegate]:107
                                           Delegate/Add (ND)      0.000      0.000      0.000     0.000%    11.223%      0.000             12   [Delegate]:108
                                     Delegate/Copy (NC, X32)      0.000      0.001      0.001     0.000%    11.223%      0.000             12   [Delegate]:109
                                Delegate/Static Reshape (NC)      0.000      0.000      0.000     0.000%    11.223%      0.000             12   [Delegate]:110
                                Delegate/Static Reshape (NC)      0.000      0.000      0.000     0.000%    11.223%      0.000             12   [Delegate]:111
                      Delegate/Transpose (ND, X32) Transpose      0.000      0.010      0.011     0.004%    11.227%      0.000             12   [Delegate]:112
                                Delegate/Static Reshape (NC)      0.000      0.022      0.021     0.008%    11.236%      0.000             12   [Delegate]:113
                                       Delegate/Convert (NC)      0.000      0.005      0.002     0.001%    11.237%      0.000             12   [Delegate]:114
                                       Delegate/Convert (NC)      0.000      0.001      0.001     0.000%    11.237%      0.000             12   [Delegate]:115
                                        DYNAMIC_UPDATE_SLICE     36.022      0.004      0.004     0.000%    11.237%      0.000              1   [Builtin]:1241
                                        DYNAMIC_UPDATE_SLICE     36.030      0.008      0.008     0.000%    11.238%      0.000              1   [Builtin]:1243
                                                       SLICE     36.038      0.003      0.003     0.000%    11.238%      0.000              1   [Builtin]:1244
                                                         ADD     36.042      0.002      0.002     0.000%    11.238%      0.000              1   [Builtin]:1245
                                                         SUB     36.044      0.002      0.002     0.000%    11.238%      0.000              1   [Builtin]:1246
                                                     MAXIMUM     36.046      0.002      0.002     0.000%    11.238%      0.000              1   [Builtin]:1247
                                                     RESHAPE     36.048      0.001      0.001     0.000%    11.238%      0.000              1   [Builtin]:1248
                                                     RESHAPE     36.049      0.000      0.000     0.000%    11.238%      0.000              1   [Builtin]:1249
                                               CONCATENATION     36.049      0.003      0.003     0.000%    11.238%      0.000              1   [Builtin]:1250
                                                       SLICE     36.052      0.008      0.008     0.000%    11.238%      0.000              1   [Builtin]:1251
                                                        PACK     38.224      0.002      0.002     0.000%    11.238%      0.000              1   [Builtin]:1254
                                                        FILL     38.226      0.098      0.098     0.003%    11.242%      0.000              1   [Builtin]:1255
                                        DYNAMIC_UPDATE_SLICE     38.325      0.112      0.112     0.004%    11.246%      0.000              1   [Builtin]:1256
                                                   SELECT_V2     38.438      0.807      0.807     0.027%    11.273%      0.000              1   [Builtin]:150
                                                       SLICE     39.485      0.001      0.001     0.000%    11.273%      0.000              1   [Builtin]:1257
                                                         ADD     39.487      0.000      0.000     0.000%    11.273%      0.000              1   [Builtin]:1258
                                                         SUB     39.488      0.000      0.000     0.000%    11.273%      0.000              1   [Builtin]:1259
                                                     MAXIMUM     39.488      0.001      0.001     0.000%    11.273%      0.000              1   [Builtin]:1260
                                                     RESHAPE     39.489      0.001      0.001     0.000%    11.273%      0.000              1   [Builtin]:1261
                                               CONCATENATION     39.490      0.001      0.001     0.000%    11.273%      0.000              1   [Builtin]:1262
                                                       SLICE     39.491      0.111      0.111     0.004%    11.277%      0.000              1   [Builtin]:1263
                                                       SLICE     39.602      0.017      0.017     0.001%    11.277%      0.000              1   [Builtin]:1264
                                                   SELECT_V2     41.799      0.026      0.026     0.001%    11.278%      0.000              1   [Builtin]:155
                                        DYNAMIC_UPDATE_SLICE     59.700      0.005      0.005     0.000%    11.278%      0.000              1   [Builtin]:1333
                                        DYNAMIC_UPDATE_SLICE     59.709      0.008      0.008     0.000%    11.279%      0.000              1   [Builtin]:1335
                                                       SLICE     59.718      0.002      0.002     0.000%    11.279%      0.000              1   [Builtin]:1336
                                                         ADD     59.720      0.002      0.002     0.000%    11.279%      0.000              1   [Builtin]:1337
                                                         SUB     59.723      0.000      0.000     0.000%    11.279%      0.000              1   [Builtin]:1338
                                                     MAXIMUM     59.724      0.001      0.001     0.000%    11.279%      0.000              1   [Builtin]:1339
                                                     RESHAPE     59.725      0.000      0.000     0.000%    11.279%      0.000              1   [Builtin]:1340
                                                     RESHAPE     59.725      0.001      0.001     0.000%    11.279%      0.000              1   [Builtin]:1341
                                               CONCATENATION     59.726      0.002      0.002     0.000%    11.279%      0.000              1   [Builtin]:1342
                                                       SLICE     59.728      0.009      0.009     0.000%    11.279%      0.000              1   [Builtin]:1343
                                                        PACK     61.896      0.001      0.001     0.000%    11.279%      0.000              1   [Builtin]:1346
                                                        FILL     61.897      0.124      0.124     0.004%    11.283%      0.000              1   [Builtin]:1347
                                        DYNAMIC_UPDATE_SLICE     62.021      0.125      0.125     0.004%    11.288%      0.000              1   [Builtin]:1348
                                                   SELECT_V2     62.147      0.806      0.806     0.027%    11.315%      0.000              1   [Builtin]:224
                                                       SLICE     63.200      0.002      0.002     0.000%    11.315%      0.000              1   [Builtin]:1349
                                                         ADD     63.202      0.001      0.001     0.000%    11.315%      0.000              1   [Builtin]:1350
                                                         SUB     63.204      0.000      0.000     0.000%    11.315%      0.000              1   [Builtin]:1351
                                                     MAXIMUM     63.204      0.001      0.001     0.000%    11.315%      0.000              1   [Builtin]:1352
                                                     RESHAPE     63.205      0.000      0.000     0.000%    11.315%      0.000              1   [Builtin]:1353
                                               CONCATENATION     63.206      0.000      0.000     0.000%    11.315%      0.000              1   [Builtin]:1354
                                                       SLICE     63.206      0.123      0.123     0.004%    11.319%      0.000              1   [Builtin]:1355
                                                       SLICE     63.329      0.017      0.017     0.001%    11.320%      0.000              1   [Builtin]:1356
                                                   SELECT_V2     65.541      0.026      0.026     0.001%    11.321%      0.000              1   [Builtin]:229
                                        DYNAMIC_UPDATE_SLICE     83.281      0.004      0.004     0.000%    11.321%      0.000              1   [Builtin]:1425
                                        DYNAMIC_UPDATE_SLICE     83.290      0.008      0.008     0.000%    11.321%      0.000              1   [Builtin]:1427
                                                       SLICE     83.298      0.001      0.001     0.000%    11.321%      0.000              1   [Builtin]:1428
                                                         ADD     83.299      0.001      0.001     0.000%    11.321%      0.000              1   [Builtin]:1429
                                                         SUB     83.300      0.001      0.001     0.000%    11.321%      0.000              1   [Builtin]:1430
                                                     MAXIMUM     83.302      0.000      0.000     0.000%    11.321%      0.000              1   [Builtin]:1431
                                                     RESHAPE     83.303      0.000      0.000     0.000%    11.321%      0.000              1   [Builtin]:1432
                                                     RESHAPE     83.303      0.001      0.001     0.000%    11.321%      0.000              1   [Builtin]:1433
                                               CONCATENATION     83.304      0.001      0.001     0.000%    11.321%      0.000              1   [Builtin]:1434
                                                       SLICE     83.305      0.008      0.008     0.000%    11.322%      0.000              1   [Builtin]:1435
                                                        PACK     85.467      0.002      0.002     0.000%    11.322%      0.000              1   [Builtin]:1438
                                                        FILL     85.469      0.100      0.100     0.003%    11.325%      0.000              1   [Builtin]:1439
                                        DYNAMIC_UPDATE_SLICE     85.569      0.107      0.107     0.004%    11.329%      0.000              1   [Builtin]:1440
                                                   SELECT_V2     85.676      0.806      0.806     0.027%    11.356%      0.000              1   [Builtin]:298
                                                       SLICE     86.722      0.002      0.002     0.000%    11.356%      0.000              1   [Builtin]:1441
                                                         ADD     86.724      0.001      0.001     0.000%    11.356%      0.000              1   [Builtin]:1442
                                                         SUB     86.725      0.000      0.000     0.000%    11.356%      0.000              1   [Builtin]:1443
                                                     MAXIMUM     86.726      0.000      0.000     0.000%    11.356%      0.000              1   [Builtin]:1444
                                                     RESHAPE     86.726      0.001      0.001     0.000%    11.356%      0.000              1   [Builtin]:1445
                                               CONCATENATION     86.727      0.001      0.001     0.000%    11.356%      0.000              1   [Builtin]:1446
                                                       SLICE     86.728      0.133      0.133     0.005%    11.361%      0.000              1   [Builtin]:1447
                                                       SLICE     86.861      0.018      0.018     0.001%    11.361%      0.000              1   [Builtin]:1448
                                                   SELECT_V2     89.065      0.026      0.026     0.001%    11.362%      0.000              1   [Builtin]:303
                                      Delegate/Multiply (ND)      0.000      0.001      0.001     0.000%    11.362%      0.000              1   [Delegate]:92
                                Delegate/Static Reshape (NC)      0.000      0.001      0.001     0.000%    11.362%      0.000              1   [Delegate]:93
                                          Delegate/Sine (NC)      0.000      0.016      0.016     0.001%    11.363%      0.000              1   [Delegate]:94
                                        Delegate/Cosine (NC)      0.000      0.016      0.016     0.001%    11.363%      0.000              1   [Delegate]:95
                                    Delegate/Slice (ND, X32)      0.000      0.014      0.014     0.000%    11.364%      0.000              1   [Delegate]:96
                                    Delegate/Slice (ND, X32)      0.000      0.026      0.026     0.001%    11.365%      0.000              1   [Delegate]:97
                                      Delegate/Multiply (ND)      0.000      0.022      0.022     0.001%    11.365%      0.000              1   [Delegate]:99
                                      Delegate/Subtract (ND)      0.000      0.012      0.012     0.000%    11.366%      0.000              1   [Delegate]:100
                                      Delegate/Multiply (ND)      0.000      0.010      0.010     0.000%    11.366%      0.000              1   [Delegate]:101
                                      Delegate/Multiply (ND)      0.000      0.011      0.011     0.000%    11.367%      0.000              1   [Delegate]:102
                                           Delegate/Add (ND)      0.000      0.009      0.009     0.000%    11.367%      0.000              1   [Delegate]:103
                                     Delegate/Copy (NC, X32)      0.000      0.019      0.019     0.001%    11.368%      0.000              1   [Delegate]:104
                                    Delegate/Slice (ND, X32)      0.000      0.003      0.003     0.000%    11.368%      0.000              1   [Delegate]:105
                                    Delegate/Slice (ND, X32)      0.000      0.001      0.001     0.000%    11.368%      0.000              1   [Delegate]:106
                                      Delegate/Multiply (ND)      0.000      0.002      0.002     0.000%    11.368%      0.000              1   [Delegate]:108
                                      Delegate/Subtract (ND)      0.000      0.001      0.001     0.000%    11.368%      0.000              1   [Delegate]:109
                                      Delegate/Multiply (ND)      0.000      0.001      0.001     0.000%    11.368%      0.000              1   [Delegate]:110
                                      Delegate/Multiply (ND)      0.000      0.001      0.001     0.000%    11.368%      0.000              1   [Delegate]:111
                                           Delegate/Add (ND)      0.000      0.001      0.001     0.000%    11.368%      0.000              1   [Delegate]:112
                                     Delegate/Copy (NC, X32)      0.000      0.002      0.002     0.000%    11.368%      0.000              1   [Delegate]:113
                                Delegate/Static Reshape (NC)      0.000      0.000      0.000     0.000%    11.368%      0.000              1   [Delegate]:114
                                Delegate/Static Reshape (NC)      0.000      0.000      0.000     0.000%    11.368%      0.000              1   [Delegate]:115
                      Delegate/Transpose (ND, X32) Transpose      0.000      0.018      0.018     0.001%    11.369%      0.000              1   [Delegate]:116
                                Delegate/Static Reshape (NC)      0.000      0.033      0.033     0.001%    11.370%      0.000              1   [Delegate]:117
                                       Delegate/Convert (NC)      0.000      0.005      0.005     0.000%    11.370%      0.000              1   [Delegate]:118
                                       Delegate/Convert (NC)      0.000      0.003      0.003     0.000%    11.370%      0.000              1   [Delegate]:119
                                        DYNAMIC_UPDATE_SLICE    109.225      0.005      0.005     0.000%    11.370%      0.000              1   [Builtin]:1517
                                        DYNAMIC_UPDATE_SLICE    109.235      0.015      0.015     0.001%    11.371%      0.000              1   [Builtin]:1519
                                                        CAST    116.308      0.027      0.027     0.001%    11.372%      0.000              1   [Builtin]:376
                                               CONCATENATION    116.336      0.086      0.086     0.003%    11.374%      0.000              1   [Builtin]:377
                                                   NOT_EQUAL    116.423      0.161      0.161     0.005%    11.380%      0.000              1   [Builtin]:378
                                                     RESHAPE    116.584      0.000      0.000     0.000%    11.380%      0.000              1   [Builtin]:379
                                                   SELECT_V2    116.585      0.818      0.818     0.028%    11.408%      0.000              1   [Builtin]:380
                             Delegate/Convert (NC, QS8, QC8)      0.000      0.024      0.022     0.001%    11.409%      0.000              2   [Delegate]:1
         Delegate/Batch Matrix Multiply (NC, F32, QC8W) GEMM      0.000      6.804      6.811     0.462%    11.871%      0.000              2   [Delegate]:2
                      Delegate/Transpose (ND, X32) Transpose      0.000      0.070      0.065     0.004%    11.875%      0.000              2   [Delegate]:4
                                                        CAST    124.546      0.027      0.027     0.001%    11.876%      0.000              1   [Builtin]:385
                                                   NOT_EQUAL    124.580      0.002      0.002     0.000%    11.876%      0.000              1   [Builtin]:387
                                                   SELECT_V2    124.582      0.108      0.108     0.004%    11.880%      0.000              1   [Builtin]:388
                                        DYNAMIC_UPDATE_SLICE    143.671      0.004      0.004     0.000%    11.880%      0.000              1   [Builtin]:1590
                                        DYNAMIC_UPDATE_SLICE    143.679      0.008      0.008     0.000%    11.880%      0.000              1   [Builtin]:1592
                                                       SLICE    143.687      0.003      0.003     0.000%    11.880%      0.000              1   [Builtin]:1593
                                                         ADD    143.690      0.002      0.002     0.000%    11.881%      0.000              1   [Builtin]:1594
                                                         SUB    143.692      0.001      0.001     0.000%    11.881%      0.000              1   [Builtin]:1595
                                                     MAXIMUM    143.694      0.001      0.001     0.000%    11.881%      0.000              1   [Builtin]:1596
                                                     RESHAPE    143.695      0.000      0.000     0.000%    11.881%      0.000              1   [Builtin]:1597
                                                     RESHAPE    143.696      0.000      0.000     0.000%    11.881%      0.000              1   [Builtin]:1598
                                               CONCATENATION    143.696      0.002      0.002     0.000%    11.881%      0.000              1   [Builtin]:1599
                                                       SLICE    143.698      0.009      0.009     0.000%    11.881%      0.000              1   [Builtin]:1600
                                                        PACK    145.956      0.001      0.001     0.000%    11.881%      0.000              1   [Builtin]:1603
                                                        FILL    145.958      0.109      0.109     0.004%    11.885%      0.000              1   [Builtin]:1604
                                        DYNAMIC_UPDATE_SLICE    146.067      0.157      0.157     0.005%    11.890%      0.000              1   [Builtin]:1605
                                                   SELECT_V2    146.225      0.833      0.833     0.028%    11.918%      0.000              1   [Builtin]:457
                                                       SLICE    147.332      0.002      0.002     0.000%    11.918%      0.000              1   [Builtin]:1606
                                                         ADD    147.334      0.001      0.001     0.000%    11.918%      0.000              1   [Builtin]:1607
                                                         SUB    147.336      0.000      0.000     0.000%    11.918%      0.000              1   [Builtin]:1608
                                                     MAXIMUM    147.336      0.001      0.001     0.000%    11.918%      0.000              1   [Builtin]:1609
                                                     RESHAPE    147.337      0.001      0.001     0.000%    11.918%      0.000              1   [Builtin]:1610
                                               CONCATENATION    147.338      0.000      0.000     0.000%    11.918%      0.000              1   [Builtin]:1611
                                                       SLICE    147.339      0.144      0.144     0.005%    11.923%      0.000              1   [Builtin]:1612
                                                       SLICE    147.483      0.020      0.020     0.001%    11.924%      0.000              1   [Builtin]:1613
                                                   SELECT_V2    149.686      0.026      0.026     0.001%    11.925%      0.000              1   [Builtin]:462
                                        DYNAMIC_UPDATE_SLICE    166.828      0.004      0.004     0.000%    11.925%      0.000              1   [Builtin]:1682
                                        DYNAMIC_UPDATE_SLICE    166.836      0.008      0.008     0.000%    11.925%      0.000              1   [Builtin]:1684
                                                       SLICE    166.844      0.001      0.001     0.000%    11.925%      0.000              1   [Builtin]:1685
                                                         ADD    166.846      0.001      0.001     0.000%    11.925%      0.000              1   [Builtin]:1686
                                                         SUB    166.847      0.001      0.001     0.000%    11.925%      0.000              1   [Builtin]:1687
                                                     MAXIMUM    166.848      0.001      0.001     0.000%    11.925%      0.000              1   [Builtin]:1688
                                                     RESHAPE    166.849      0.000      0.000     0.000%    11.925%      0.000              1   [Builtin]:1689
                                                     RESHAPE    166.849      0.001      0.001     0.000%    11.925%      0.000              1   [Builtin]:1690
                                               CONCATENATION    166.850      0.001      0.001     0.000%    11.926%      0.000              1   [Builtin]:1691
                                                       SLICE    166.851      0.010      0.010     0.000%    11.926%      0.000              1   [Builtin]:1692
                                                        PACK    169.137      0.002      0.002     0.000%    11.926%      0.000              1   [Builtin]:1695
                                                        FILL    169.139      0.105      0.105     0.004%    11.929%      0.000              1   [Builtin]:1696
                                        DYNAMIC_UPDATE_SLICE    169.245      0.114      0.114     0.004%    11.933%      0.000              1   [Builtin]:1697
                                                   SELECT_V2    169.361      0.819      0.819     0.028%    11.961%      0.000              1   [Builtin]:531
                                                       SLICE    170.420      0.002      0.002     0.000%    11.961%      0.000              1   [Builtin]:1698
                                                         ADD    170.422      0.001      0.001     0.000%    11.961%      0.000              1   [Builtin]:1699
                                                         SUB    170.423      0.001      0.001     0.000%    11.961%      0.000              1   [Builtin]:1700
                                                     MAXIMUM    170.424      0.001      0.001     0.000%    11.961%      0.000              1   [Builtin]:1701
                                                     RESHAPE    170.425      0.000      0.000     0.000%    11.961%      0.000              1   [Builtin]:1702
                                               CONCATENATION    170.425      0.001      0.001     0.000%    11.961%      0.000              1   [Builtin]:1703
                                                       SLICE    170.426      0.124      0.124     0.004%    11.966%      0.000              1   [Builtin]:1704
                                                       SLICE    170.551      0.017      0.017     0.001%    11.966%      0.000              1   [Builtin]:1705
                                                   SELECT_V2    172.720      0.026      0.026     0.001%    11.967%      0.000              1   [Builtin]:536
                                        DYNAMIC_UPDATE_SLICE    189.720      0.004      0.004     0.000%    11.967%      0.000              1   [Builtin]:1774
                                        DYNAMIC_UPDATE_SLICE    189.727      0.008      0.008     0.000%    11.967%      0.000              1   [Builtin]:1776
                                                       SLICE    189.735      0.002      0.002     0.000%    11.967%      0.000              1   [Builtin]:1777
                                                         ADD    189.737      0.001      0.001     0.000%    11.967%      0.000              1   [Builtin]:1778
                                                         SUB    189.739      0.000      0.000     0.000%    11.967%      0.000              1   [Builtin]:1779
                                                     MAXIMUM    189.740      0.000      0.000     0.000%    11.967%      0.000              1   [Builtin]:1780
                                                     RESHAPE    189.741      0.000      0.000     0.000%    11.967%      0.000              1   [Builtin]:1781
                                                     RESHAPE    189.741      0.000      0.000     0.000%    11.967%      0.000              1   [Builtin]:1782
                                               CONCATENATION    189.741      0.001      0.001     0.000%    11.968%      0.000              1   [Builtin]:1783
                                                       SLICE    189.743      0.008      0.008     0.000%    11.968%      0.000              1   [Builtin]:1784
                                                        PACK    191.908      0.002      0.002     0.000%    11.968%      0.000              1   [Builtin]:1787
                                                        FILL    191.910      0.104      0.104     0.004%    11.971%      0.000              1   [Builtin]:1788
                                        DYNAMIC_UPDATE_SLICE    192.014      0.128      0.128     0.004%    11.976%      0.000              1   [Builtin]:1789
                                                   SELECT_V2    192.143      0.813      0.813     0.028%    12.003%      0.000              1   [Builtin]:605
                                                       SLICE    193.197      0.002      0.002     0.000%    12.003%      0.000              1   [Builtin]:1790
                                                         ADD    193.199      0.001      0.001     0.000%    12.003%      0.000              1   [Builtin]:1791
                                                         SUB    193.200      0.001      0.001     0.000%    12.003%      0.000              1   [Builtin]:1792
                                                     MAXIMUM    193.201      0.000      0.000     0.000%    12.003%      0.000              1   [Builtin]:1793
                                                     RESHAPE    193.202      0.000      0.000     0.000%    12.003%      0.000              1   [Builtin]:1794
                                               CONCATENATION    193.202      0.001      0.001     0.000%    12.003%      0.000              1   [Builtin]:1795
                                                       SLICE    193.203      0.146      0.146     0.005%    12.008%      0.000              1   [Builtin]:1796
                                                       SLICE    193.349      0.018      0.018     0.001%    12.009%      0.000              1   [Builtin]:1797
                                                   SELECT_V2    195.582      0.027      0.027     0.001%    12.010%      0.000              1   [Builtin]:610
                                        DYNAMIC_UPDATE_SLICE    212.629      0.004      0.004     0.000%    12.010%      0.000              1   [Builtin]:1866
                                        DYNAMIC_UPDATE_SLICE    212.637      0.008      0.008     0.000%    12.010%      0.000              1   [Builtin]:1868
                                                       SLICE    212.645      0.001      0.001     0.000%    12.010%      0.000              1   [Builtin]:1869
                                                         ADD    212.646      0.002      0.002     0.000%    12.010%      0.000              1   [Builtin]:1870
                                                         SUB    212.648      0.000      0.000     0.000%    12.010%      0.000              1   [Builtin]:1871
                                                     MAXIMUM    212.649      0.001      0.001     0.000%    12.010%      0.000              1   [Builtin]:1872
                                                     RESHAPE    212.650      0.000      0.000     0.000%    12.010%      0.000              1   [Builtin]:1873
                                                     RESHAPE    212.650      0.000      0.000     0.000%    12.010%      0.000              1   [Builtin]:1874
                                               CONCATENATION    212.651      0.001      0.001     0.000%    12.011%      0.000              1   [Builtin]:1875
                                                       SLICE    212.652      0.009      0.009     0.000%    12.011%      0.000              1   [Builtin]:1876
                                                        PACK    214.811      0.000      0.000     0.000%    12.011%      0.000              1   [Builtin]:1879
                                                        FILL    214.812      0.104      0.104     0.004%    12.014%      0.000              1   [Builtin]:1880
                                        DYNAMIC_UPDATE_SLICE    214.916      0.132      0.132     0.004%    12.019%      0.000              1   [Builtin]:1881
                                                   SELECT_V2    215.049      0.826      0.826     0.028%    12.047%      0.000              1   [Builtin]:679
                                                       SLICE    216.115      0.001      0.001     0.000%    12.047%      0.000              1   [Builtin]:1882
                                                         ADD    216.116      0.002      0.002     0.000%    12.047%      0.000              1   [Builtin]:1883
                                                         SUB    216.118      0.000      0.000     0.000%    12.047%      0.000              1   [Builtin]:1884
                                                     MAXIMUM    216.119      0.000      0.000     0.000%    12.047%      0.000              1   [Builtin]:1885
                                                     RESHAPE    216.119      0.001      0.001     0.000%    12.047%      0.000              1   [Builtin]:1886
                                               CONCATENATION    216.120      0.000      0.000     0.000%    12.047%      0.000              1   [Builtin]:1887
                                                       SLICE    216.121      0.127      0.127     0.004%    12.051%      0.000              1   [Builtin]:1888
                                                       SLICE    216.248      0.017      0.017     0.001%    12.052%      0.000              1   [Builtin]:1889
                                                   SELECT_V2    218.408      0.028      0.028     0.001%    12.053%      0.000              1   [Builtin]:684
                                        DYNAMIC_UPDATE_SLICE    237.333      0.008      0.008     0.000%    12.053%      0.000              1   [Builtin]:1958
                                        DYNAMIC_UPDATE_SLICE    237.347      0.014      0.014     0.000%    12.054%      0.000              1   [Builtin]:1960
                                                   SELECT_V2    244.307      0.797      0.797     0.027%    12.081%      0.000              1   [Builtin]:753
                                                   SELECT_V2    252.247      0.101      0.101     0.003%    12.084%      0.000              1   [Builtin]:758
                                        DYNAMIC_UPDATE_SLICE    271.259      0.005      0.005     0.000%    12.084%      0.000              1   [Builtin]:2031
                                        DYNAMIC_UPDATE_SLICE    271.268      0.008      0.008     0.000%    12.084%      0.000              1   [Builtin]:2033
                                                       SLICE    271.276      0.002      0.002     0.000%    12.084%      0.000              1   [Builtin]:2034
                                                         ADD    271.279      0.001      0.001     0.000%    12.085%      0.000              1   [Builtin]:2035
                                                         SUB    271.280      0.001      0.001     0.000%    12.085%      0.000              1   [Builtin]:2036
                                                     MAXIMUM    271.281      0.001      0.001     0.000%    12.085%      0.000              1   [Builtin]:2037
                                                     RESHAPE    271.282      0.001      0.001     0.000%    12.085%      0.000              1   [Builtin]:2038
                                                     RESHAPE    271.283      0.000      0.000     0.000%    12.085%      0.000              1   [Builtin]:2039
                                               CONCATENATION    271.283      0.002      0.002     0.000%    12.085%      0.000              1   [Builtin]:2040
                                                       SLICE    271.285      0.009      0.009     0.000%    12.085%      0.000              1   [Builtin]:2041
                                                        PACK    273.460      0.001      0.001     0.000%    12.085%      0.000              1   [Builtin]:2044
                                                        FILL    273.461      0.112      0.112     0.004%    12.089%      0.000              1   [Builtin]:2045
                                        DYNAMIC_UPDATE_SLICE    273.574      0.166      0.166     0.006%    12.094%      0.000              1   [Builtin]:2046
                                                   SELECT_V2    273.741      0.831      0.831     0.028%    12.123%      0.000              1   [Builtin]:827
                                                       SLICE    274.812      0.002      0.002     0.000%    12.123%      0.000              1   [Builtin]:2047
                                                         ADD    274.814      0.001      0.001     0.000%    12.123%      0.000              1   [Builtin]:2048
                                                         SUB    274.815      0.001      0.001     0.000%    12.123%      0.000              1   [Builtin]:2049
                                                     MAXIMUM    274.816      0.001      0.001     0.000%    12.123%      0.000              1   [Builtin]:2050
                                                     RESHAPE    274.817      0.000      0.000     0.000%    12.123%      0.000              1   [Builtin]:2051
                                               CONCATENATION    274.817      0.001      0.001     0.000%    12.123%      0.000              1   [Builtin]:2052
                                                       SLICE    274.818      0.139      0.139     0.005%    12.128%      0.000              1   [Builtin]:2053
                                                       SLICE    274.957      0.020      0.020     0.001%    12.128%      0.000              1   [Builtin]:2054
                                                   SELECT_V2    277.175      0.027      0.027     0.001%    12.129%      0.000              1   [Builtin]:832
                                        DYNAMIC_UPDATE_SLICE    294.500      0.005      0.005     0.000%    12.129%      0.000              1   [Builtin]:2123
                                        DYNAMIC_UPDATE_SLICE    294.509      0.008      0.008     0.000%    12.130%      0.000              1   [Builtin]:2125
                                                       SLICE    294.517      0.001      0.001     0.000%    12.130%      0.000              1   [Builtin]:2126
                                                         ADD    294.519      0.000      0.000     0.000%    12.130%      0.000              1   [Builtin]:2127
                                                         SUB    294.520      0.001      0.001     0.000%    12.130%      0.000              1   [Builtin]:2128
                                                     MAXIMUM    294.521      0.001      0.001     0.000%    12.130%      0.000              1   [Builtin]:2129
                                                     RESHAPE    294.522      0.000      0.000     0.000%    12.130%      0.000              1   [Builtin]:2130
                                                     RESHAPE    294.523      0.000      0.000     0.000%    12.130%      0.000              1   [Builtin]:2131
                                               CONCATENATION    294.523      0.001      0.001     0.000%    12.130%      0.000              1   [Builtin]:2132
                                                       SLICE    294.524      0.009      0.009     0.000%    12.130%      0.000              1   [Builtin]:2133
                                                        PACK    296.697      0.001      0.001     0.000%    12.130%      0.000              1   [Builtin]:2136
                                                        FILL    296.698      0.111      0.111     0.004%    12.134%      0.000              1   [Builtin]:2137
                                        DYNAMIC_UPDATE_SLICE    296.809      0.122      0.122     0.004%    12.138%      0.000              1   [Builtin]:2138
                                                   SELECT_V2    296.932      0.829      0.829     0.028%    12.166%      0.000              1   [Builtin]:901
                                                       SLICE    298.003      0.002      0.002     0.000%    12.166%      0.000              1   [Builtin]:2139
                                                         ADD    298.005      0.001      0.001     0.000%    12.166%      0.000              1   [Builtin]:2140
                                                         SUB    298.006      0.001      0.001     0.000%    12.166%      0.000              1   [Builtin]:2141
                                                     MAXIMUM    298.007      0.001      0.001     0.000%    12.166%      0.000              1   [Builtin]:2142
                                                     RESHAPE    298.008      0.000      0.000     0.000%    12.166%      0.000              1   [Builtin]:2143
                                               CONCATENATION    298.008      0.001      0.001     0.000%    12.166%      0.000              1   [Builtin]:2144
                                                       SLICE    298.009      0.119      0.119     0.004%    12.170%      0.000              1   [Builtin]:2145
                                                       SLICE    298.128      0.019      0.019     0.001%    12.171%      0.000              1   [Builtin]:2146
                                                   SELECT_V2    300.365      0.026      0.026     0.001%    12.172%      0.000              1   [Builtin]:906
                                        DYNAMIC_UPDATE_SLICE    317.858      0.005      0.005     0.000%    12.172%      0.000              1   [Builtin]:2215
                                        DYNAMIC_UPDATE_SLICE    317.867      0.007      0.007     0.000%    12.172%      0.000              1   [Builtin]:2217
                                                       SLICE    317.875      0.001      0.001     0.000%    12.172%      0.000              1   [Builtin]:2218
                                                         ADD    317.877      0.001      0.001     0.000%    12.172%      0.000              1   [Builtin]:2219
                                                         SUB    317.878      0.000      0.000     0.000%    12.172%      0.000              1   [Builtin]:2220
                                                     MAXIMUM    317.879      0.001      0.001     0.000%    12.172%      0.000              1   [Builtin]:2221
                                                     RESHAPE    317.880      0.000      0.000     0.000%    12.172%      0.000              1   [Builtin]:2222
                                                     RESHAPE    317.880      0.000      0.000     0.000%    12.172%      0.000              1   [Builtin]:2223
                                               CONCATENATION    317.881      0.001      0.001     0.000%    12.172%      0.000              1   [Builtin]:2224
                                                       SLICE    317.882      0.009      0.009     0.000%    12.173%      0.000              1   [Builtin]:2225
                                                        PACK    320.097      0.001      0.001     0.000%    12.173%      0.000              1   [Builtin]:2228
                                                        FILL    320.098      0.109      0.109     0.004%    12.176%      0.000              1   [Builtin]:2229
                                        DYNAMIC_UPDATE_SLICE    320.207      0.130      0.130     0.004%    12.181%      0.000              1   [Builtin]:2230
                                                   SELECT_V2    320.338      0.827      0.827     0.028%    12.209%      0.000              1   [Builtin]:975
                                                       SLICE    321.405      0.001      0.001     0.000%    12.209%      0.000              1   [Builtin]:2231
                                                         ADD    321.406      0.001      0.001     0.000%    12.209%      0.000              1   [Builtin]:2232
                                                         SUB    321.408      0.000      0.000     0.000%    12.209%      0.000              1   [Builtin]:2233
                                                     MAXIMUM    321.408      0.001      0.001     0.000%    12.209%      0.000              1   [Builtin]:2234
                                                     RESHAPE    321.409      0.000      0.000     0.000%    12.209%      0.000              1   [Builtin]:2235
                                               CONCATENATION    321.409      0.001      0.001     0.000%    12.209%      0.000              1   [Builtin]:2236
                                                       SLICE    321.410      0.137      0.137     0.005%    12.214%      0.000              1   [Builtin]:2237
                                                       SLICE    321.547      0.019      0.019     0.001%    12.214%      0.000              1   [Builtin]:2238
                                                   SELECT_V2    323.764      0.026      0.026     0.001%    12.215%      0.000              1   [Builtin]:980
                                        DYNAMIC_UPDATE_SLICE    341.390      0.004      0.004     0.000%    12.215%      0.000              1   [Builtin]:2307
                                        DYNAMIC_UPDATE_SLICE    341.398      0.008      0.008     0.000%    12.216%      0.000              1   [Builtin]:2309
                                                       SLICE    341.406      0.002      0.002     0.000%    12.216%      0.000              1   [Builtin]:2310
                                                         ADD    341.408      0.001      0.001     0.000%    12.216%      0.000              1   [Builtin]:2311
                                                         SUB    341.409      0.001      0.001     0.000%    12.216%      0.000              1   [Builtin]:2312
                                                     MAXIMUM    341.410      0.001      0.001     0.000%    12.216%      0.000              1   [Builtin]:2313
                                                     RESHAPE    341.411      0.000      0.000     0.000%    12.216%      0.000              1   [Builtin]:2314
                                                     RESHAPE    341.411      0.001      0.001     0.000%    12.216%      0.000              1   [Builtin]:2315
                                               CONCATENATION    341.412      0.001      0.001     0.000%    12.216%      0.000              1   [Builtin]:2316
                                                       SLICE    341.413      0.009      0.009     0.000%    12.216%      0.000              1   [Builtin]:2317
                                                        PACK    343.584      0.000      0.000     0.000%    12.216%      0.000              1   [Builtin]:2320
                                                        FILL    343.585      0.106      0.106     0.004%    12.220%      0.000              1   [Builtin]:2321
                                        DYNAMIC_UPDATE_SLICE    343.692      0.143      0.143     0.005%    12.225%      0.000              1   [Builtin]:2322
                                                   SELECT_V2    343.836      0.825      0.825     0.028%    12.252%      0.000              1   [Builtin]:1049
                                                       SLICE    344.902      0.001      0.001     0.000%    12.253%      0.000              1   [Builtin]:2323
                                                         ADD    344.904      0.000      0.000     0.000%    12.253%      0.000              1   [Builtin]:2324
                                                         SUB    344.905      0.000      0.000     0.000%    12.253%      0.000              1   [Builtin]:2325
                                                     MAXIMUM    344.905      0.001      0.001     0.000%    12.253%      0.000              1   [Builtin]:2326
                                                     RESHAPE    344.906      0.001      0.001     0.000%    12.253%      0.000              1   [Builtin]:2327
                                               CONCATENATION    344.907      0.001      0.001     0.000%    12.253%      0.000              1   [Builtin]:2328
                                                       SLICE    344.908      0.104      0.104     0.004%    12.256%      0.000              1   [Builtin]:2329
                                                       SLICE    345.013      0.016      0.016     0.001%    12.257%      0.000              1   [Builtin]:2330
                                                   SELECT_V2    347.172      0.034      0.034     0.001%    12.258%      0.000              1   [Builtin]:1054
                             Delegate/Normalize (ND) Reduce2      0.000      0.001      0.001     0.000%    12.258%      0.000              1   [Delegate]:68
                                      Delegate/Multiply (ND)      0.000      0.000      0.000     0.000%    12.258%      0.000              1   [Delegate]:69
                                           Delegate/Add (ND)      0.000      0.000      0.000     0.000%    12.258%      0.000              1   [Delegate]:70
                                Delegate/Static Reshape (NC)      0.000      0.000      0.000     0.000%    12.258%      0.000              1   [Delegate]:71
                        Delegate/Reciprocal Square Root (NC)      0.000      0.000      0.000     0.000%    12.258%      0.000              1   [Delegate]:72
                                      Delegate/Multiply (ND)      0.000      0.002      0.002     0.000%    12.258%      0.000              1   [Delegate]:73
                                      Delegate/Multiply (ND)      0.000      0.002      0.002     0.000%    12.258%      0.000              1   [Delegate]:74
                             Delegate/Normalize (ND) Reduce2      0.000      0.001      0.001     0.000%    12.258%      0.000              1   [Delegate]:75
                                           Delegate/Add (ND)      0.000      0.000      0.000     0.000%    12.258%      0.000              1   [Delegate]:77
                                Delegate/Static Reshape (NC)      0.000      0.000      0.000     0.000%    12.258%      0.000              1   [Delegate]:78
                        Delegate/Reciprocal Square Root (NC)      0.000      0.000      0.000     0.000%    12.258%      0.000              1   [Delegate]:79
                                      Delegate/Multiply (ND)      0.000      0.002      0.002     0.000%    12.258%      0.000              1   [Delegate]:80
                                      Delegate/Multiply (ND)      0.000      0.003      0.003     0.000%    12.258%      0.000              1   [Delegate]:81
                                    Delegate/Slice (ND, X32)      0.000      0.001      0.001     0.000%    12.258%      0.000              1   [Delegate]:82
                                    Delegate/Slice (ND, X32)      0.000      0.001      0.001     0.000%    12.258%      0.000              1   [Delegate]:83
                                      Delegate/Multiply (ND)      0.000      0.005      0.005     0.000%    12.258%      0.000              1   [Delegate]:85
                                      Delegate/Subtract (ND)      0.000      0.001      0.001     0.000%    12.258%      0.000              1   [Delegate]:86
                                      Delegate/Multiply (ND)      0.000      0.001      0.001     0.000%    12.259%      0.000              1   [Delegate]:87
                                      Delegate/Multiply (ND)      0.000      0.001      0.001     0.000%    12.259%      0.000              1   [Delegate]:88
                                           Delegate/Add (ND)      0.000      0.001      0.001     0.000%    12.259%      0.000              1   [Delegate]:89
                                     Delegate/Copy (NC, X32)      0.000      0.002      0.002     0.000%    12.259%      0.000              1   [Delegate]:90
                                Delegate/Static Reshape (NC)      0.000      0.000      0.000     0.000%    12.259%      0.000              1   [Delegate]:91
                                Delegate/Static Reshape (NC)      0.000      0.000      0.000     0.000%    12.259%      0.000              1   [Delegate]:92
                                       Delegate/Convert (NC)      0.000      0.003      0.003     0.000%    12.259%      0.000              1   [Delegate]:93
                                       Delegate/Convert (NC)      0.000      0.002      0.002     0.000%    12.259%      0.000              1   [Delegate]:94
                                        DYNAMIC_UPDATE_SLICE    363.438      0.005      0.005     0.000%    12.259%      0.000              1   [Builtin]:2391
                                        DYNAMIC_UPDATE_SLICE    363.448      0.015      0.015     0.001%    12.260%      0.000              1   [Builtin]:2393
                                                     RESHAPE    443.129      0.002      0.000     0.002%    12.261%      0.000            132   [Builtin]:0
                                      Delegate/Multiply (ND)      0.000      0.016      0.004     0.040%    12.301%      0.000            264   [Delegate]:0
                                       Delegate/Convert (NC)      0.000      0.001      0.000     0.000%    12.301%      0.000           4854   [Delegate]:1
              Delegate/Fully Connected (NC, PQS8, QC8W) GEMM      0.000      0.499      0.215     0.963%    13.264%      0.000            132   [Delegate]:2
                                Delegate/Static Reshape (NC)      0.000      0.000      0.000     0.000%    13.264%      0.000            132   [Delegate]:3
                                       Delegate/Convert (NC)      0.000      0.004      0.000     0.002%    13.266%      0.000            132   [Delegate]:4
                             Delegate/Normalize (ND) Reduce2      0.000      0.001      0.001     0.005%    13.270%      0.000            132   [Delegate]:5
                                      Delegate/Multiply (ND)      0.000      0.000      0.000     0.000%    13.270%      0.000            264   [Delegate]:6
                                           Delegate/Add (ND)      0.000      0.000      0.000     0.000%    13.270%      0.000            132   [Delegate]:7
                                Delegate/Static Reshape (NC)      0.000      0.000      0.000     0.000%    13.270%      0.000            264   [Delegate]:8
                        Delegate/Reciprocal Square Root (NC)      0.000      0.000      0.000     0.000%    13.270%      0.000            132   [Delegate]:9
                                      Delegate/Multiply (ND)      0.000      0.001      0.000     0.004%    13.274%      0.000            264   [Delegate]:10
                                      Delegate/Multiply (ND)      0.000      0.001      0.001     0.006%    13.280%      0.000            132   [Delegate]:11
                                           Delegate/Add (ND)      0.000      0.001      0.001     0.007%    13.286%      0.000            132   [Delegate]:12
                                      Delegate/Multiply (ND)      0.000      0.007      0.002     0.007%    13.294%      0.000            132   [Delegate]:13
                                                      UNPACK    443.682      0.011      0.003     0.012%    13.306%      0.000            132   [Builtin]:9
                             Delegate/Normalize (ND) Reduce2      0.000      0.000      0.000     0.000%    13.306%      0.000            132   [Delegate]:0
                                      Delegate/Multiply (ND)      0.000      0.000      0.000     0.000%    13.306%      0.000            132   [Delegate]:1
                                           Delegate/Add (ND)      0.000      0.000      0.000     0.000%    13.306%      0.000            132   [Delegate]:2
                        Delegate/Reciprocal Square Root (NC)      0.000      0.000      0.000     0.000%    13.306%      0.000            132   [Delegate]:3
                                      Delegate/Multiply (ND)      0.000      0.000      0.000     0.000%    13.306%      0.000            132   [Delegate]:4
                                      Delegate/Multiply (ND)      0.000      0.000      0.000     0.000%    13.306%      0.000           4722   [Delegate]:5
                                       Delegate/Convert (NC)      0.000      0.000      0.000     0.000%    13.306%      0.000            132   [Delegate]:6
               Delegate/Fully Connected (NC, QS8, QC4W) GEMM      0.000      0.039      0.026     0.115%    13.420%      0.000            132   [Delegate]:7
                                       Delegate/Convert (NC)      0.000      0.000      0.000     0.000%    13.420%      0.000            132   [Delegate]:9
               Delegate/Fully Connected (NC, QS8, QC4W) GEMM      0.000      0.005      0.004     0.018%    13.439%      0.000            132   [Delegate]:10
                                Delegate/Static Reshape (NC)      0.000      0.000      0.000     0.000%    13.439%      0.000            132   [Delegate]:11
                                       Delegate/Convert (NC)      0.000      0.000      0.000     0.000%    13.439%      0.000            132   [Delegate]:12
               Delegate/Fully Connected (NC, QS8, QC4W) GEMM      0.000      0.005      0.004     0.018%    13.457%      0.000            132   [Delegate]:13
                                Delegate/Static Reshape (NC)      0.000      0.000      0.000     0.000%    13.457%      0.000            132   [Delegate]:14
                                       Delegate/Convert (NC)      0.000      0.000      0.000     0.000%    13.457%      0.000            132   [Delegate]:15
                             Delegate/Normalize (ND) Reduce2      0.000      0.000      0.001     0.004%    13.460%      0.000            132   [Delegate]:16
                                      Delegate/Multiply (ND)      0.000      0.000      0.000     0.000%    13.460%      0.000            132   [Delegate]:17
                                           Delegate/Add (ND)      0.000      0.000      0.000     0.000%    13.460%      0.000            132   [Delegate]:18
                                Delegate/Static Reshape (NC)      0.000      0.000      0.000     0.000%    13.460%      0.000            132   [Delegate]:19
                        Delegate/Reciprocal Square Root (NC)      0.000      0.000      0.000     0.000%    13.460%      0.000            132   [Delegate]:20
                                      Delegate/Multiply (ND)      0.000      0.000      0.000     0.000%    13.460%      0.000            132   [Delegate]:21
                                      Delegate/Multiply (ND)      0.000      0.000      0.000     0.000%    13.460%      0.000            132   [Delegate]:22
                             Delegate/Normalize (ND) Reduce2      0.000      0.000      0.000     0.000%    13.460%      0.000            132   [Delegate]:23
                                      Delegate/Multiply (ND)      0.000      0.000      0.000     0.000%    13.460%      0.000            132   [Delegate]:24
                                           Delegate/Add (ND)      0.000      0.000      0.000     0.000%    13.460%      0.000            132   [Delegate]:25
                        Delegate/Reciprocal Square Root (NC)      0.000      0.000      0.000     0.000%    13.460%      0.000            132   [Delegate]:26
                                      Delegate/Multiply (ND)      0.000      0.000      0.000     0.000%    13.460%      0.000            132   [Delegate]:27
                                      Delegate/Multiply (ND)      0.000      0.000      0.000     0.000%    13.460%      0.000           4722   [Delegate]:28
                             Delegate/Normalize (ND) Reduce2      0.000      0.000      0.000     0.000%    13.460%      0.000            132   [Delegate]:29
                                      Delegate/Multiply (ND)      0.000      0.000      0.000     0.000%    13.460%      0.000            132   [Delegate]:30
                                           Delegate/Add (ND)      0.000      0.000      0.000     0.000%    13.460%      0.000            132   [Delegate]:31
                        Delegate/Reciprocal Square Root (NC)      0.000      0.000      0.000     0.000%    13.460%      0.000            132   [Delegate]:32
                                      Delegate/Multiply (ND)      0.000      0.000      0.000     0.000%    13.460%      0.000            132   [Delegate]:33
                                      Delegate/Multiply (ND)      0.000      0.000      0.000     0.000%    13.460%      0.000            132   [Delegate]:34
                                                     RESHAPE    443.761      0.000      0.000     0.001%    13.462%      0.000            132   [Builtin]:24
                                                        CAST    443.762      0.001      0.000     0.002%    13.464%      0.000            132   [Builtin]:25
                                Delegate/Static Reshape (NC)      0.000      0.000      0.000     0.000%    13.464%      0.000            132   [Delegate]:1
                                          Delegate/Sine (NC)      0.000      0.000      0.000     0.000%    13.464%      0.000            132   [Delegate]:2
                                        Delegate/Cosine (NC)      0.000      0.000      0.000     0.000%    13.464%      0.000            132   [Delegate]:3
                                    Delegate/Slice (ND, X32)      0.000      0.000      0.001     0.002%    13.466%      0.000            132   [Delegate]:4
                                    Delegate/Slice (ND, X32)      0.000      0.000      0.001     0.003%    13.469%      0.000            132   [Delegate]:5
                                      Delegate/Multiply (ND)      0.000      0.000      0.000     0.000%    13.469%      0.000            132   [Delegate]:7
                                      Delegate/Subtract (ND)      0.000      0.000      0.000     0.000%    13.469%      0.000            132   [Delegate]:8
                                      Delegate/Multiply (ND)      0.000      0.000      0.000     0.000%    13.469%      0.000           4722   [Delegate]:9
                                           Delegate/Add (ND)      0.000      0.000      0.000     0.000%    13.469%      0.000            132   [Delegate]:11
                                     Delegate/Copy (NC, X32)      0.000      0.002      0.000     0.000%    13.469%      0.000            132   [Delegate]:12
                                    Delegate/Slice (ND, X32)      0.000      0.000      0.000     0.000%    13.469%      0.000            132   [Delegate]:13
                                    Delegate/Slice (ND, X32)      0.000      0.000      0.000     0.000%    13.469%      0.000            132   [Delegate]:14
                                      Delegate/Multiply (ND)      0.000      0.000      0.000     0.000%    13.470%      0.000           4722   [Delegate]:15
                                      Delegate/Multiply (ND)      0.000      0.000      0.000     0.000%    13.470%      0.000           4722   [Delegate]:16
                                      Delegate/Subtract (ND)      0.000      0.000      0.000     0.000%    13.470%      0.000            132   [Delegate]:17
                                      Delegate/Multiply (ND)      0.000      0.000      0.000     0.000%    13.470%      0.000            132   [Delegate]:18
                                      Delegate/Multiply (ND)      0.000      0.000      0.000     0.000%    13.470%      0.000            132   [Delegate]:19
                                           Delegate/Add (ND)      0.000      0.000      0.000     0.000%    13.470%      0.000            132   [Delegate]:20
                                     Delegate/Copy (NC, X32)      0.000      0.000      0.000     0.000%    13.470%      0.000            132   [Delegate]:21
                                                        CAST    443.778      0.001      0.000     0.002%    13.471%      0.000            132   [Builtin]:48
                                     Delegate/Copy (NC, X32)      0.000      0.000      0.000     0.000%    13.471%      0.000            132   [Delegate]:0
                                     Delegate/Copy (NC, X32)      0.000      0.000      0.000     0.000%    13.471%      0.000            132   [Delegate]:1
                                Delegate/Static Reshape (NC)      0.000      0.000      0.000     0.000%    13.471%      0.000            132   [Delegate]:2
                                                        CAST    443.782      0.000      0.000     0.002%    13.473%      0.000            132   [Builtin]:52
                                Delegate/Static Reshape (NC)      0.000      0.000      0.000     0.000%    13.473%      0.000           6693   [Delegate]:0
                                                        CAST    443.784      0.000      0.000     0.001%    13.475%      0.000            132   [Builtin]:54
                                       Delegate/Convert (NC)      0.000      0.000      0.000     0.000%    13.475%      0.000            132   [Delegate]:0
                                        DYNAMIC_UPDATE_SLICE    443.786      0.002      0.001     0.005%    13.479%      0.000            132   [Builtin]:2107
                                        DYNAMIC_UPDATE_SLICE    443.789      0.004      0.003     0.014%    13.493%      0.000            132   [Builtin]:2109
                                               GREATER_EQUAL    443.794      0.002      0.001     0.003%    13.497%      0.000            132   [Builtin]:56
                                                        LESS    443.796      0.002      0.001     0.004%    13.501%      0.000            132   [Builtin]:57
                                                 LOGICAL_AND    443.799      0.002      0.001     0.004%    13.505%      0.000            132   [Builtin]:58
                                                     RESHAPE    443.801      0.000      0.000     0.000%    13.506%      0.000            132   [Builtin]:59
                                                       SLICE    443.802      0.002      0.001     0.003%    13.509%      0.000            132   [Builtin]:2110
                                                         ADD    443.804      0.003      0.000     0.002%    13.511%      0.000            132   [Builtin]:2111
                                                         SUB    443.807      0.002      0.000     0.002%    13.513%      0.000            132   [Builtin]:2112
                                                     MAXIMUM    443.809      0.002      0.000     0.001%    13.514%      0.000            132   [Builtin]:2113
                                                     RESHAPE    443.811      0.000      0.000     0.001%    13.515%      0.000            132   [Builtin]:2114
                                                     RESHAPE    443.811      0.000      0.000     0.001%    13.516%      0.000            132   [Builtin]:2115
                                               CONCATENATION    443.811      0.002      0.000     0.002%    13.518%      0.000            132   [Builtin]:2116
                                                       SLICE    443.813      0.022      0.005     0.022%    13.540%      0.000            132   [Builtin]:2117
                             Delegate/Convert (NC, QS8, QC8)      0.000      0.002      0.003     0.878%    14.418%      0.000           7607   [Delegate]:0
         Delegate/Batch Matrix Multiply (NC, F32, QC8W) GEMM      0.000      0.037      0.026     6.776%    21.194%      0.000           7607   [Delegate]:1
                                                        PACK    443.878      0.001      0.000     0.001%    21.195%      0.000            132   [Builtin]:2120
                                                        FILL    443.879      0.001      0.001     0.003%    21.198%      0.000            132   [Builtin]:2121
                                        DYNAMIC_UPDATE_SLICE    443.880      0.001      0.001     0.003%    21.201%      0.000            132   [Builtin]:2122
                                                        CAST    443.881      0.002      0.000     0.002%    21.203%      0.000            132   [Builtin]:61
                                               CONCATENATION    443.883      0.002      0.002     0.007%    21.211%      0.000            132   [Builtin]:62
                                                   NOT_EQUAL    443.885      0.002      0.001     0.005%    21.215%      0.000            132   [Builtin]:63
                                                     RESHAPE    443.887      0.001      0.000     0.001%    21.216%      0.000            132   [Builtin]:64
                                                   SELECT_V2    443.888      0.008      0.003     0.013%    21.229%      0.000            132   [Builtin]:65
                                  Delegate/Softmax (NC, F32)      0.000      0.003      0.002     0.324%    21.553%      0.000           4591   [Delegate]:0
                                                       SLICE    443.900      0.001      0.000     0.001%    21.554%      0.000            132   [Builtin]:2123
                                                         ADD    443.901      0.000      0.001     0.002%    21.556%      0.000            132   [Builtin]:2124
                                                         SUB    443.901      0.000      0.000     0.001%    21.557%      0.000            132   [Builtin]:2125
                                                     MAXIMUM    443.902      0.000      0.000     0.001%    21.558%      0.000            132   [Builtin]:2126
                                                     RESHAPE    443.902      0.000      0.000     0.001%    21.559%      0.000            132   [Builtin]:2127
                                               CONCATENATION    443.902      0.001      0.000     0.001%    21.561%      0.000            132   [Builtin]:2128
                                                       SLICE    443.903      0.001      0.001     0.004%    21.565%      0.000            132   [Builtin]:2129
                                                       SLICE    443.904      0.016      0.008     0.036%    21.601%      0.000            132   [Builtin]:2130
                             Delegate/Reduce Max (ND) Reduce      0.000      0.000      0.000     0.000%    21.601%      0.000            132   [Delegate]:0
                             Delegate/Convert (NC, QS8, QC8)      0.000      0.001      0.008     0.246%    21.847%      0.000            918   [Delegate]:1
         Delegate/Batch Matrix Multiply (NC, F32, QC8W) GEMM      0.000      0.034      0.077     2.410%    24.257%      0.000            918   [Delegate]:2
                                                   NOT_EQUAL    443.959      0.000      0.000     0.001%    24.258%      0.000            132   [Builtin]:69
                                                   SELECT_V2    443.959      0.001      0.001     0.002%    24.261%      0.000            132   [Builtin]:70
               Delegate/Fully Connected (NC, QS8, QC4W) GEMM      0.000      0.038      0.034     5.244%    29.505%      0.000           4590   [Delegate]:2
                                       Delegate/Convert (NC)      0.000      0.000      0.000     0.000%    29.505%      0.000           4590   [Delegate]:3
                             Delegate/Normalize (ND) Reduce2      0.000      0.000      0.000     0.000%    29.506%      0.000           4590   [Delegate]:4
                                           Delegate/Add (ND)      0.000      0.000      0.000     0.000%    29.506%      0.000           4590   [Delegate]:6
                        Delegate/Reciprocal Square Root (NC)      0.000      0.000      0.000     0.000%    29.506%      0.000           4590   [Delegate]:7
                                      Delegate/Multiply (ND)      0.000      0.000      0.000     0.000%    29.506%      0.000           4590   [Delegate]:8
                                           Delegate/Add (ND)      0.000      0.000      0.000     0.001%    29.506%      0.000           4590   [Delegate]:10
                             Delegate/Normalize (ND) Reduce2      0.000      0.000      0.000     0.000%    29.506%      0.000           4590   [Delegate]:11
                                      Delegate/Multiply (ND)      0.000      0.000      0.000     0.000%    29.506%      0.000           4590   [Delegate]:12
                                           Delegate/Add (ND)      0.000      0.000      0.000     0.000%    29.506%      0.000           4590   [Delegate]:13
                        Delegate/Reciprocal Square Root (NC)      0.000      0.000      0.000     0.000%    29.506%      0.000           4590   [Delegate]:14
                                       Delegate/Convert (NC)      0.000      0.000      0.000     0.000%    29.507%      0.000           4590   [Delegate]:17
               Delegate/Fully Connected (NC, QS8, QC4W) GEMM      0.000      0.116      0.074     4.967%    34.474%      0.000           1970   [Delegate]:18
                                       Delegate/Convert (NC)      0.000      0.001      0.000     0.050%    34.524%      0.000           4590   [Delegate]:19
               Delegate/Fully Connected (NC, QS8, QC4W) GEMM      0.000      0.116      0.074     4.965%    39.489%      0.000           1970   [Delegate]:20
                                       Delegate/Convert (NC)      0.000      0.001      0.001     0.090%    39.578%      0.000           4590   [Delegate]:21
                                    Delegate/ApproxGELU (NC)      0.000      0.003      0.003     0.410%    39.989%      0.000           4590   [Delegate]:22
                                      Delegate/Multiply (ND)      0.000      0.000      0.001     0.122%    40.111%      0.000           4590   [Delegate]:23
                                       Delegate/Convert (NC)      0.000      0.000      0.001     0.103%    40.214%      0.000           4590   [Delegate]:24
               Delegate/Fully Connected (NC, QS8, QC4W) GEMM      0.000      0.110      0.074     4.945%    45.159%      0.000           1970   [Delegate]:25
                                       Delegate/Convert (NC)      0.000      0.000      0.000     0.000%    45.159%      0.000           4590   [Delegate]:26
                             Delegate/Normalize (ND) Reduce2      0.000      0.000      0.000     0.000%    45.159%      0.000           4590   [Delegate]:27
                                           Delegate/Add (ND)      0.000      0.000      0.000     0.000%    45.159%      0.000           4590   [Delegate]:29
                        Delegate/Reciprocal Square Root (NC)      0.000      0.000      0.000     0.000%    45.159%      0.000           4590   [Delegate]:30
                                      Delegate/Multiply (ND)      0.000      0.000      0.000     0.000%    45.159%      0.000           4590   [Delegate]:31
                                      Delegate/Multiply (ND)      0.000      0.000      0.000     0.000%    45.159%      0.000           4590   [Delegate]:32
                                           Delegate/Add (ND)      0.000      0.000      0.000     0.000%    45.160%      0.000           4590   [Delegate]:33
                                       Delegate/Convert (NC)      0.000      0.000      0.000     0.000%    45.160%      0.000           4590   [Delegate]:34
              Delegate/Fully Connected (NC, PQS8, QC8W) GEMM      0.000      0.017      0.016     2.528%    47.688%      0.000           4590   [Delegate]:35
                                       Delegate/Convert (NC)      0.000      0.000      0.000     0.000%    47.688%      0.000           4590   [Delegate]:36
                                    Delegate/ApproxGELU (NC)      0.000      0.000      0.000     0.000%    47.688%      0.000           4590   [Delegate]:37
                                      Delegate/Multiply (ND)      0.000      0.000      0.000     0.000%    47.688%      0.000           4590   [Delegate]:38
                                       Delegate/Convert (NC)      0.000      0.000      0.000     0.000%    47.688%      0.000           4590   [Delegate]:39
              Delegate/Fully Connected (NC, PQS8, QC8W) GEMM      0.000      0.011      0.009     1.341%    49.029%      0.000           4590   [Delegate]:40
                                       Delegate/Convert (NC)      0.000      0.000      0.000     0.000%    49.029%      0.000           4590   [Delegate]:41
                             Delegate/Normalize (ND) Reduce2      0.000      0.000      0.000     0.000%    49.029%      0.000           4590   [Delegate]:42
                                      Delegate/Multiply (ND)      0.000      0.000      0.000     0.000%    49.029%      0.000           4590   [Delegate]:43
                                           Delegate/Add (ND)      0.000      0.000      0.000     0.000%    49.029%      0.000           4590   [Delegate]:44
                        Delegate/Reciprocal Square Root (NC)      0.000      0.000      0.000     0.000%    49.029%      0.000           4590   [Delegate]:45
                                      Delegate/Multiply (ND)      0.000      0.000      0.000     0.000%    49.029%      0.000           4590   [Delegate]:46
                                      Delegate/Multiply (ND)      0.000      0.000      0.000     0.001%    49.030%      0.000           4590   [Delegate]:47
                                           Delegate/Add (ND)      0.000      0.000      0.000     0.000%    49.030%      0.000           4590   [Delegate]:48
                                      Delegate/Multiply (ND)      0.000      0.000      0.000     0.000%    49.030%      0.000           4590   [Delegate]:49
                             Delegate/Normalize (ND) Reduce2      0.000      0.000      0.000     0.000%    49.031%      0.000           4590   [Delegate]:50
                                      Delegate/Multiply (ND)      0.000      0.000      0.000     0.000%    49.031%      0.000           4590   [Delegate]:51
                                           Delegate/Add (ND)      0.000      0.000      0.000     0.000%    49.031%      0.000           4590   [Delegate]:52
                        Delegate/Reciprocal Square Root (NC)      0.000      0.000      0.000     0.000%    49.031%      0.000           4590   [Delegate]:53
                                      Delegate/Multiply (ND)      0.000      0.000      0.000     0.000%    49.031%      0.000           4590   [Delegate]:54
                                      Delegate/Multiply (ND)      0.000      0.000      0.000     0.000%    49.031%      0.000           4590   [Delegate]:55
                                       Delegate/Convert (NC)      0.000      0.000      0.000     0.000%    49.031%      0.000           4459   [Delegate]:56
               Delegate/Fully Connected (NC, QS8, QC4W) GEMM      0.000      0.037      0.035     5.274%    54.305%      0.000           4459   [Delegate]:57
                                Delegate/Static Reshape (NC)      0.000      0.000      0.000     0.000%    54.305%      0.000           4459   [Delegate]:58
                                       Delegate/Convert (NC)      0.000      0.000      0.000     0.004%    54.309%      0.000           4459   [Delegate]:59
               Delegate/Fully Connected (NC, QS8, QC4W) GEMM      0.000      0.005      0.005     0.295%    54.604%      0.000           1839   [Delegate]:60
                                Delegate/Static Reshape (NC)      0.000      0.000      0.000     0.000%    54.604%      0.000           1839   [Delegate]:61
                                       Delegate/Convert (NC)      0.000      0.000      0.000     0.000%    54.604%      0.000           1839   [Delegate]:62
               Delegate/Fully Connected (NC, QS8, QC4W) GEMM      0.000      0.005      0.005     0.295%    54.899%      0.000           1839   [Delegate]:63
                                Delegate/Static Reshape (NC)      0.000      0.000      0.000     0.000%    54.899%      0.000           1839   [Delegate]:64
                                       Delegate/Convert (NC)      0.000      0.000      0.000     0.000%    54.899%      0.000           1839   [Delegate]:65
                             Delegate/Normalize (ND) Reduce2      0.000      0.000      0.001     0.046%    54.945%      0.000           1839   [Delegate]:66
                                      Delegate/Multiply (ND)      0.000      0.000      0.000     0.000%    54.945%      0.000           1839   [Delegate]:67
                                           Delegate/Add (ND)      0.000      0.000      0.000     0.000%    54.945%      0.000           1839   [Delegate]:68
                                Delegate/Static Reshape (NC)      0.000      0.000      0.000     0.000%    54.945%      0.000           1839   [Delegate]:69
                        Delegate/Reciprocal Square Root (NC)      0.000      0.000      0.000     0.000%    54.945%      0.000           1839   [Delegate]:70
                                      Delegate/Multiply (ND)      0.000      0.000      0.000     0.000%    54.946%      0.000           1839   [Delegate]:71
                                      Delegate/Multiply (ND)      0.000      0.000      0.000     0.002%    54.948%      0.000           4459   [Delegate]:72
                             Delegate/Normalize (ND) Reduce2      0.000      0.000      0.000     0.000%    54.948%      0.000           1839   [Delegate]:73
                                      Delegate/Multiply (ND)      0.000      0.000      0.000     0.000%    54.948%      0.000           1839   [Delegate]:74
                                           Delegate/Add (ND)      0.000      0.000      0.000     0.000%    54.948%      0.000           1839   [Delegate]:75
                        Delegate/Reciprocal Square Root (NC)      0.000      0.000      0.000     0.000%    54.948%      0.000           1839   [Delegate]:76
                                      Delegate/Multiply (ND)      0.000      0.000      0.000     0.000%    54.948%      0.000           1839   [Delegate]:77
                                      Delegate/Multiply (ND)      0.000      0.000      0.000     0.000%    54.948%      0.000           1839   [Delegate]:78
                             Delegate/Normalize (ND) Reduce2      0.000      0.000      0.000     0.000%    54.948%      0.000           1839   [Delegate]:79
                                      Delegate/Multiply (ND)      0.000      0.000      0.000     0.000%    54.948%      0.000           1839   [Delegate]:80
                                           Delegate/Add (ND)      0.000      0.000      0.000     0.000%    54.948%      0.000           1839   [Delegate]:81
                        Delegate/Reciprocal Square Root (NC)      0.000      0.000      0.000     0.000%    54.948%      0.000           1839   [Delegate]:82
                                      Delegate/Multiply (ND)      0.000      0.000      0.000     0.000%    54.948%      0.000           1839   [Delegate]:83
                                      Delegate/Multiply (ND)      0.000      0.000      0.000     0.000%    54.948%      0.000           1839   [Delegate]:84
                                    Delegate/Slice (ND, X32)      0.000      0.000      0.000     0.026%    54.974%      0.000           1707   [Delegate]:85
                                    Delegate/Slice (ND, X32)      0.000      0.000      0.000     0.020%    54.994%      0.000           1707   [Delegate]:86
                                      Delegate/Multiply (ND)      0.000      0.000      0.000     0.000%    54.994%      0.000           1707   [Delegate]:87
                                      Delegate/Multiply (ND)      0.000      0.000      0.000     0.000%    54.994%      0.000           1707   [Delegate]:88
                                      Delegate/Subtract (ND)      0.000      0.000      0.000     0.000%    54.994%      0.000           1707   [Delegate]:89
                                      Delegate/Multiply (ND)      0.000      0.000      0.000     0.000%    54.994%      0.000           1707   [Delegate]:90
                                      Delegate/Multiply (ND)      0.000      0.000      0.000     0.000%    54.994%      0.000           1839   [Delegate]:91
                                           Delegate/Add (ND)      0.000      0.000      0.000     0.000%    54.994%      0.000           1707   [Delegate]:92
                                     Delegate/Copy (NC, X32)      0.000      0.000      0.000     0.000%    54.994%      0.000           1707   [Delegate]:93
                                    Delegate/Slice (ND, X32)      0.000      0.000      0.000     0.000%    54.994%      0.000           1707   [Delegate]:94
                                    Delegate/Slice (ND, X32)      0.000      0.000      0.000     0.000%    54.994%      0.000           1707   [Delegate]:95
                                      Delegate/Multiply (ND)      0.000      0.000      0.000     0.000%    54.994%      0.000           1707   [Delegate]:96
                                      Delegate/Multiply (ND)      0.000      0.000      0.000     0.000%    54.994%      0.000           1707   [Delegate]:97
                                      Delegate/Subtract (ND)      0.000      0.000      0.000     0.000%    54.994%      0.000           1707   [Delegate]:98
                                      Delegate/Multiply (ND)      0.000      0.000      0.000     0.000%    54.994%      0.000           1707   [Delegate]:99
                                      Delegate/Multiply (ND)      0.000      0.000      0.000     0.000%    54.994%      0.000           1839   [Delegate]:100
                                           Delegate/Add (ND)      0.000      0.000      0.000     0.000%    54.994%      0.000           1707   [Delegate]:101
                                     Delegate/Copy (NC, X32)      0.000      0.000      0.000     0.000%    54.994%      0.000           1707   [Delegate]:102
                                       Delegate/Convert (NC)      0.000      0.000      0.000     0.000%    54.994%      0.000           1707   [Delegate]:103
                                       Delegate/Convert (NC)      0.000      0.000      0.000     0.000%    54.994%      0.000           1707   [Delegate]:104
                                        DYNAMIC_UPDATE_SLICE    444.479      0.001      0.001     0.005%    54.999%      0.000            132   [Builtin]:2192
                                        DYNAMIC_UPDATE_SLICE    444.481      0.005      0.003     0.014%    55.014%      0.000            132   [Builtin]:2194
                                                       SLICE    444.486      0.000      0.001     0.002%    55.016%      0.000            132   [Builtin]:2195
                                                         ADD    444.486      0.001      0.000     0.002%    55.018%      0.000            132   [Builtin]:2196
                                                         SUB    444.487      0.000      0.000     0.001%    55.019%      0.000            132   [Builtin]:2197
                                                     MAXIMUM    444.487      0.001      0.000     0.001%    55.020%      0.000            132   [Builtin]:2198
                                                     RESHAPE    444.488      0.000      0.000     0.001%    55.021%      0.000            132   [Builtin]:2199
                                                     RESHAPE    444.488      0.000      0.000     0.001%    55.022%      0.000            132   [Builtin]:2200
                                               CONCATENATION    444.488      0.001      0.000     0.002%    55.023%      0.000            132   [Builtin]:2201
                                                       SLICE    444.489      0.006      0.005     0.021%    55.044%      0.000            132   [Builtin]:2202
                                                        PACK    444.534      0.001      0.000     0.001%    55.045%      0.000            132   [Builtin]:2205
                                                        FILL    444.535      0.001      0.001     0.002%    55.048%      0.000            132   [Builtin]:2206
                                        DYNAMIC_UPDATE_SLICE    444.536      0.001      0.001     0.003%    55.051%      0.000            132   [Builtin]:2207
                                                   SELECT_V2    444.537      0.007      0.003     0.014%    55.065%      0.000            132   [Builtin]:135
                                                       SLICE    444.547      0.001      0.000     0.002%    55.066%      0.000            132   [Builtin]:2208
                                                         ADD    444.548      0.000      0.000     0.002%    55.068%      0.000            132   [Builtin]:2209
                                                         SUB    444.548      0.001      0.000     0.001%    55.070%      0.000            132   [Builtin]:2210
                                                     MAXIMUM    444.549      0.000      0.000     0.001%    55.071%      0.000            132   [Builtin]:2211
                                                     RESHAPE    444.549      0.000      0.000     0.001%    55.072%      0.000            132   [Builtin]:2212
                                               CONCATENATION    444.549      0.001      0.000     0.001%    55.073%      0.000            132   [Builtin]:2213
                                                       SLICE    444.550      0.001      0.001     0.004%    55.078%      0.000            132   [Builtin]:2214
                                                       SLICE    444.551      0.014      0.008     0.036%    55.113%      0.000            132   [Builtin]:2215
                                                   SELECT_V2    444.602      0.001      0.001     0.003%    55.116%      0.000            132   [Builtin]:138
                                        DYNAMIC_UPDATE_SLICE    445.085      0.001      0.001     0.004%    55.120%      0.000            132   [Builtin]:2277
                                        DYNAMIC_UPDATE_SLICE    445.088      0.004      0.003     0.015%    55.134%      0.000            132   [Builtin]:2279
                                                       SLICE    445.092      0.001      0.000     0.002%    55.136%      0.000            132   [Builtin]:2280
                                                         ADD    445.093      0.000      0.000     0.002%    55.138%      0.000            132   [Builtin]:2281
                                                         SUB    445.093      0.001      0.000     0.002%    55.140%      0.000            132   [Builtin]:2282
                                                     MAXIMUM    445.094      0.000      0.000     0.001%    55.141%      0.000            132   [Builtin]:2283
                                                     RESHAPE    445.094      0.000      0.000     0.001%    55.141%      0.000            132   [Builtin]:2284
                                                     RESHAPE    445.094      0.001      0.000     0.001%    55.142%      0.000            132   [Builtin]:2285
                                               CONCATENATION    445.095      0.000      0.000     0.001%    55.144%      0.000            132   [Builtin]:2286
                                                       SLICE    445.095      0.007      0.004     0.020%    55.163%      0.000            132   [Builtin]:2287
                                                        PACK    445.141      0.000      0.000     0.001%    55.165%      0.000            132   [Builtin]:2290
                                                        FILL    445.141      0.001      0.001     0.002%    55.167%      0.000            132   [Builtin]:2291
                                        DYNAMIC_UPDATE_SLICE    445.142      0.001      0.001     0.003%    55.170%      0.000            132   [Builtin]:2292
                                                   SELECT_V2    445.143      0.006      0.003     0.013%    55.183%      0.000            132   [Builtin]:203
                                                       SLICE    445.153      0.000      0.000     0.002%    55.186%      0.000            132   [Builtin]:2293
                                                         ADD    445.153      0.001      0.000     0.002%    55.187%      0.000            132   [Builtin]:2294
                                                         SUB    445.154      0.000      0.000     0.001%    55.188%      0.000            132   [Builtin]:2295
                                                     MAXIMUM    445.154      0.001      0.000     0.001%    55.190%      0.000            132   [Builtin]:2296
                                                     RESHAPE    445.155      0.000      0.000     0.001%    55.190%      0.000            132   [Builtin]:2297
                                               CONCATENATION    445.155      0.000      0.000     0.002%    55.192%      0.000            132   [Builtin]:2298
                                                       SLICE    445.156      0.001      0.001     0.004%    55.197%      0.000            132   [Builtin]:2299
                                                       SLICE    445.157      0.014      0.008     0.035%    55.232%      0.000            132   [Builtin]:2300
                                                   SELECT_V2    445.207      0.001      0.001     0.002%    55.234%      0.000            132   [Builtin]:206
                                        DYNAMIC_UPDATE_SLICE    445.727      0.001      0.001     0.004%    55.238%      0.000            132   [Builtin]:2362
                                        DYNAMIC_UPDATE_SLICE    445.730      0.004      0.003     0.014%    55.252%      0.000            132   [Builtin]:2364
                                                       SLICE    445.734      0.001      0.000     0.002%    55.254%      0.000            132   [Builtin]:2365
                                                         ADD    445.735      0.000      0.000     0.002%    55.256%      0.000            132   [Builtin]:2366
                                                         SUB    445.735      0.001      0.000     0.002%    55.257%      0.000            132   [Builtin]:2367
                                                     MAXIMUM    445.736      0.000      0.000     0.002%    55.259%      0.000            132   [Builtin]:2368
                                                     RESHAPE    445.736      0.000      0.000     0.001%    55.260%      0.000            132   [Builtin]:2369
                                                     RESHAPE    445.736      0.001      0.000     0.001%    55.261%      0.000            132   [Builtin]:2370
                                               CONCATENATION    445.737      0.000      0.000     0.001%    55.262%      0.000            132   [Builtin]:2371
                                                       SLICE    445.738      0.007      0.005     0.021%    55.283%      0.000            132   [Builtin]:2372
                                                        PACK    445.783      0.000      0.000     0.001%    55.284%      0.000            132   [Builtin]:2375
                                                        FILL    445.783      0.001      0.000     0.002%    55.287%      0.000            132   [Builtin]:2376
                                        DYNAMIC_UPDATE_SLICE    445.784      0.001      0.001     0.003%    55.289%      0.000            132   [Builtin]:2377
                                                   SELECT_V2    445.785      0.006      0.003     0.013%    55.302%      0.000            132   [Builtin]:271
                                                       SLICE    445.795      0.000      0.000     0.002%    55.304%      0.000            132   [Builtin]:2378
                                                         ADD    445.795      0.001      0.000     0.002%    55.306%      0.000            132   [Builtin]:2379
                                                         SUB    445.796      0.000      0.000     0.001%    55.307%      0.000            132   [Builtin]:2380
                                                     MAXIMUM    445.796      0.000      0.000     0.001%    55.308%      0.000            132   [Builtin]:2381
                                                     RESHAPE    445.797      0.000      0.000     0.001%    55.309%      0.000            132   [Builtin]:2382
                                               CONCATENATION    445.797      0.000      0.000     0.001%    55.310%      0.000            132   [Builtin]:2383
                                                       SLICE    445.797      0.001      0.001     0.004%    55.314%      0.000            132   [Builtin]:2384
                                                       SLICE    445.798      0.014      0.008     0.035%    55.350%      0.000            132   [Builtin]:2385
                                                   SELECT_V2    445.849      0.001      0.001     0.003%    55.352%      0.000            132   [Builtin]:274
                                      Delegate/Multiply (ND)      0.000      0.000      0.000     0.000%    55.352%      0.000            132   [Delegate]:85
                                Delegate/Static Reshape (NC)      0.000      0.000      0.000     0.000%    55.352%      0.000            132   [Delegate]:86
                                          Delegate/Sine (NC)      0.000      0.000      0.000     0.000%    55.352%      0.000            132   [Delegate]:87
                                        Delegate/Cosine (NC)      0.000      0.000      0.000     0.000%    55.352%      0.000            132   [Delegate]:88
                                    Delegate/Slice (ND, X32)      0.000      0.000      0.000     0.001%    55.354%      0.000            132   [Delegate]:89
                                    Delegate/Slice (ND, X32)      0.000      0.000      0.001     0.003%    55.357%      0.000            132   [Delegate]:90
                                      Delegate/Multiply (ND)      0.000      0.000      0.000     0.000%    55.357%      0.000            132   [Delegate]:92
                                      Delegate/Subtract (ND)      0.000      0.000      0.000     0.000%    55.357%      0.000            132   [Delegate]:93
                                      Delegate/Multiply (ND)      0.000      0.000      0.000     0.000%    55.357%      0.000            132   [Delegate]:94
                                      Delegate/Multiply (ND)      0.000      0.000      0.000     0.000%    55.357%      0.000            132   [Delegate]:95
                                           Delegate/Add (ND)      0.000      0.000      0.000     0.000%    55.357%      0.000            132   [Delegate]:96
                                     Delegate/Copy (NC, X32)      0.000      0.000      0.000     0.000%    55.357%      0.000            132   [Delegate]:97
                                    Delegate/Slice (ND, X32)      0.000      0.000      0.000     0.000%    55.357%      0.000            132   [Delegate]:98
                                    Delegate/Slice (ND, X32)      0.000      0.000      0.000     0.000%    55.357%      0.000            132   [Delegate]:99
                                      Delegate/Multiply (ND)      0.000      0.000      0.000     0.000%    55.357%      0.000            132   [Delegate]:101
                                      Delegate/Subtract (ND)      0.000      0.000      0.000     0.000%    55.357%      0.000            132   [Delegate]:102
                                      Delegate/Multiply (ND)      0.000      0.000      0.000     0.000%    55.357%      0.000            132   [Delegate]:103
                                      Delegate/Multiply (ND)      0.000      0.000      0.000     0.000%    55.357%      0.000            132   [Delegate]:104
                                           Delegate/Add (ND)      0.000      0.000      0.000     0.000%    55.357%      0.000            132   [Delegate]:105
                                     Delegate/Copy (NC, X32)      0.000      0.000      0.000     0.000%    55.357%      0.000            132   [Delegate]:106
                                       Delegate/Convert (NC)      0.000      0.000      0.000     0.000%    55.357%      0.000            132   [Delegate]:107
                                       Delegate/Convert (NC)      0.000      0.000      0.000     0.000%    55.357%      0.000            132   [Delegate]:108
                                        DYNAMIC_UPDATE_SLICE    446.368      0.002      0.001     0.004%    55.361%      0.000            132   [Builtin]:2447
                                        DYNAMIC_UPDATE_SLICE    446.371      0.007      0.006     0.025%    55.387%      0.000            132   [Builtin]:2449
                                                        CAST    446.526      0.001      0.001     0.003%    55.389%      0.000            132   [Builtin]:343
                                               CONCATENATION    446.527      0.002      0.002     0.010%    55.399%      0.000            132   [Builtin]:344
                                                   NOT_EQUAL    446.529      0.001      0.001     0.003%    55.403%      0.000            132   [Builtin]:345
                                                     RESHAPE    446.530      0.000      0.000     0.001%    55.403%      0.000            132   [Builtin]:346
                                                   SELECT_V2    446.530      0.006      0.003     0.013%    55.416%      0.000            132   [Builtin]:347
                             Delegate/Reduce Max (ND) Reduce      0.000      0.000      0.000     0.000%    55.416%      0.000            132   [Delegate]:1
                             Delegate/Convert (NC, QS8, QC8)      0.000      0.009      0.009     0.041%    55.457%      0.000            132   [Delegate]:2
         Delegate/Batch Matrix Multiply (NC, F32, QC8W) GEMM      0.000      0.131      0.087     0.388%    55.845%      0.000            132   [Delegate]:3
                                                   NOT_EQUAL    446.682      0.001      0.000     0.001%    55.846%      0.000            132   [Builtin]:351
                                                   SELECT_V2    446.683      0.001      0.001     0.003%    55.849%      0.000            132   [Builtin]:352
                                        DYNAMIC_UPDATE_SLICE    447.238      0.002      0.001     0.004%    55.853%      0.000            132   [Builtin]:2513
                                        DYNAMIC_UPDATE_SLICE    447.241      0.005      0.003     0.014%    55.868%      0.000            132   [Builtin]:2515
                                                       SLICE    447.246      0.000      0.001     0.002%    55.870%      0.000            132   [Builtin]:2516
                                                         ADD    447.246      0.001      0.000     0.002%    55.873%      0.000            132   [Builtin]:2517
                                                         SUB    447.247      0.000      0.000     0.002%    55.875%      0.000            132   [Builtin]:2518
                                                     MAXIMUM    447.247      0.001      0.000     0.001%    55.876%      0.000            132   [Builtin]:2519
                                                     RESHAPE    447.248      0.000      0.000     0.001%    55.877%      0.000            132   [Builtin]:2520
                                                     RESHAPE    447.248      0.000      0.000     0.001%    55.878%      0.000            132   [Builtin]:2521
                                               CONCATENATION    447.248      0.001      0.000     0.002%    55.879%      0.000            132   [Builtin]:2522
                                                       SLICE    447.249      0.007      0.005     0.021%    55.900%      0.000            132   [Builtin]:2523
                                                        PACK    447.301      0.000      0.000     0.002%    55.902%      0.000            132   [Builtin]:2526
                                                        FILL    447.301      0.001      0.000     0.002%    55.904%      0.000            132   [Builtin]:2527
                                        DYNAMIC_UPDATE_SLICE    447.302      0.001      0.001     0.003%    55.907%      0.000            132   [Builtin]:2528
                                                   SELECT_V2    447.304      0.006      0.003     0.013%    55.921%      0.000            132   [Builtin]:417
                                                       SLICE    447.313      0.000      0.000     0.001%    55.922%      0.000            132   [Builtin]:2529
                                                         ADD    447.314      0.000      0.000     0.001%    55.923%      0.000            132   [Builtin]:2530
                                                         SUB    447.314      0.000      0.000     0.001%    55.924%      0.000            132   [Builtin]:2531
                                                     MAXIMUM    447.314      0.001      0.000     0.000%    55.925%      0.000            132   [Builtin]:2532
                                                     RESHAPE    447.315      0.000      0.000     0.001%    55.926%      0.000            132   [Builtin]:2533
                                               CONCATENATION    447.315      0.001      0.001     0.002%    55.928%      0.000            132   [Builtin]:2534
                                                       SLICE    447.316      0.001      0.001     0.004%    55.932%      0.000            131   [Builtin]:2535
                                                       SLICE    447.317      0.013      0.008     0.036%    55.968%      0.000            131   [Builtin]:2536
                                                   SELECT_V2    447.368      0.000      0.001     0.003%    55.971%      0.000            131   [Builtin]:420
                                        DYNAMIC_UPDATE_SLICE    447.852      0.001      0.001     0.004%    55.975%      0.000            131   [Builtin]:2598
                                        DYNAMIC_UPDATE_SLICE    447.854      0.005      0.003     0.014%    55.988%      0.000            131   [Builtin]:2600
                                                       SLICE    447.859      0.000      0.000     0.002%    55.990%      0.000            131   [Builtin]:2601
                                                         ADD    447.859      0.001      0.000     0.001%    55.992%      0.000            131   [Builtin]:2602
                                                         SUB    447.860      0.000      0.000     0.001%    55.993%      0.000            131   [Builtin]:2603
                                                     MAXIMUM    447.860      0.001      0.000     0.001%    55.994%      0.000            131   [Builtin]:2604
                                                     RESHAPE    447.861      0.000      0.000     0.001%    55.995%      0.000            131   [Builtin]:2605
                                                     RESHAPE    447.861      0.000      0.000     0.001%    55.996%      0.000            131   [Builtin]:2606
                                               CONCATENATION    447.861      0.001      0.000     0.001%    55.997%      0.000            131   [Builtin]:2607
                                                       SLICE    447.862      0.006      0.005     0.020%    56.017%      0.000            131   [Builtin]:2608
                                                        PACK    447.905      0.001      0.000     0.002%    56.019%      0.000            131   [Builtin]:2611
                                                        FILL    447.906      0.001      0.000     0.002%    56.021%      0.000            131   [Builtin]:2612
                                        DYNAMIC_UPDATE_SLICE    447.907      0.001      0.001     0.003%    56.024%      0.000            131   [Builtin]:2613
                                                   SELECT_V2    447.908      0.006      0.003     0.012%    56.036%      0.000            131   [Builtin]:485
                                                       SLICE    447.917      0.001      0.000     0.002%    56.038%      0.000            131   [Builtin]:2614
                                                         ADD    447.918      0.000      0.000     0.001%    56.039%      0.000            131   [Builtin]:2615
                                                         SUB    447.919      0.000      0.000     0.001%    56.040%      0.000            131   [Builtin]:2616
                                                     MAXIMUM    447.919      0.000      0.000     0.001%    56.041%      0.000            131   [Builtin]:2617
                                                     RESHAPE    447.919      0.001      0.000     0.001%    56.041%      0.000            131   [Builtin]:2618
                                               CONCATENATION    447.920      0.000      0.000     0.002%    56.043%      0.000            131   [Builtin]:2619
                                                       SLICE    447.920      0.001      0.001     0.005%    56.048%      0.000            131   [Builtin]:2620
                                                       SLICE    447.921      0.014      0.008     0.035%    56.083%      0.000            131   [Builtin]:2621
                                                   SELECT_V2    447.972      0.001      0.001     0.003%    56.086%      0.000            131   [Builtin]:488
                                        DYNAMIC_UPDATE_SLICE    448.449      0.001      0.001     0.004%    56.090%      0.000            131   [Builtin]:2683
                                        DYNAMIC_UPDATE_SLICE    448.451      0.004      0.003     0.015%    56.104%      0.000            131   [Builtin]:2685
                                                       SLICE    448.456      0.000      0.000     0.002%    56.106%      0.000            131   [Builtin]:2686
                                                         ADD    448.456      0.001      0.000     0.002%    56.108%      0.000            131   [Builtin]:2687
                                                         SUB    448.457      0.001      0.000     0.001%    56.109%      0.000            131   [Builtin]:2688
                                                     MAXIMUM    448.458      0.000      0.000     0.001%    56.110%      0.000            131   [Builtin]:2689
                                                     RESHAPE    448.458      0.000      0.000     0.001%    56.111%      0.000            131   [Builtin]:2690
                                                     RESHAPE    448.458      0.001      0.000     0.001%    56.112%      0.000            131   [Builtin]:2691
                                               CONCATENATION    448.459      0.000      0.000     0.002%    56.113%      0.000            131   [Builtin]:2692
                                                       SLICE    448.459      0.007      0.005     0.021%    56.135%      0.000            131   [Builtin]:2693
                                                        PACK    448.503      0.000      0.000     0.001%    56.136%      0.000            131   [Builtin]:2696
                                                        FILL    448.503      0.001      0.000     0.002%    56.138%      0.000            131   [Builtin]:2697
                                        DYNAMIC_UPDATE_SLICE    448.504      0.001      0.001     0.003%    56.141%      0.000            131   [Builtin]:2698
                                                   SELECT_V2    448.505      0.006      0.003     0.013%    56.154%      0.000            131   [Builtin]:553
                                                       SLICE    448.515      0.000      0.000     0.001%    56.155%      0.000            131   [Builtin]:2699
                                                         ADD    448.515      0.001      0.000     0.001%    56.156%      0.000            131   [Builtin]:2700
                                                         SUB    448.516      0.000      0.000     0.001%    56.158%      0.000            131   [Builtin]:2701
                                                     MAXIMUM    448.516      0.000      0.000     0.001%    56.159%      0.000            131   [Builtin]:2702
                                                     RESHAPE    448.517      0.000      0.000     0.000%    56.159%      0.000            131   [Builtin]:2703
                                               CONCATENATION    448.517      0.000      0.000     0.001%    56.161%      0.000            131   [Builtin]:2704
                                                       SLICE    448.517      0.001      0.001     0.004%    56.164%      0.000            131   [Builtin]:2705
                                                       SLICE    448.518      0.014      0.008     0.035%    56.199%      0.000            131   [Builtin]:2706
                                                   SELECT_V2    448.569      0.001      0.001     0.003%    56.202%      0.000            131   [Builtin]:556
                                        DYNAMIC_UPDATE_SLICE    449.047      0.002      0.001     0.004%    56.206%      0.000            131   [Builtin]:2768
                                        DYNAMIC_UPDATE_SLICE    449.050      0.005      0.003     0.014%    56.220%      0.000            131   [Builtin]:2770
                                                       SLICE    449.055      0.000      0.000     0.002%    56.222%      0.000            131   [Builtin]:2771
                                                         ADD    449.055      0.001      0.000     0.002%    56.224%      0.000            131   [Builtin]:2772
                                                         SUB    449.056      0.000      0.000     0.001%    56.225%      0.000            131   [Builtin]:2773
                                                     MAXIMUM    449.056      0.001      0.000     0.001%    56.225%      0.000            131   [Builtin]:2774
                                                     RESHAPE    449.057      0.000      0.000     0.001%    56.227%      0.000            131   [Builtin]:2775
                                                     RESHAPE    449.057      0.000      0.000     0.001%    56.227%      0.000            131   [Builtin]:2776
                                               CONCATENATION    449.057      0.001      0.000     0.001%    56.229%      0.000            131   [Builtin]:2777
                                                       SLICE    449.058      0.006      0.004     0.019%    56.248%      0.000            131   [Builtin]:2778
                                                        PACK    449.101      0.001      0.000     0.002%    56.249%      0.000            131   [Builtin]:2781
                                                        FILL    449.102      0.001      0.000     0.002%    56.251%      0.000            131   [Builtin]:2782
                                        DYNAMIC_UPDATE_SLICE    449.103      0.001      0.001     0.003%    56.255%      0.000            131   [Builtin]:2783
                                                   SELECT_V2    449.104      0.006      0.003     0.013%    56.268%      0.000            131   [Builtin]:621
                                                       SLICE    449.114      0.000      0.000     0.002%    56.269%      0.000            131   [Builtin]:2784
                                                         ADD    449.114      0.001      0.000     0.001%    56.271%      0.000            131   [Builtin]:2785
                                                         SUB    449.115      0.000      0.000     0.001%    56.271%      0.000            131   [Builtin]:2786
                                                     MAXIMUM    449.115      0.000      0.000     0.001%    56.272%      0.000            131   [Builtin]:2787
                                                     RESHAPE    449.115      0.001      0.000     0.000%    56.273%      0.000            131   [Builtin]:2788
                                               CONCATENATION    449.116      0.000      0.000     0.002%    56.275%      0.000            131   [Builtin]:2789
                                                       SLICE    449.116      0.001      0.001     0.004%    56.279%      0.000            131   [Builtin]:2790
                                                       SLICE    449.118      0.013      0.008     0.035%    56.314%      0.000            131   [Builtin]:2791
                                                   SELECT_V2    449.168      0.000      0.000     0.002%    56.316%      0.000            131   [Builtin]:624
                                        DYNAMIC_UPDATE_SLICE    449.737      0.001      0.001     0.004%    56.320%      0.000            131   [Builtin]:2853
                                        DYNAMIC_UPDATE_SLICE    449.740      0.006      0.006     0.025%    56.346%      0.000            131   [Builtin]:2855
                                                   SELECT_V2    449.892      0.006      0.005     0.021%    56.367%      0.000            131   [Builtin]:689
                                                   SELECT_V2    450.043      0.001      0.001     0.004%    56.370%      0.000            131   [Builtin]:692
                                        DYNAMIC_UPDATE_SLICE    450.685      0.001      0.001     0.004%    56.375%      0.000            131   [Builtin]:2919
                                        DYNAMIC_UPDATE_SLICE    450.688      0.004      0.003     0.014%    56.389%      0.000            131   [Builtin]:2921
                                                       SLICE    450.692      0.001      0.000     0.002%    56.391%      0.000            131   [Builtin]:2922
                                                         ADD    450.693      0.001      0.000     0.002%    56.393%      0.000            131   [Builtin]:2923
                                                         SUB    450.694      0.000      0.000     0.002%    56.395%      0.000            131   [Builtin]:2924
                                                     MAXIMUM    450.695      0.000      0.000     0.002%    56.396%      0.000            131   [Builtin]:2925
                                                     RESHAPE    450.695      0.000      0.000     0.001%    56.397%      0.000            131   [Builtin]:2926
                                                     RESHAPE    450.696      0.000      0.000     0.001%    56.398%      0.000            131   [Builtin]:2927
                                               CONCATENATION    450.696      0.001      0.000     0.002%    56.399%      0.000            131   [Builtin]:2928
                                                       SLICE    450.697      0.006      0.005     0.021%    56.420%      0.000            131   [Builtin]:2929
                                                        PACK    450.749      0.001      0.000     0.001%    56.422%      0.000            131   [Builtin]:2932
                                                        FILL    450.750      0.000      0.001     0.003%    56.425%      0.000            131   [Builtin]:2933
                                        DYNAMIC_UPDATE_SLICE    450.750      0.001      0.001     0.003%    56.428%      0.000            131   [Builtin]:2934
                                                   SELECT_V2    450.752      0.006      0.003     0.013%    56.441%      0.000            131   [Builtin]:757
                                                       SLICE    450.762      0.000      0.000     0.002%    56.442%      0.000            131   [Builtin]:2935
                                                         ADD    450.762      0.001      0.000     0.001%    56.444%      0.000            131   [Builtin]:2936
                                                         SUB    450.763      0.000      0.000     0.000%    56.444%      0.000            131   [Builtin]:2937
                                                     MAXIMUM    450.763      0.000      0.000     0.001%    56.445%      0.000            131   [Builtin]:2938
                                                     RESHAPE    450.763      0.001      0.000     0.001%    56.446%      0.000            131   [Builtin]:2939
                                               CONCATENATION    450.764      0.000      0.001     0.002%    56.449%      0.000            131   [Builtin]:2940
                                                       SLICE    450.764      0.002      0.001     0.004%    56.453%      0.000            131   [Builtin]:2941
                                                       SLICE    450.766      0.013      0.008     0.036%    56.489%      0.000            131   [Builtin]:2942
                                                   SELECT_V2    450.816      0.001      0.001     0.002%    56.491%      0.000            131   [Builtin]:760
                                        DYNAMIC_UPDATE_SLICE    451.317      0.001      0.001     0.005%    56.496%      0.000            131   [Builtin]:3004
                                        DYNAMIC_UPDATE_SLICE    451.320      0.004      0.003     0.014%    56.510%      0.000            131   [Builtin]:3006
                                                       SLICE    451.324      0.000      0.001     0.002%    56.512%      0.000            131   [Builtin]:3007
                                                         ADD    451.324      0.001      0.000     0.001%    56.514%      0.000            131   [Builtin]:3008
                                                         SUB    451.325      0.000      0.000     0.001%    56.515%      0.000            131   [Builtin]:3009
                                                     MAXIMUM    451.326      0.000      0.000     0.001%    56.516%      0.000            131   [Builtin]:3010
                                                     RESHAPE    451.326      0.000      0.000     0.001%    56.517%      0.000            131   [Builtin]:3011
                                                     RESHAPE    451.326      0.001      0.000     0.001%    56.517%      0.000            131   [Builtin]:3012
                                               CONCATENATION    451.327      0.000      0.000     0.001%    56.519%      0.000            131   [Builtin]:3013
                                                       SLICE    451.327      0.007      0.005     0.020%    56.539%      0.000            131   [Builtin]:3014
                                                        PACK    451.371      0.001      0.000     0.001%    56.540%      0.000            131   [Builtin]:3017
                                                        FILL    451.372      0.000      0.000     0.002%    56.543%      0.000            131   [Builtin]:3018
                                        DYNAMIC_UPDATE_SLICE    451.373      0.000      0.001     0.003%    56.545%      0.000            131   [Builtin]:3019
                                                   SELECT_V2    451.374      0.006      0.003     0.013%    56.559%      0.000            131   [Builtin]:825
                                                       SLICE    451.384      0.000      0.000     0.001%    56.560%      0.000            131   [Builtin]:3020
                                                         ADD    451.384      0.001      0.000     0.001%    56.562%      0.000            131   [Builtin]:3021
                                                         SUB    451.385      0.000      0.000     0.001%    56.563%      0.000            131   [Builtin]:3022
                                                     MAXIMUM    451.385      0.001      0.000     0.001%    56.564%      0.000            131   [Builtin]:3023
                                                     RESHAPE    451.386      0.000      0.000     0.001%    56.564%      0.000            131   [Builtin]:3024
                                               CONCATENATION    451.386      0.000      0.000     0.001%    56.565%      0.000            131   [Builtin]:3025
                                                       SLICE    451.386      0.001      0.001     0.004%    56.569%      0.000            131   [Builtin]:3026
                                                       SLICE    451.387      0.013      0.008     0.036%    56.605%      0.000            131   [Builtin]:3027
                                                   SELECT_V2    451.437      0.001      0.001     0.003%    56.608%      0.000            131   [Builtin]:828
                                        DYNAMIC_UPDATE_SLICE    451.906      0.001      0.001     0.004%    56.612%      0.000            131   [Builtin]:3089
                                        DYNAMIC_UPDATE_SLICE    451.908      0.004      0.003     0.014%    56.626%      0.000            131   [Builtin]:3091
                                                       SLICE    451.912      0.001      0.000     0.002%    56.628%      0.000            131   [Builtin]:3092
                                                         ADD    451.913      0.000      0.000     0.002%    56.630%      0.000            131   [Builtin]:3093
                                                         SUB    451.914      0.000      0.000     0.001%    56.631%      0.000            131   [Builtin]:3094
                                                     MAXIMUM    451.914      0.000      0.000     0.001%    56.632%      0.000            131   [Builtin]:3095
                                                     RESHAPE    451.914      0.001      0.000     0.001%    56.633%      0.000            131   [Builtin]:3096
                                                     RESHAPE    451.915      0.000      0.000     0.001%    56.634%      0.000            131   [Builtin]:3097
                                               CONCATENATION    451.915      0.001      0.000     0.001%    56.635%      0.000            131   [Builtin]:3098
                                                       SLICE    451.916      0.007      0.004     0.020%    56.655%      0.000            131   [Builtin]:3099
                                                        PACK    451.960      0.000      0.000     0.001%    56.656%      0.000            131   [Builtin]:3102
                                                        FILL    451.960      0.001      0.001     0.002%    56.658%      0.000            131   [Builtin]:3103
                                        DYNAMIC_UPDATE_SLICE    451.961      0.001      0.001     0.003%    56.662%      0.000            131   [Builtin]:3104
                                                   SELECT_V2    451.963      0.006      0.003     0.013%    56.674%      0.000            131   [Builtin]:893
                                                       SLICE    451.972      0.001      0.000     0.001%    56.676%      0.000            131   [Builtin]:3105
                                                         ADD    451.973      0.000      0.000     0.001%    56.677%      0.000            131   [Builtin]:3106
                                                         SUB    451.973      0.000      0.000     0.001%    56.678%      0.000            131   [Builtin]:3107
                                                     MAXIMUM    451.974      0.000      0.000     0.001%    56.679%      0.000            131   [Builtin]:3108
                                                     RESHAPE    451.974      0.000      0.000     0.001%    56.680%      0.000            131   [Builtin]:3109
                                               CONCATENATION    451.974      0.001      0.000     0.002%    56.681%      0.000            131   [Builtin]:3110
                                                       SLICE    451.975      0.001      0.001     0.004%    56.685%      0.000            131   [Builtin]:3111
                                                       SLICE    451.976      0.014      0.008     0.036%    56.721%      0.000            131   [Builtin]:3112
                                                   SELECT_V2    452.026      0.001      0.000     0.002%    56.723%      0.000            131   [Builtin]:896
                                        DYNAMIC_UPDATE_SLICE    452.498      0.002      0.001     0.004%    56.727%      0.000            131   [Builtin]:3174
                                        DYNAMIC_UPDATE_SLICE    452.501      0.004      0.002     0.011%    56.738%      0.000            131   [Builtin]:3176
                                                       SLICE    452.505      0.001      0.000     0.002%    56.740%      0.000            131   [Builtin]:3177
                                                         ADD    452.506      0.000      0.000     0.001%    56.741%      0.000            131   [Builtin]:3178
                                                         SUB    452.506      0.001      0.000     0.001%    56.743%      0.000            131   [Builtin]:3179
                                                     MAXIMUM    452.507      0.000      0.001     0.002%    56.745%      0.000            131   [Builtin]:3180
                                                     RESHAPE    452.507      0.000      0.000     0.001%    56.746%      0.000            131   [Builtin]:3181
                                                     RESHAPE    452.508      0.000      0.000     0.001%    56.746%      0.000            131   [Builtin]:3182
                                               CONCATENATION    452.508      0.000      0.000     0.002%    56.748%      0.000            131   [Builtin]:3183
                                                       SLICE    452.508      0.007      0.004     0.019%    56.767%      0.000            131   [Builtin]:3184
                                                        PACK    452.552      0.001      0.000     0.002%    56.769%      0.000            131   [Builtin]:3187
                                                        FILL    452.553      0.001      0.001     0.002%    56.771%      0.000            131   [Builtin]:3188
                                        DYNAMIC_UPDATE_SLICE    452.554      0.001      0.001     0.002%    56.774%      0.000            131   [Builtin]:3189
                                                   SELECT_V2    452.555      0.006      0.003     0.013%    56.787%      0.000            131   [Builtin]:961
                                                       SLICE    452.565      0.000      0.000     0.002%    56.789%      0.000            131   [Builtin]:3190
                                                         ADD    452.565      0.000      0.000     0.001%    56.789%      0.000            131   [Builtin]:3191
                                                         SUB    452.566      0.000      0.000     0.001%    56.790%      0.000            131   [Builtin]:3192
                                                     MAXIMUM    452.566      0.000      0.000     0.001%    56.791%      0.000            131   [Builtin]:3193
                                                     RESHAPE    452.566      0.000      0.000     0.000%    56.792%      0.000            131   [Builtin]:3194
                                               CONCATENATION    452.567      0.000      0.000     0.001%    56.793%      0.000            131   [Builtin]:3195
                                                       SLICE    452.567      0.001      0.001     0.004%    56.797%      0.000            131   [Builtin]:3196
                                                       SLICE    452.568      0.013      0.008     0.034%    56.831%      0.000            131   [Builtin]:3197
                                                   SELECT_V2    452.619      0.001      0.000     0.002%    56.833%      0.000            131   [Builtin]:964
                                        DYNAMIC_UPDATE_SLICE    456.214      0.001      0.001     0.004%    56.837%      0.000            131   [Builtin]:3259
                                        DYNAMIC_UPDATE_SLICE    456.217      0.007      0.006     0.026%    56.864%      0.000            131   [Builtin]:3261
                                                   SELECT_V2    456.368      0.007      0.005     0.021%    56.885%      0.000            131   [Builtin]:1029
                                                   SELECT_V2    456.519      0.001      0.001     0.004%    56.888%      0.000            131   [Builtin]:1032
                             Delegate/Normalize (ND) Reduce2      0.000      0.000      0.001     0.057%    56.945%      0.000           2620   [Delegate]:60
                                      Delegate/Multiply (ND)      0.000      0.000      0.000     0.000%    56.945%      0.000           2620   [Delegate]:61
                                           Delegate/Add (ND)      0.000      0.000      0.000     0.000%    56.945%      0.000           2620   [Delegate]:62
                                Delegate/Static Reshape (NC)      0.000      0.000      0.000     0.000%    56.945%      0.000           2620   [Delegate]:63
                        Delegate/Reciprocal Square Root (NC)      0.000      0.000      0.000     0.000%    56.945%      0.000           2620   [Delegate]:64
                                      Delegate/Multiply (ND)      0.000      0.000      0.000     0.000%    56.945%      0.000           2620   [Delegate]:65
                                      Delegate/Multiply (ND)      0.000      0.000      0.000     0.005%    56.950%      0.000           2620   [Delegate]:66
                                    Delegate/Slice (ND, X32)      0.000      0.000      0.000     0.027%    56.977%      0.000           2620   [Delegate]:67
                                    Delegate/Slice (ND, X32)      0.000      0.000      0.000     0.036%    57.013%      0.000           2620   [Delegate]:68
                                      Delegate/Multiply (ND)      0.000      0.000      0.000     0.000%    57.013%      0.000           2620   [Delegate]:69
                                      Delegate/Multiply (ND)      0.000      0.000      0.000     0.000%    57.013%      0.000           2620   [Delegate]:70
                                      Delegate/Subtract (ND)      0.000      0.000      0.000     0.000%    57.013%      0.000           2620   [Delegate]:71
                                      Delegate/Multiply (ND)      0.000      0.000      0.000     0.000%    57.013%      0.000           2620   [Delegate]:73
                                           Delegate/Add (ND)      0.000      0.000      0.000     0.000%    57.013%      0.000           2620   [Delegate]:74
                                     Delegate/Copy (NC, X32)      0.000      0.000      0.000     0.000%    57.013%      0.000           2620   [Delegate]:75
                                                       SLICE    463.544      0.004      0.001     0.003%    57.016%      0.000            131   [Builtin]:3309
                                                         ADD    463.549      0.001      0.000     0.002%    57.018%      0.000            131   [Builtin]:3310
                                                         SUB    463.551      0.001      0.000     0.001%    57.019%      0.000            131   [Builtin]:3311
                                                     MAXIMUM    463.552      0.002      0.000     0.002%    57.021%      0.000            131   [Builtin]:3312
                                                     RESHAPE    463.554      0.000      0.000     0.001%    57.022%      0.000            131   [Builtin]:3313
                                                     RESHAPE    463.554      0.000      0.000     0.001%    57.023%      0.000            131   [Builtin]:3314
                                               CONCATENATION    463.554      0.002      0.000     0.002%    57.025%      0.000            131   [Builtin]:3315
                                                       SLICE    463.556      0.006      0.005     0.020%    57.045%      0.000            131   [Builtin]:3316
                                                        PACK    463.602      0.001      0.000     0.001%    57.046%      0.000            131   [Builtin]:3319
                                                        FILL    463.603      0.001      0.001     0.003%    57.049%      0.000            131   [Builtin]:3320
                                        DYNAMIC_UPDATE_SLICE    463.604      0.002      0.001     0.003%    57.052%      0.000            131   [Builtin]:3321
                                                   SELECT_V2    463.606      0.008      0.003     0.013%    57.065%      0.000            131   [Builtin]:1079
                                                       SLICE    463.618      0.000      0.000     0.002%    57.067%      0.000            131   [Builtin]:3322
                                                         ADD    463.618      0.001      0.001     0.002%    57.069%      0.000            131   [Builtin]:3323
                                                         SUB    463.619      0.000      0.000     0.001%    57.070%      0.000            131   [Builtin]:3324
                                                     MAXIMUM    463.620      0.000      0.000     0.001%    57.071%      0.000            131   [Builtin]:3325
                                                     RESHAPE    463.620      0.000      0.000     0.001%    57.072%      0.000            131   [Builtin]:3326
                                               CONCATENATION    463.620      0.001      0.000     0.002%    57.074%      0.000            131   [Builtin]:3327
                                                       SLICE    463.621      0.001      0.001     0.004%    57.078%      0.000            131   [Builtin]:3328
                                                       SLICE    463.623      0.013      0.008     0.035%    57.113%      0.000            131   [Builtin]:3329
                                                   SELECT_V2    463.674      0.001      0.000     0.002%    57.115%      0.000            131   [Builtin]:1082
               Delegate/Fully Connected (NC, QS8, QC2W) GEMM      0.000      1.756      0.107     9.491%    66.606%      0.000           2620   [Delegate]:18
               Delegate/Fully Connected (NC, QS8, QC2W) GEMM      0.000      3.476      0.108     9.599%    76.206%      0.000           2620   [Delegate]:20
               Delegate/Fully Connected (NC, QS8, QC2W) GEMM      0.000      2.022      0.119    10.527%    86.733%      0.000           2620   [Delegate]:25
                                                       SLICE    473.017      0.006      0.001     0.003%    86.736%      0.000            131   [Builtin]:3375
                                                         ADD    473.024      0.002      0.000     0.002%    86.738%      0.000            131   [Builtin]:3376
                                                         SUB    473.026      0.002      0.000     0.001%    86.739%      0.000            131   [Builtin]:3377
                                                     MAXIMUM    473.028      0.002      0.000     0.001%    86.740%      0.000            131   [Builtin]:3378
                                                     RESHAPE    473.030      0.000      0.000     0.001%    86.741%      0.000            131   [Builtin]:3379
                                                     RESHAPE    473.030      0.000      0.000     0.001%    86.742%      0.000            131   [Builtin]:3380
                                               CONCATENATION    473.031      0.001      0.000     0.002%    86.744%      0.000            131   [Builtin]:3381
                                                       SLICE    473.032      0.006      0.004     0.019%    86.762%      0.000            131   [Builtin]:3382
                                                        PACK    473.129      0.001      0.000     0.001%    86.764%      0.000            131   [Builtin]:3385
                                                        FILL    473.131      0.001      0.000     0.002%    86.766%      0.000            131   [Builtin]:3386
                                        DYNAMIC_UPDATE_SLICE    473.132      0.002      0.001     0.003%    86.769%      0.000            131   [Builtin]:3387
                                                   SELECT_V2    473.134      0.005      0.003     0.013%    86.782%      0.000            131   [Builtin]:1129
                                                       SLICE    473.143      0.000      0.000     0.002%    86.784%      0.000            131   [Builtin]:3388
                                                         ADD    473.144      0.000      0.000     0.001%    86.785%      0.000            131   [Builtin]:3389
                                                         SUB    473.144      0.000      0.000     0.001%    86.787%      0.000            131   [Builtin]:3390
                                                     MAXIMUM    473.144      0.000      0.000     0.001%    86.787%      0.000            131   [Builtin]:3391
                                                     RESHAPE    473.145      0.000      0.000     0.000%    86.788%      0.000            131   [Builtin]:3392
                                               CONCATENATION    473.145      0.000      0.000     0.001%    86.789%      0.000            131   [Builtin]:3393
                                                       SLICE    473.145      0.001      0.001     0.004%    86.793%      0.000            131   [Builtin]:3394
                                                       SLICE    473.146      0.010      0.007     0.031%    86.824%      0.000            131   [Builtin]:3395
                                                   SELECT_V2    473.187      0.001      0.001     0.002%    86.827%      0.000            131   [Builtin]:1132
                                                       SLICE    480.071      0.003      0.001     0.003%    86.830%      0.000            131   [Builtin]:3441
                                                         ADD    480.074      0.001      0.000     0.002%    86.832%      0.000            131   [Builtin]:3442
                                                         SUB    480.075      0.001      0.000     0.002%    86.834%      0.000            131   [Builtin]:3443
                                                     MAXIMUM    480.076      0.001      0.000     0.001%    86.835%      0.000            131   [Builtin]:3444
                                                     RESHAPE    480.077      0.000      0.000     0.001%    86.836%      0.000            131   [Builtin]:3445
                                                     RESHAPE    480.077      0.001      0.000     0.001%    86.837%      0.000            131   [Builtin]:3446
                                               CONCATENATION    480.078      0.001      0.000     0.001%    86.838%      0.000            131   [Builtin]:3447
                                                       SLICE    480.079      0.005      0.004     0.019%    86.857%      0.000            131   [Builtin]:3448
                                                        PACK    480.124      0.001      0.000     0.002%    86.859%      0.000            131   [Builtin]:3451
                                                        FILL    480.125      0.001      0.000     0.002%    86.862%      0.000            131   [Builtin]:3452
                                        DYNAMIC_UPDATE_SLICE    480.126      0.001      0.001     0.003%    86.865%      0.000            131   [Builtin]:3453
                                                   SELECT_V2    480.127      0.004      0.003     0.013%    86.878%      0.000            131   [Builtin]:1179
                                                       SLICE    480.135      0.000      0.000     0.001%    86.879%      0.000            131   [Builtin]:3454
                                                         ADD    480.135      0.000      0.000     0.001%    86.880%      0.000            131   [Builtin]:3455
                                                         SUB    480.136      0.000      0.000     0.001%    86.881%      0.000            131   [Builtin]:3456
                                                     MAXIMUM    480.136      0.000      0.000     0.001%    86.882%      0.000            131   [Builtin]:3457
                                                     RESHAPE    480.136      0.000      0.000     0.001%    86.883%      0.000            131   [Builtin]:3458
                                               CONCATENATION    480.136      0.001      0.000     0.001%    86.884%      0.000            131   [Builtin]:3459
                                                       SLICE    480.137      0.001      0.001     0.004%    86.888%      0.000            131   [Builtin]:3460
                                                       SLICE    480.138      0.007      0.007     0.030%    86.919%      0.000            131   [Builtin]:3461
                                                   SELECT_V2    480.177      0.000      0.001     0.003%    86.921%      0.000            131   [Builtin]:1182
                                                       SLICE    487.981      0.001      0.001     0.003%    86.925%      0.000            131   [Builtin]:3507
                                                         ADD    487.983      0.000      0.000     0.002%    86.927%      0.000            131   [Builtin]:3508
                                                         SUB    487.983      0.001      0.000     0.001%    86.928%      0.000            131   [Builtin]:3509
                                                     MAXIMUM    487.984      0.001      0.000     0.002%    86.930%      0.000            131   [Builtin]:3510
                                                     RESHAPE    487.985      0.000      0.000     0.001%    86.931%      0.000            131   [Builtin]:3511
                                                     RESHAPE    487.985      0.000      0.000     0.001%    86.932%      0.000            131   [Builtin]:3512
                                               CONCATENATION    487.985      0.001      0.000     0.002%    86.933%      0.000            131   [Builtin]:3513
                                                       SLICE    487.986      0.005      0.004     0.019%    86.952%      0.000            131   [Builtin]:3514
                                                        PACK    488.023      0.001      0.000     0.002%    86.954%      0.000            131   [Builtin]:3517
                                                        FILL    488.024      0.000      0.001     0.002%    86.957%      0.000            131   [Builtin]:3518
                                        DYNAMIC_UPDATE_SLICE    488.025      0.000      0.001     0.003%    86.960%      0.000            131   [Builtin]:3519
                                                   SELECT_V2    488.026      0.003      0.003     0.013%    86.972%      0.000            131   [Builtin]:1229
                                                       SLICE    488.032      0.000      0.000     0.001%    86.974%      0.000            131   [Builtin]:3520
                                                         ADD    488.032      0.000      0.000     0.001%    86.975%      0.000            131   [Builtin]:3521
                                                         SUB    488.032      0.001      0.000     0.001%    86.976%      0.000            131   [Builtin]:3522
                                                     MAXIMUM    488.033      0.000      0.000     0.001%    86.976%      0.000            131   [Builtin]:3523
                                                     RESHAPE    488.033      0.000      0.000     0.000%    86.977%      0.000            131   [Builtin]:3524
                                               CONCATENATION    488.033      0.000      0.000     0.002%    86.979%      0.000            131   [Builtin]:3525
                                                       SLICE    488.033      0.001      0.001     0.004%    86.983%      0.000            131   [Builtin]:3526
                                                       SLICE    488.034      0.007      0.007     0.029%    87.012%      0.000            131   [Builtin]:3527
                                                   SELECT_V2    488.071      0.001      0.001     0.003%    87.015%      0.000            131   [Builtin]:1232
                             Delegate/Convert (NC, QS8, QC8)      0.000      0.015      0.013     0.222%    87.237%      0.000            524   [Delegate]:76
         Delegate/Batch Matrix Multiply (NC, F32, QC8W) GEMM      0.000      0.109      0.092     1.630%    88.867%      0.000            524   [Delegate]:77
                                                   SELECT_V2    496.005      0.004      0.003     0.014%    88.881%      0.000            131   [Builtin]:1279
                                                   SELECT_V2    496.128      0.001      0.001     0.004%    88.885%      0.000            131   [Builtin]:1282
                                                       SLICE    503.430      0.002      0.001     0.003%    88.888%      0.000            131   [Builtin]:3620
                                                         ADD    503.432      0.001      0.000     0.002%    88.889%      0.000            131   [Builtin]:3621
                                                         SUB    503.433      0.001      0.000     0.001%    88.890%      0.000            131   [Builtin]:3622
                                                     MAXIMUM    503.434      0.000      0.000     0.002%    88.892%      0.000            131   [Builtin]:3623
                                                     RESHAPE    503.434      0.000      0.000     0.001%    88.893%      0.000            131   [Builtin]:3624
                                                     RESHAPE    503.434      0.001      0.000     0.001%    88.894%      0.000            131   [Builtin]:3625
                                               CONCATENATION    503.435      0.001      0.001     0.003%    88.897%      0.000            131   [Builtin]:3626
                                                       SLICE    503.436      0.004      0.005     0.021%    88.917%      0.000            131   [Builtin]:3627
                                                        PACK    503.473      0.000      0.000     0.002%    88.919%      0.000            131   [Builtin]:3630
                                                        FILL    503.473      0.001      0.001     0.002%    88.921%      0.000            131   [Builtin]:3631
                                        DYNAMIC_UPDATE_SLICE    503.474      0.001      0.001     0.003%    88.925%      0.000            131   [Builtin]:3632
                                                   SELECT_V2    503.475      0.003      0.003     0.013%    88.938%      0.000            131   [Builtin]:1329
                                                       SLICE    503.481      0.000      0.000     0.001%    88.939%      0.000            131   [Builtin]:3633
                                                         ADD    503.481      0.001      0.000     0.001%    88.940%      0.000            131   [Builtin]:3634
                                                         SUB    503.482      0.000      0.000     0.001%    88.941%      0.000            131   [Builtin]:3635
                                                     MAXIMUM    503.482      0.000      0.000     0.001%    88.942%      0.000            131   [Builtin]:3636
                                                     RESHAPE    503.482      0.000      0.000     0.001%    88.943%      0.000            131   [Builtin]:3637
                                               CONCATENATION    503.482      0.001      0.000     0.002%    88.945%      0.000            131   [Builtin]:3638
                                                       SLICE    503.483      0.001      0.001     0.004%    88.949%      0.000            131   [Builtin]:3639
                                                       SLICE    503.484      0.006      0.007     0.032%    88.981%      0.000            131   [Builtin]:3640
                                                   SELECT_V2    503.521      0.000      0.001     0.002%    88.984%      0.000            131   [Builtin]:1332
                                                       SLICE    510.655      0.001      0.001     0.003%    88.986%      0.000            131   [Builtin]:3686
                                                         ADD    510.656      0.001      0.000     0.002%    88.989%      0.000            131   [Builtin]:3687
                                                         SUB    510.657      0.001      0.000     0.001%    88.990%      0.000            131   [Builtin]:3688
                                                     MAXIMUM    510.658      0.000      0.000     0.001%    88.991%      0.000            131   [Builtin]:3689
                                                     RESHAPE    510.658      0.000      0.000     0.001%    88.992%      0.000            131   [Builtin]:3690
                                                     RESHAPE    510.658      0.000      0.000     0.001%    88.992%      0.000            131   [Builtin]:3691
                                               CONCATENATION    510.658      0.001      0.000     0.001%    88.994%      0.000            131   [Builtin]:3692
                                                       SLICE    510.659      0.005      0.004     0.019%    89.013%      0.000            131   [Builtin]:3693
                                                        PACK    510.696      0.000      0.000     0.002%    89.015%      0.000            131   [Builtin]:3696
                                                        FILL    510.696      0.001      0.001     0.002%    89.017%      0.000            131   [Builtin]:3697
                                        DYNAMIC_UPDATE_SLICE    510.697      0.001      0.001     0.003%    89.021%      0.000            131   [Builtin]:3698
                                                   SELECT_V2    510.698      0.003      0.003     0.013%    89.033%      0.000            131   [Builtin]:1379
                                                       SLICE    510.704      0.000      0.000     0.002%    89.035%      0.000            131   [Builtin]:3699
                                                         ADD    510.705      0.000      0.000     0.001%    89.036%      0.000            131   [Builtin]:3700
                                                         SUB    510.705      0.000      0.000     0.002%    89.038%      0.000            131   [Builtin]:3701
                                                     MAXIMUM    510.705      0.001      0.000     0.001%    89.039%      0.000            131   [Builtin]:3702
                                                     RESHAPE    510.706      0.000      0.000     0.001%    89.040%      0.000            131   [Builtin]:3703
                                               CONCATENATION    510.706      0.000      0.000     0.002%    89.042%      0.000            131   [Builtin]:3704
                                                       SLICE    510.707      0.000      0.001     0.004%    89.046%      0.000            131   [Builtin]:3705
                                                       SLICE    510.707      0.006      0.007     0.030%    89.076%      0.000            131   [Builtin]:3706
                                                   SELECT_V2    510.744      0.001      0.001     0.003%    89.078%      0.000            131   [Builtin]:1382
                                                       SLICE    517.993      0.002      0.001     0.003%    89.082%      0.000            131   [Builtin]:3752
                                                         ADD    517.996      0.000      0.000     0.002%    89.083%      0.000            131   [Builtin]:3753
                                                         SUB    517.996      0.001      0.000     0.001%    89.085%      0.000            131   [Builtin]:3754
                                                     MAXIMUM    517.997      0.001      0.000     0.002%    89.086%      0.000            131   [Builtin]:3755
                                                     RESHAPE    517.998      0.000      0.000     0.000%    89.087%      0.000            131   [Builtin]:3756
                                                     RESHAPE    517.998      0.000      0.000     0.001%    89.087%      0.000            131   [Builtin]:3757
                                               CONCATENATION    517.998      0.001      0.000     0.002%    89.089%      0.000            131   [Builtin]:3758
                                                       SLICE    517.999      0.006      0.004     0.019%    89.108%      0.000            131   [Builtin]:3759
                                                        PACK    518.037      0.001      0.000     0.002%    89.110%      0.000            131   [Builtin]:3762
                                                        FILL    518.038      0.000      0.001     0.002%    89.112%      0.000            131   [Builtin]:3763
                                        DYNAMIC_UPDATE_SLICE    518.039      0.000      0.001     0.003%    89.115%      0.000            131   [Builtin]:3764
                                                   SELECT_V2    518.040      0.003      0.003     0.013%    89.128%      0.000            131   [Builtin]:1429
                                                       SLICE    518.046      0.000      0.000     0.002%    89.130%      0.000            131   [Builtin]:3765
                                                         ADD    518.046      0.001      0.000     0.001%    89.131%      0.000            131   [Builtin]:3766
                                                         SUB    518.047      0.000      0.000     0.001%    89.133%      0.000            131   [Builtin]:3767
                                                     MAXIMUM    518.047      0.000      0.000     0.001%    89.134%      0.000            131   [Builtin]:3768
                                                     RESHAPE    518.047      0.001      0.000     0.001%    89.135%      0.000            131   [Builtin]:3769
                                               CONCATENATION    518.048      0.000      0.000     0.002%    89.137%      0.000            131   [Builtin]:3770
                                                       SLICE    518.048      0.001      0.001     0.004%    89.141%      0.000            131   [Builtin]:3771
                                                       SLICE    518.049      0.006      0.006     0.028%    89.169%      0.000            131   [Builtin]:3772
                                                   SELECT_V2    518.086      0.000      0.000     0.002%    89.171%      0.000            131   [Builtin]:1432
                                                       SLICE    525.495      0.001      0.001     0.002%    89.174%      0.000            131   [Builtin]:3818
                                                         ADD    525.496      0.001      0.000     0.002%    89.176%      0.000            131   [Builtin]:3819
                                                         SUB    525.497      0.000      0.000     0.001%    89.176%      0.000            131   [Builtin]:3820
                                                     MAXIMUM    525.497      0.001      0.000     0.001%    89.177%      0.000            131   [Builtin]:3821
                                                     RESHAPE    525.498      0.000      0.000     0.001%    89.178%      0.000            131   [Builtin]:3822
                                                     RESHAPE    525.498      0.000      0.000     0.001%    89.179%      0.000            131   [Builtin]:3823
                                               CONCATENATION    525.498      0.001      0.000     0.002%    89.181%      0.000            131   [Builtin]:3824
                                                       SLICE    525.499      0.004      0.004     0.019%    89.200%      0.000            131   [Builtin]:3825
                                                        PACK    525.534      0.001      0.000     0.001%    89.201%      0.000            131   [Builtin]:3828
                                                        FILL    525.535      0.001      0.001     0.002%    89.204%      0.000            131   [Builtin]:3829
                                        DYNAMIC_UPDATE_SLICE    525.536      0.001      0.001     0.003%    89.206%      0.000            131   [Builtin]:3830
                                                   SELECT_V2    525.537      0.003      0.003     0.013%    89.219%      0.000            131   [Builtin]:1479
                                                       SLICE    525.543      0.000      0.000     0.002%    89.220%      0.000            131   [Builtin]:3831
                                                         ADD    525.544      0.000      0.000     0.001%    89.221%      0.000            131   [Builtin]:3832
                                                         SUB    525.544      0.000      0.000     0.001%    89.223%      0.000            131   [Builtin]:3833
                                                     MAXIMUM    525.544      0.001      0.000     0.001%    89.224%      0.000            131   [Builtin]:3834
                                                     RESHAPE    525.545      0.000      0.000     0.001%    89.224%      0.000            131   [Builtin]:3835
                                               CONCATENATION    525.545      0.000      0.000     0.002%    89.226%      0.000            131   [Builtin]:3836
                                                       SLICE    525.545      0.001      0.001     0.004%    89.230%      0.000            131   [Builtin]:3837
                                                       SLICE    525.546      0.006      0.006     0.028%    89.258%      0.000            131   [Builtin]:3838
                                                   SELECT_V2    525.582      0.001      0.001     0.003%    89.261%      0.000            131   [Builtin]:1482
                                                   SELECT_V2    533.321      0.004      0.003     0.015%    89.276%      0.000            131   [Builtin]:1529
                                                   SELECT_V2    533.443      0.000      0.001     0.004%    89.280%      0.000            131   [Builtin]:1532
                                                       SLICE    541.167      0.002      0.001     0.003%    89.283%      0.000            131   [Builtin]:3931
                                                         ADD    541.169      0.001      0.000     0.002%    89.285%      0.000            131   [Builtin]:3932
                                                         SUB    541.170      0.000      0.000     0.001%    89.286%      0.000            131   [Builtin]:3933
                                                     MAXIMUM    541.171      0.000      0.000     0.001%    89.287%      0.000            131   [Builtin]:3934
                                                     RESHAPE    541.171      0.000      0.000     0.001%    89.288%      0.000            131   [Builtin]:3935
                                                     RESHAPE    541.171      0.001      0.000     0.001%    89.289%      0.000            131   [Builtin]:3936
                                               CONCATENATION    541.172      0.000      0.000     0.002%    89.291%      0.000            131   [Builtin]:3937
                                                       SLICE    541.172      0.005      0.004     0.018%    89.309%      0.000            131   [Builtin]:3938
                                                        PACK    541.209      0.000      0.000     0.002%    89.311%      0.000            131   [Builtin]:3941
                                                        FILL    541.209      0.001      0.001     0.002%    89.313%      0.000            131   [Builtin]:3942
                                        DYNAMIC_UPDATE_SLICE    541.210      0.001      0.001     0.003%    89.316%      0.000            131   [Builtin]:3943
                                                   SELECT_V2    541.211      0.003      0.003     0.013%    89.330%      0.000            131   [Builtin]:1579
                                                       SLICE    541.217      0.000      0.000     0.001%    89.331%      0.000            131   [Builtin]:3944
                                                         ADD    541.217      0.001      0.000     0.001%    89.332%      0.000            131   [Builtin]:3945
                                                         SUB    541.218      0.000      0.000     0.001%    89.334%      0.000            131   [Builtin]:3946
                                                     MAXIMUM    541.218      0.000      0.000     0.001%    89.334%      0.000            131   [Builtin]:3947
                                                     RESHAPE    541.218      0.000      0.000     0.000%    89.335%      0.000            131   [Builtin]:3948
                                               CONCATENATION    541.218      0.001      0.000     0.002%    89.336%      0.000            131   [Builtin]:3949
                                                       SLICE    541.219      0.001      0.001     0.004%    89.340%      0.000            131   [Builtin]:3950
                                                       SLICE    541.220      0.006      0.007     0.031%    89.371%      0.000            131   [Builtin]:3951
                                                   SELECT_V2    541.259      0.000      0.001     0.002%    89.373%      0.000            131   [Builtin]:1582
                                                       SLICE    548.388      0.001      0.001     0.003%    89.376%      0.000            131   [Builtin]:3997
                                                         ADD    548.389      0.001      0.000     0.001%    89.377%      0.000            131   [Builtin]:3998
                                                         SUB    548.390      0.000      0.000     0.002%    89.379%      0.000            131   [Builtin]:3999
                                                     MAXIMUM    548.390      0.001      0.000     0.001%    89.381%      0.000            131   [Builtin]:4000
                                                     RESHAPE    548.391      0.000      0.000     0.001%    89.381%      0.000            131   [Builtin]:4001
                                                     RESHAPE    548.391      0.000      0.000     0.001%    89.382%      0.000            131   [Builtin]:4002
                                               CONCATENATION    548.391      0.001      0.000     0.002%    89.384%      0.000            131   [Builtin]:4003
                                                       SLICE    548.392      0.005      0.004     0.019%    89.403%      0.000            131   [Builtin]:4004
                                                        PACK    548.429      0.000      0.000     0.002%    89.404%      0.000            131   [Builtin]:4007
                                                        FILL    548.429      0.001      0.001     0.002%    89.407%      0.000            131   [Builtin]:4008
                                        DYNAMIC_UPDATE_SLICE    548.430      0.001      0.001     0.003%    89.410%      0.000            131   [Builtin]:4009
                                                   SELECT_V2    548.431      0.003      0.003     0.013%    89.423%      0.000            131   [Builtin]:1629
                                                       SLICE    548.437      0.001      0.000     0.002%    89.425%      0.000            131   [Builtin]:4010
                                                         ADD    548.438      0.000      0.000     0.001%    89.426%      0.000            131   [Builtin]:4011
                                                         SUB    548.438      0.000      0.000     0.001%    89.427%      0.000            131   [Builtin]:4012
                                                     MAXIMUM    548.438      0.001      0.000     0.001%    89.428%      0.000            131   [Builtin]:4013
                                                     RESHAPE    548.439      0.000      0.000     0.000%    89.429%      0.000            131   [Builtin]:4014
                                               CONCATENATION    548.439      0.000      0.000     0.002%    89.431%      0.000            131   [Builtin]:4015
                                                       SLICE    548.439      0.001      0.001     0.005%    89.435%      0.000            131   [Builtin]:4016
                                                       SLICE    548.440      0.006      0.006     0.029%    89.464%      0.000            131   [Builtin]:4017
                                                   SELECT_V2    548.477      0.000      0.000     0.002%    89.466%      0.000            131   [Builtin]:1632
                                                       SLICE    555.592      0.002      0.001     0.003%    89.468%      0.000            131   [Builtin]:4063
                                                         ADD    555.594      0.000      0.000     0.002%    89.471%      0.000            131   [Builtin]:4064
                                                         SUB    555.594      0.001      0.000     0.001%    89.472%      0.000            131   [Builtin]:4065
                                                     MAXIMUM    555.595      0.000      0.000     0.002%    89.474%      0.000            131   [Builtin]:4066
                                                     RESHAPE    555.595      0.000      0.000     0.000%    89.474%      0.000            131   [Builtin]:4067
                                                     RESHAPE    555.595      0.001      0.000     0.001%    89.475%      0.000            131   [Builtin]:4068
                                               CONCATENATION    555.596      0.000      0.000     0.002%    89.477%      0.000            131   [Builtin]:4069
                                                       SLICE    555.596      0.005      0.004     0.018%    89.495%      0.000            131   [Builtin]:4070
                                                        PACK    555.633      0.000      0.000     0.001%    89.496%      0.000            131   [Builtin]:4073
                                                        FILL    555.633      0.001      0.001     0.003%    89.499%      0.000            131   [Builtin]:4074
                                        DYNAMIC_UPDATE_SLICE    555.634      0.001      0.001     0.003%    89.502%      0.000            131   [Builtin]:4075
                                                   SELECT_V2    555.635      0.003      0.003     0.013%    89.515%      0.000            131   [Builtin]:1679
                                                       SLICE    555.641      0.000      0.000     0.002%    89.517%      0.000            131   [Builtin]:4076
                                                         ADD    555.641      0.000      0.000     0.001%    89.518%      0.000            131   [Builtin]:4077
                                                         SUB    555.642      0.000      0.000     0.001%    89.519%      0.000            131   [Builtin]:4078
                                                     MAXIMUM    555.642      0.000      0.000     0.001%    89.520%      0.000            131   [Builtin]:4079
                                                     RESHAPE    555.642      0.000      0.000     0.000%    89.520%      0.000            131   [Builtin]:4080
                                               CONCATENATION    555.642      0.001      0.000     0.001%    89.521%      0.000            131   [Builtin]:4081
                                                       SLICE    555.643      0.000      0.001     0.004%    89.525%      0.000            131   [Builtin]:4082
                                                       SLICE    555.643      0.006      0.007     0.029%    89.554%      0.000            131   [Builtin]:4083
                                                   SELECT_V2    555.680      0.000      0.000     0.002%    89.556%      0.000            131   [Builtin]:1682
                                                       SLICE    563.126      0.001      0.001     0.003%    89.559%      0.000            131   [Builtin]:4129
                                                         ADD    563.127      0.000      0.000     0.002%    89.561%      0.000            131   [Builtin]:4130
                                                         SUB    563.127      0.001      0.000     0.001%    89.563%      0.000            131   [Builtin]:4131
                                                     MAXIMUM    563.128      0.000      0.000     0.001%    89.563%      0.000            131   [Builtin]:4132
                                                     RESHAPE    563.128      0.000      0.000     0.001%    89.564%      0.000            131   [Builtin]:4133
                                                     RESHAPE    563.128      0.000      0.000     0.000%    89.565%      0.000            131   [Builtin]:4134
                                               CONCATENATION    563.128      0.001      0.000     0.001%    89.566%      0.000            131   [Builtin]:4135
                                                       SLICE    563.129      0.005      0.004     0.018%    89.584%      0.000            131   [Builtin]:4136
                                                        PACK    563.166      0.000      0.000     0.001%    89.586%      0.000            131   [Builtin]:4139
                                                        FILL    563.166      0.001      0.001     0.003%    89.588%      0.000            131   [Builtin]:4140
                                        DYNAMIC_UPDATE_SLICE    563.167      0.001      0.001     0.003%    89.591%      0.000            131   [Builtin]:4141
                                                   SELECT_V2    563.168      0.003      0.003     0.013%    89.604%      0.000            131   [Builtin]:1729
                                                       SLICE    563.174      0.000      0.000     0.002%    89.606%      0.000            131   [Builtin]:4142
                                                         ADD    563.174      0.001      0.000     0.001%    89.607%      0.000            131   [Builtin]:4143
                                                         SUB    563.175      0.000      0.000     0.001%    89.608%      0.000            131   [Builtin]:4144
                                                     MAXIMUM    563.175      0.000      0.000     0.000%    89.608%      0.000            131   [Builtin]:4145
                                                     RESHAPE    563.175      0.000      0.000     0.001%    89.609%      0.000            131   [Builtin]:4146
                                               CONCATENATION    563.175      0.007      0.000     0.002%    89.611%      0.000            131   [Builtin]:4147
                                                       SLICE    563.182      0.001      0.001     0.004%    89.615%      0.000            131   [Builtin]:4148
                                                       SLICE    563.183      0.016      0.007     0.029%    89.644%      0.000            131   [Builtin]:4149
                                                   SELECT_V2    563.356      0.001      0.001     0.003%    89.647%      0.000            131   [Builtin]:1732
                                                   SELECT_V2    570.974      0.003      0.003     0.014%    89.661%      0.000            131   [Builtin]:1779
                                                   SELECT_V2    571.096      0.001      0.001     0.004%    89.665%      0.000            131   [Builtin]:1782
                                                       SLICE    578.852      0.001      0.001     0.003%    89.668%      0.000            131   [Builtin]:4242
                                                         ADD    578.853      0.001      0.000     0.002%    89.670%      0.000            131   [Builtin]:4243
                                                         SUB    578.854      0.000      0.000     0.001%    89.672%      0.000            131   [Builtin]:4244
                                                     MAXIMUM    578.854      0.001      0.000     0.001%    89.673%      0.000            131   [Builtin]:4245
                                                     RESHAPE    578.855      0.000      0.000     0.001%    89.674%      0.000            131   [Builtin]:4246
                                                     RESHAPE    578.855      0.000      0.000     0.001%    89.675%      0.000            131   [Builtin]:4247
                                               CONCATENATION    578.855      0.001      0.000     0.002%    89.676%      0.000            131   [Builtin]:4248
                                                       SLICE    578.856      0.006      0.004     0.019%    89.696%      0.000            131   [Builtin]:4249
                                                        PACK    578.893      0.001      0.000     0.002%    89.697%      0.000            131   [Builtin]:4252
                                                        FILL    578.894      0.001      0.001     0.003%    89.700%      0.000            131   [Builtin]:4253
                                        DYNAMIC_UPDATE_SLICE    578.895      0.000      0.001     0.003%    89.704%      0.000            131   [Builtin]:4254
                                                   SELECT_V2    578.896      0.003      0.003     0.013%    89.717%      0.000            131   [Builtin]:1829
                                                       SLICE    578.902      0.000      0.000     0.002%    89.718%      0.000            131   [Builtin]:4255
                                                         ADD    578.902      0.000      0.000     0.001%    89.720%      0.000            131   [Builtin]:4256
                                                         SUB    578.902      0.001      0.000     0.001%    89.720%      0.000            131   [Builtin]:4257
                                                     MAXIMUM    578.903      0.000      0.000     0.001%    89.722%      0.000            131   [Builtin]:4258
                                                     RESHAPE    578.903      0.000      0.000     0.001%    89.722%      0.000            131   [Builtin]:4259
                                               CONCATENATION    578.903      0.001      0.000     0.002%    89.724%      0.000            131   [Builtin]:4260
                                                       SLICE    578.904      0.000      0.001     0.004%    89.729%      0.000            131   [Builtin]:4261
                                                       SLICE    578.904      0.007      0.007     0.029%    89.758%      0.000            131   [Builtin]:4262
                                                   SELECT_V2    578.941      0.001      0.000     0.002%    89.760%      0.000            131   [Builtin]:1832
                                                       SLICE    586.460      0.001      0.001     0.003%    89.763%      0.000            131   [Builtin]:4308
                                                         ADD    586.461      0.000      0.000     0.002%    89.765%      0.000            131   [Builtin]:4309
                                                         SUB    586.461      0.001      0.000     0.002%    89.767%      0.000            131   [Builtin]:4310
                                                     MAXIMUM    586.462      0.000      0.000     0.001%    89.767%      0.000            131   [Builtin]:4311
                                                     RESHAPE    586.462      0.000      0.000     0.001%    89.768%      0.000            131   [Builtin]:4312
                                                     RESHAPE    586.462      0.000      0.000     0.001%    89.769%      0.000            131   [Builtin]:4313
                                               CONCATENATION    586.463      0.000      0.000     0.002%    89.771%      0.000            131   [Builtin]:4314
                                                       SLICE    586.463      0.005      0.004     0.018%    89.789%      0.000            131   [Builtin]:4315
                                                        PACK    586.500      0.001      0.000     0.001%    89.791%      0.000            131   [Builtin]:4318
                                                        FILL    586.501      0.000      0.001     0.003%    89.793%      0.000            131   [Builtin]:4319
                                        DYNAMIC_UPDATE_SLICE    586.502      0.000      0.001     0.003%    89.797%      0.000            131   [Builtin]:4320
                                                   SELECT_V2    586.503      0.002      0.003     0.013%    89.809%      0.000            131   [Builtin]:1879
                                                       SLICE    586.508      0.001      0.000     0.001%    89.811%      0.000            131   [Builtin]:4321
                                                         ADD    586.509      0.000      0.000     0.002%    89.813%      0.000            131   [Builtin]:4322
                                                         SUB    586.509      0.000      0.000     0.001%    89.814%      0.000            131   [Builtin]:4323
                                                     MAXIMUM    586.509      0.001      0.000     0.001%    89.815%      0.000            131   [Builtin]:4324
                                                     RESHAPE    586.510      0.000      0.000     0.001%    89.816%      0.000            131   [Builtin]:4325
                                               CONCATENATION    586.510      0.000      0.000     0.001%    89.817%      0.000            131   [Builtin]:4326
                                                       SLICE    586.510      0.001      0.001     0.004%    89.821%      0.000            131   [Builtin]:4327
                                                       SLICE    586.511      0.005      0.006     0.028%    89.849%      0.000            131   [Builtin]:4328
                                                   SELECT_V2    586.547      0.000      0.001     0.002%    89.852%      0.000            131   [Builtin]:1882
                                                       SLICE    593.650      0.001      0.001     0.003%    89.855%      0.000            131   [Builtin]:4374
                                                         ADD    593.651      0.001      0.000     0.001%    89.856%      0.000            131   [Builtin]:4375
                                                         SUB    593.652      0.001      0.000     0.002%    89.858%      0.000            131   [Builtin]:4376
                                                     MAXIMUM    593.653      0.000      0.000     0.001%    89.859%      0.000            131   [Builtin]:4377
                                                     RESHAPE    593.653      0.000      0.000     0.001%    89.860%      0.000            131   [Builtin]:4378
                                                     RESHAPE    593.653      0.000      0.000     0.001%    89.861%      0.000            131   [Builtin]:4379
                                               CONCATENATION    593.654      0.000      0.000     0.001%    89.862%      0.000            131   [Builtin]:4380
                                                       SLICE    593.654      0.005      0.004     0.018%    89.880%      0.000            131   [Builtin]:4381
                                                        PACK    593.691      0.000      0.000     0.001%    89.881%      0.000            131   [Builtin]:4384
                                                        FILL    593.691      0.001      0.001     0.002%    89.883%      0.000            131   [Builtin]:4385
                                        DYNAMIC_UPDATE_SLICE    593.692      0.000      0.001     0.003%    89.886%      0.000            131   [Builtin]:4386
                                                   SELECT_V2    593.693      0.003      0.003     0.013%    89.899%      0.000            131   [Builtin]:1929
                                                       SLICE    593.699      0.000      0.000     0.001%    89.900%      0.000            131   [Builtin]:4387
                                                         ADD    593.699      0.000      0.000     0.001%    89.901%      0.000            131   [Builtin]:4388
                                                         SUB    593.700      0.000      0.000     0.001%    89.903%      0.000            131   [Builtin]:4389
                                                     MAXIMUM    593.700      0.000      0.000     0.001%    89.904%      0.000            131   [Builtin]:4390
                                                     RESHAPE    593.700      0.000      0.000     0.000%    89.904%      0.000            131   [Builtin]:4391
                                               CONCATENATION    593.700      0.001      0.000     0.001%    89.905%      0.000            131   [Builtin]:4392
                                                       SLICE    593.701      0.000      0.001     0.004%    89.909%      0.000            131   [Builtin]:4393
                                                       SLICE    593.701      0.005      0.006     0.028%    89.937%      0.000            131   [Builtin]:4394
                                                   SELECT_V2    593.737      0.000      0.001     0.002%    89.940%      0.000            131   [Builtin]:1932
                                                       SLICE    600.954      0.001      0.001     0.003%    89.942%      0.000            131   [Builtin]:4440
                                                         ADD    600.956      0.000      0.000     0.002%    89.944%      0.000            131   [Builtin]:4441
                                                         SUB    600.956      0.000      0.000     0.001%    89.945%      0.000            131   [Builtin]:4442
                                                     MAXIMUM    600.956      0.001      0.000     0.001%    89.946%      0.000            131   [Builtin]:4443
                                                     RESHAPE    600.957      0.000      0.000     0.001%    89.947%      0.000            131   [Builtin]:4444
                                                     RESHAPE    600.957      0.000      0.000     0.001%    89.948%      0.000            131   [Builtin]:4445
                                               CONCATENATION    600.957      0.001      0.000     0.001%    89.949%      0.000            131   [Builtin]:4446
                                                       SLICE    600.958      0.004      0.004     0.018%    89.967%      0.000            131   [Builtin]:4447
                                                        PACK    600.994      0.000      0.000     0.001%    89.968%      0.000            131   [Builtin]:4450
                                                        FILL    600.994      0.001      0.001     0.002%    89.971%      0.000            131   [Builtin]:4451
                                        DYNAMIC_UPDATE_SLICE    600.995      0.000      0.001     0.002%    89.973%      0.000            131   [Builtin]:4452
                                                   SELECT_V2    600.996      0.003      0.003     0.013%    89.986%      0.000            131   [Builtin]:1979
                                                       SLICE    601.002      0.000      0.000     0.001%    89.987%      0.000            131   [Builtin]:4453
                                                         ADD    601.002      0.000      0.000     0.001%    89.989%      0.000            131   [Builtin]:4454
                                                         SUB    601.002      0.001      0.000     0.001%    89.990%      0.000            131   [Builtin]:4455
                                                     MAXIMUM    601.003      0.000      0.000     0.001%    89.991%      0.000            131   [Builtin]:4456
                                                     RESHAPE    601.003      0.000      0.000     0.001%    89.992%      0.000            131   [Builtin]:4457
                                               CONCATENATION    601.003      0.001      0.000     0.001%    89.993%      0.000            131   [Builtin]:4458
                                                       SLICE    601.004      0.000      0.001     0.004%    89.997%      0.000            131   [Builtin]:4459
                                                       SLICE    601.004      0.005      0.006     0.028%    90.025%      0.000            131   [Builtin]:4460
                                                   SELECT_V2    601.040      0.001      0.001     0.003%    90.028%      0.000            131   [Builtin]:1982
                                                   SELECT_V2    608.998      0.004      0.003     0.014%    90.042%      0.000            131   [Builtin]:2029
                                                   SELECT_V2    609.120      0.001      0.001     0.004%    90.046%      0.000            131   [Builtin]:2032
          Delegate/Fully Connected (NC, QD8, F32, QC2W) GEMM      0.000     31.059      2.178     9.675%    99.720%      0.000            131   [Delegate]:56
                                      Delegate/Multiply (ND)      0.000      0.078      0.018     0.080%    99.801%      0.000            131   [Delegate]:57
                                          Delegate/TanH (NC)      0.000      0.085      0.026     0.115%    99.916%      0.000            131   [Delegate]:58
                                      Delegate/Multiply (ND)      0.000      0.132      0.019     0.084%   100.000%      0.000            131   [Delegate]:59

============================================================== Top by Computation Time ===============================================================
                                                 [node type]    [start]    [first]   [avg ms]        [%]     [cdf%]   [mem KB] [times called]   [Name]
               Delegate/Fully Connected (NC, QS8, QC2W) GEMM      0.000      2.022      0.119    10.527%    10.527%      0.000           2620   [Delegate]:25
          Delegate/Fully Connected (NC, QD8, F32, QC2W) GEMM      0.000     31.059      2.178     9.675%    20.202%      0.000            131   [Delegate]:56
               Delegate/Fully Connected (NC, QS8, QC2W) GEMM      0.000      3.476      0.108     9.599%    29.801%      0.000           2620   [Delegate]:20
               Delegate/Fully Connected (NC, QS8, QC2W) GEMM      0.000      1.756      0.107     9.491%    39.292%      0.000           2620   [Delegate]:18
         Delegate/Batch Matrix Multiply (NC, F32, QC8W) GEMM      0.000      0.037      0.026     6.776%    46.068%      0.000           7607   [Delegate]:1
               Delegate/Fully Connected (NC, QS8, QC4W) GEMM      0.000      0.037      0.035     5.274%    51.342%      0.000           4459   [Delegate]:57
               Delegate/Fully Connected (NC, QS8, QC4W) GEMM      0.000      0.038      0.034     5.244%    56.587%      0.000           4590   [Delegate]:2
               Delegate/Fully Connected (NC, QS8, QC4W) GEMM      0.000      0.116      0.074     4.967%    61.554%      0.000           1970   [Delegate]:18
               Delegate/Fully Connected (NC, QS8, QC4W) GEMM      0.000      0.116      0.074     4.965%    66.518%      0.000           1970   [Delegate]:20
               Delegate/Fully Connected (NC, QS8, QC4W) GEMM      0.000      0.110      0.074     4.945%    71.463%      0.000           1970   [Delegate]:25
              Delegate/Fully Connected (NC, PQS8, QC8W) GEMM      0.000      0.017      0.016     2.528%    73.992%      0.000           4590   [Delegate]:35
         Delegate/Batch Matrix Multiply (NC, F32, QC8W) GEMM      0.000      0.034      0.077     2.410%    76.402%      0.000            918   [Delegate]:2
         Delegate/Batch Matrix Multiply (NC, F32, QC8W) GEMM      0.000      2.505      2.546     2.244%    78.646%      0.000             26   [Delegate]:1
               Delegate/Fully Connected (NC, QS8, QC4W) GEMM      0.000      4.516      4.425     2.100%    80.746%      0.000             14   [Delegate]:27
               Delegate/Fully Connected (NC, QS8, QC4W) GEMM      0.000      3.897      3.933     1.867%    82.613%      0.000             14   [Delegate]:20
               Delegate/Fully Connected (NC, QS8, QC4W) GEMM      0.000      3.857      3.882     1.843%    84.455%      0.000             14   [Delegate]:22
         Delegate/Batch Matrix Multiply (NC, F32, QC8W) GEMM      0.000      0.109      0.092     1.630%    86.085%      0.000            524   [Delegate]:77
              Delegate/Fully Connected (NC, PQS8, QC8W) GEMM      0.000      0.011      0.009     1.341%    87.426%      0.000           4590   [Delegate]:40
               Delegate/Fully Connected (NC, QS8, QC4W) GEMM      0.000      1.909      2.076     0.985%    88.411%      0.000             14   [Delegate]:2
              Delegate/Fully Connected (NC, PQS8, QC8W) GEMM      0.000      0.499      0.215     0.963%    89.374%      0.000            132   [Delegate]:2
                             Delegate/Convert (NC, QS8, QC8)      0.000      0.002      0.003     0.878%    90.251%      0.000           7607   [Delegate]:0
               Delegate/Fully Connected (NC, QS8, QC4W) GEMM      0.000      1.570      1.577     0.749%    91.000%      0.000             14   [Delegate]:62
         Delegate/Batch Matrix Multiply (NC, F32, QC8W) GEMM      0.000      6.804      6.811     0.462%    91.462%      0.000              2   [Delegate]:2
                                    Delegate/ApproxGELU (NC)      0.000      0.003      0.003     0.410%    91.872%      0.000           4590   [Delegate]:22
         Delegate/Batch Matrix Multiply (NC, F32, QC8W) GEMM      0.000      0.131      0.087     0.388%    92.260%      0.000            132   [Delegate]:3
                                  Delegate/Softmax (NC, F32)      0.000      0.003      0.002     0.324%    92.584%      0.000           4591   [Delegate]:0
               Delegate/Fully Connected (NC, QS8, QC4W) GEMM      0.000      0.005      0.005     0.295%    92.879%      0.000           1839   [Delegate]:60
               Delegate/Fully Connected (NC, QS8, QC4W) GEMM      0.000      0.005      0.005     0.295%    93.174%      0.000           1839   [Delegate]:63
                             Delegate/Convert (NC, QS8, QC8)      0.000      0.001      0.008     0.246%    93.420%      0.000            918   [Delegate]:1
                             Delegate/Convert (NC, QS8, QC8)      0.000      0.015      0.013     0.222%    93.642%      0.000            524   [Delegate]:76
              Delegate/Fully Connected (NC, PQS8, QC8W) GEMM      0.000      5.825      5.825     0.197%    93.840%      0.000              1   [Delegate]:2
               Delegate/Fully Connected (NC, QS8, QC4W) GEMM      0.000      0.501      0.395     0.188%    94.027%      0.000             14   [Delegate]:65
              Delegate/Fully Connected (NC, PQS8, QC8W) GEMM      0.000      0.323      0.314     0.149%    94.176%      0.000             14   [Delegate]:38
                                      Delegate/Multiply (ND)      0.000      0.000      0.001     0.122%    94.299%      0.000           4590   [Delegate]:23
                                          Delegate/TanH (NC)      0.000      0.085      0.026     0.115%    94.414%      0.000            131   [Delegate]:58
               Delegate/Fully Connected (NC, QS8, QC4W) GEMM      0.000      0.039      0.026     0.115%    94.529%      0.000            132   [Delegate]:7
                                  Delegate/Softmax (NC, F32)      0.000      0.235      0.238     0.113%    94.642%      0.000             14   [Delegate]:0
               Delegate/Fully Connected (NC, QS8, QC4W) GEMM      0.000      0.153      0.235     0.104%    94.745%      0.000             13   [Delegate]:68
                                       Delegate/Convert (NC)      0.000      0.000      0.001     0.103%    94.848%      0.000           4590   [Delegate]:24
                                       Delegate/Convert (NC)      0.000      0.001      0.001     0.090%    94.938%      0.000           4590   [Delegate]:21
              Delegate/Fully Connected (NC, PQS8, QC8W) GEMM      0.000      0.187      0.188     0.089%    95.027%      0.000             14   [Delegate]:43
                                      Delegate/Multiply (ND)      0.000      0.132      0.019     0.084%    95.111%      0.000            131   [Delegate]:59
                                      Delegate/Multiply (ND)      0.000      0.078      0.018     0.080%    95.192%      0.000            131   [Delegate]:57
                                    Delegate/ApproxGELU (NC)      0.000      0.147      0.147     0.070%    95.262%      0.000             14   [Delegate]:24
                             Delegate/Normalize (ND) Reduce2      0.000      0.000      0.001     0.057%    95.318%      0.000           2620   [Delegate]:60
               Delegate/Fully Connected (NC, QS8, QC4W) GEMM      0.000      1.506      1.506     0.051%    95.369%      0.000              1   [Delegate]:8
                                       Delegate/Convert (NC)      0.000      0.001      0.000     0.050%    95.419%      0.000           4590   [Delegate]:19
                             Delegate/Normalize (ND) Reduce2      0.000      0.000      0.001     0.046%    95.466%      0.000           1839   [Delegate]:66
                             Delegate/Convert (NC, QS8, QC8)      0.000      0.009      0.009     0.041%    95.507%      0.000            132   [Delegate]:2
                                      Delegate/Multiply (ND)      0.000      0.016      0.004     0.040%    95.546%      0.000            264   [Delegate]:0
                                                       SLICE    447.317      0.013      0.008     0.036%    95.583%      0.000            131   [Builtin]:2536
                                                       SLICE    443.904      0.016      0.008     0.036%    95.619%      0.000            132   [Builtin]:2130
                                    Delegate/Slice (ND, X32)      0.000      0.000      0.000     0.036%    95.655%      0.000           2620   [Delegate]:68
                                                       SLICE    451.387      0.013      0.008     0.036%    95.691%      0.000            131   [Builtin]:3027
                                                       SLICE    451.976      0.014      0.008     0.036%    95.726%      0.000            131   [Builtin]:3112
                                                       SLICE    450.766      0.013      0.008     0.036%    95.762%      0.000            131   [Builtin]:2942
                                                       SLICE    444.551      0.014      0.008     0.036%    95.798%      0.000            132   [Builtin]:2215
                                                       SLICE    445.798      0.014      0.008     0.035%    95.833%      0.000            132   [Builtin]:2385
                                                       SLICE    445.157      0.014      0.008     0.035%    95.868%      0.000            132   [Builtin]:2300
                                                       SLICE    447.921      0.014      0.008     0.035%    95.904%      0.000            131   [Builtin]:2621
                                                       SLICE    449.118      0.013      0.008     0.035%    95.939%      0.000            131   [Builtin]:2791
                                                       SLICE    463.623      0.013      0.008     0.035%    95.974%      0.000            131   [Builtin]:3329
                                                       SLICE    448.518      0.014      0.008     0.035%    96.009%      0.000            131   [Builtin]:2706
                                       Delegate/Convert (NC)      0.000      0.086      0.073     0.035%    96.044%      0.000             14   [Delegate]:21
                                                       SLICE    452.568      0.013      0.008     0.034%    96.077%      0.000            131   [Builtin]:3197
                                                       SLICE    503.484      0.006      0.007     0.032%    96.110%      0.000            131   [Builtin]:3640
                                                       SLICE    473.146      0.010      0.007     0.031%    96.141%      0.000            131   [Builtin]:3395
                                                       SLICE    541.220      0.006      0.007     0.031%    96.172%      0.000            131   [Builtin]:3951
                                                       SLICE    480.138      0.007      0.007     0.030%    96.202%      0.000            131   [Builtin]:3461
                                                       SLICE    510.707      0.006      0.007     0.030%    96.232%      0.000            131   [Builtin]:3706
                                                       SLICE    578.904      0.007      0.007     0.029%    96.262%      0.000            131   [Builtin]:4262
                                                       SLICE    488.034      0.007      0.007     0.029%    96.291%      0.000            131   [Builtin]:3527
                                                       SLICE    555.643      0.006      0.007     0.029%    96.320%      0.000            131   [Builtin]:4083
                                                       SLICE    563.183      0.016      0.007     0.029%    96.349%      0.000            131   [Builtin]:4149
                                                       SLICE    548.440      0.006      0.006     0.029%    96.377%      0.000            131   [Builtin]:4017
                                                       SLICE    525.546      0.006      0.006     0.028%    96.405%      0.000            131   [Builtin]:3838
                                                       SLICE    586.511      0.005      0.006     0.028%    96.434%      0.000            131   [Builtin]:4328
                                                   SELECT_V2    146.225      0.833      0.833     0.028%    96.462%      0.000              1   [Builtin]:457
                                                       SLICE    518.049      0.006      0.006     0.028%    96.490%      0.000            131   [Builtin]:3772
                                                   SELECT_V2    273.741      0.831      0.831     0.028%    96.518%      0.000              1   [Builtin]:827
                                                   SELECT_V2    296.932      0.829      0.829     0.028%    96.546%      0.000              1   [Builtin]:901
                                                   SELECT_V2    320.338      0.827      0.827     0.028%    96.575%      0.000              1   [Builtin]:975
                                                   SELECT_V2    215.049      0.826      0.826     0.028%    96.603%      0.000              1   [Builtin]:679
                                                   SELECT_V2    343.836      0.825      0.825     0.028%    96.630%      0.000              1   [Builtin]:1049
                                                       SLICE    593.701      0.005      0.006     0.028%    96.658%      0.000            131   [Builtin]:4394
                                                   SELECT_V2    169.361      0.819      0.819     0.028%    96.686%      0.000              1   [Builtin]:531
                                                   SELECT_V2    116.585      0.818      0.818     0.028%    96.714%      0.000              1   [Builtin]:380
                                                       SLICE    601.004      0.005      0.006     0.028%    96.742%      0.000            131   [Builtin]:4460
                                                   SELECT_V2    192.143      0.813      0.813     0.028%    96.769%      0.000              1   [Builtin]:605
                                                   SELECT_V2     38.438      0.807      0.807     0.027%    96.796%      0.000              1   [Builtin]:150
                                                   SELECT_V2     62.147      0.806      0.806     0.027%    96.824%      0.000              1   [Builtin]:224
                                                   SELECT_V2     85.676      0.806      0.806     0.027%    96.851%      0.000              1   [Builtin]:298
                                    Delegate/Slice (ND, X32)      0.000      0.000      0.000     0.027%    96.878%      0.000           2620   [Delegate]:67
                                                   SELECT_V2    244.307      0.797      0.797     0.027%    96.905%      0.000              1   [Builtin]:753
                                        DYNAMIC_UPDATE_SLICE    456.217      0.007      0.006     0.026%    96.932%      0.000            131   [Builtin]:3261
                                    Delegate/Slice (ND, X32)      0.000      0.000      0.000     0.026%    96.958%      0.000           1707   [Delegate]:85
                                                   SELECT_V2     14.748      0.766      0.766     0.026%    96.984%      0.000              1   [Builtin]:73
                                                   NOT_EQUAL     13.997      0.750      0.750     0.025%    97.009%      0.000              1   [Builtin]:71
                                        DYNAMIC_UPDATE_SLICE    446.371      0.007      0.006     0.025%    97.035%      0.000            132   [Builtin]:2449
                                        DYNAMIC_UPDATE_SLICE    449.740      0.006      0.006     0.025%    97.060%      0.000            131   [Builtin]:2855
                                                       SLICE    443.813      0.022      0.005     0.022%    97.081%      0.000            132   [Builtin]:2117
                                                   SELECT_V2    449.892      0.006      0.005     0.021%    97.103%      0.000            131   [Builtin]:689
                                                   SELECT_V2    456.368      0.007      0.005     0.021%    97.124%      0.000            131   [Builtin]:1029
                                                       SLICE    450.697      0.006      0.005     0.021%    97.145%      0.000            131   [Builtin]:2929
                                                       SLICE    448.459      0.007      0.005     0.021%    97.166%      0.000            131   [Builtin]:2693
                                                       SLICE    445.738      0.007      0.005     0.021%    97.187%      0.000            132   [Builtin]:2372
                                                       SLICE    447.249      0.007      0.005     0.021%    97.208%      0.000            132   [Builtin]:2523
                                                       SLICE    503.436      0.004      0.005     0.021%    97.229%      0.000            131   [Builtin]:3627
                                                       SLICE    444.489      0.006      0.005     0.021%    97.249%      0.000            132   [Builtin]:2202
                                                       SLICE    451.327      0.007      0.005     0.020%    97.270%      0.000            131   [Builtin]:3014
                                    Delegate/Slice (ND, X32)      0.000      0.000      0.000     0.020%    97.290%      0.000           1707   [Delegate]:86
                                                       SLICE    463.556      0.006      0.005     0.020%    97.310%      0.000            131   [Builtin]:3316
                                                       SLICE    447.862      0.006      0.005     0.020%    97.330%      0.000            131   [Builtin]:2608
                                                       SLICE    445.095      0.007      0.004     0.020%    97.350%      0.000            132   [Builtin]:2287
                                                       SLICE    451.916      0.007      0.004     0.020%    97.370%      0.000            131   [Builtin]:3099
                                                       SLICE    480.079      0.005      0.004     0.019%    97.389%      0.000            131   [Builtin]:3448
                                                       SLICE    487.986      0.005      0.004     0.019%    97.409%      0.000            131   [Builtin]:3514
                                                       SLICE    449.058      0.006      0.004     0.019%    97.428%      0.000            131   [Builtin]:2778
                                                       SLICE    578.856      0.006      0.004     0.019%    97.447%      0.000            131   [Builtin]:4249
                                                       SLICE    517.999      0.006      0.004     0.019%    97.466%      0.000            131   [Builtin]:3759
                                                       SLICE    452.508      0.007      0.004     0.019%    97.485%      0.000            131   [Builtin]:3184
                                                       SLICE    510.659      0.005      0.004     0.019%    97.504%      0.000            131   [Builtin]:3693
                                                       SLICE    548.392      0.005      0.004     0.019%    97.523%      0.000            131   [Builtin]:4004
                                           Delegate/Add (ND)      0.000      0.005      0.037     0.019%    97.542%      0.000             15   [Delegate]:11
                                                       SLICE    525.499      0.004      0.004     0.019%    97.560%      0.000            131   [Builtin]:3825
                                                       SLICE    473.032      0.006      0.004     0.019%    97.579%      0.000            131   [Builtin]:3382
                                                       SLICE    555.596      0.005      0.004     0.018%    97.598%      0.000            131   [Builtin]:4070
                                                       SLICE    586.463      0.005      0.004     0.018%    97.616%      0.000            131   [Builtin]:4315
                                                       SLICE    563.129      0.005      0.004     0.018%    97.634%      0.000            131   [Builtin]:4136
               Delegate/Fully Connected (NC, QS8, QC4W) GEMM      0.000      0.005      0.004     0.018%    97.653%      0.000            132   [Delegate]:10
                                                       SLICE    541.172      0.005      0.004     0.018%    97.670%      0.000            131   [Builtin]:3938
               Delegate/Fully Connected (NC, QS8, QC4W) GEMM      0.000      0.005      0.004     0.018%    97.688%      0.000            132   [Delegate]:13
                                                       SLICE    600.958      0.004      0.004     0.018%    97.706%      0.000            131   [Builtin]:4447
                                                       SLICE    593.654      0.005      0.004     0.018%    97.724%      0.000            131   [Builtin]:4381
                                      Delegate/Multiply (ND)      0.000      0.000      0.034     0.017%    97.741%      0.000             15   [Delegate]:25
                                       Delegate/Convert (NC)      0.000      0.057      0.034     0.016%    97.757%      0.000             14   [Delegate]:23
                                                   SELECT_V2    533.321      0.004      0.003     0.015%    97.772%      0.000            131   [Builtin]:1529
                                        DYNAMIC_UPDATE_SLICE    448.451      0.004      0.003     0.015%    97.786%      0.000            131   [Builtin]:2685
                                        DYNAMIC_UPDATE_SLICE    445.088      0.004      0.003     0.015%    97.801%      0.000            132   [Builtin]:2279
                                                        FILL     13.082      0.427      0.427     0.014%    97.815%      0.000              1   [Builtin]:1163
                                                   SELECT_V2    570.974      0.003      0.003     0.014%    97.830%      0.000            131   [Builtin]:1779
                                        DYNAMIC_UPDATE_SLICE    447.241      0.005      0.003     0.014%    97.844%      0.000            132   [Builtin]:2515
                                       Delegate/Convert (NC)      0.000      0.032      0.030     0.014%    97.858%      0.000             14   [Delegate]:26
                                        DYNAMIC_UPDATE_SLICE    451.908      0.004      0.003     0.014%    97.873%      0.000            131   [Builtin]:3091
                                                   SELECT_V2    608.998      0.004      0.003     0.014%    97.887%      0.000            131   [Builtin]:2029
                                        DYNAMIC_UPDATE_SLICE    444.481      0.005      0.003     0.014%    97.901%      0.000            132   [Builtin]:2194
                                        DYNAMIC_UPDATE_SLICE    450.688      0.004      0.003     0.014%    97.915%      0.000            131   [Builtin]:2921
                                        DYNAMIC_UPDATE_SLICE    443.789      0.004      0.003     0.014%    97.930%      0.000            132   [Builtin]:2109
                                                   SELECT_V2    496.005      0.004      0.003     0.014%    97.944%      0.000            131   [Builtin]:1279
                                        DYNAMIC_UPDATE_SLICE    449.050      0.005      0.003     0.014%    97.958%      0.000            131   [Builtin]:2770
                                        DYNAMIC_UPDATE_SLICE    451.320      0.004      0.003     0.014%    97.972%      0.000            131   [Builtin]:3006
                                       Delegate/Convert (NC)      0.000      0.408      0.408     0.014%    97.985%      0.000              1   [Delegate]:4
                                        DYNAMIC_UPDATE_SLICE    445.730      0.004      0.003     0.014%    97.999%      0.000            132   [Builtin]:2364
                                        DYNAMIC_UPDATE_SLICE    447.854      0.005      0.003     0.014%    98.013%      0.000            131   [Builtin]:2600
                                                   SELECT_V2    444.537      0.007      0.003     0.014%    98.027%      0.000            132   [Builtin]:135
                                      Delegate/Multiply (ND)      0.000      0.063      0.029     0.014%    98.040%      0.000             14   [Delegate]:53
                                                   SELECT_V2    447.304      0.006      0.003     0.013%    98.054%      0.000            132   [Builtin]:417
                                                   SELECT_V2    451.374      0.006      0.003     0.013%    98.067%      0.000            131   [Builtin]:825
                                                   SELECT_V2    445.785      0.006      0.003     0.013%    98.081%      0.000            132   [Builtin]:271
                                                   SELECT_V2    448.505      0.006      0.003     0.013%    98.094%      0.000            131   [Builtin]:553
                                                   SELECT_V2    445.143      0.006      0.003     0.013%    98.107%      0.000            132   [Builtin]:203
                                                   SELECT_V2    452.555      0.006      0.003     0.013%    98.120%      0.000            131   [Builtin]:961
                                                   SELECT_V2    503.475      0.003      0.003     0.013%    98.134%      0.000            131   [Builtin]:1329
                                                   SELECT_V2    446.530      0.006      0.003     0.013%    98.147%      0.000            132   [Builtin]:347
                                                   SELECT_V2    473.134      0.005      0.003     0.013%    98.160%      0.000            131   [Builtin]:1129
                                                   SELECT_V2    443.888      0.008      0.003     0.013%    98.173%      0.000            132   [Builtin]:65
                                                   SELECT_V2    541.211      0.003      0.003     0.013%    98.186%      0.000            131   [Builtin]:1579
                                                   SELECT_V2    578.896      0.003      0.003     0.013%    98.199%      0.000            131   [Builtin]:1829
                                                   SELECT_V2    480.127      0.004      0.003     0.013%    98.213%      0.000            131   [Builtin]:1179
                                                   SELECT_V2    548.431      0.003      0.003     0.013%    98.226%      0.000            131   [Builtin]:1629
                                                   SELECT_V2    600.996      0.003      0.003     0.013%    98.239%      0.000            131   [Builtin]:1979
                                                   SELECT_V2    449.104      0.006      0.003     0.013%    98.252%      0.000            131   [Builtin]:621
                                                      UNPACK      7.480      0.383      0.383     0.013%    98.265%      0.000              1   [Builtin]:11
                                                   SELECT_V2    451.963      0.006      0.003     0.013%    98.278%      0.000            131   [Builtin]:893
                                                   SELECT_V2    463.606      0.008      0.003     0.013%    98.291%      0.000            131   [Builtin]:1079
                                                   SELECT_V2    555.635      0.003      0.003     0.013%    98.304%      0.000            131   [Builtin]:1679
                                                   SELECT_V2    450.752      0.006      0.003     0.013%    98.316%      0.000            131   [Builtin]:757
                                                   SELECT_V2    563.168      0.003      0.003     0.013%    98.329%      0.000            131   [Builtin]:1729
                                                   SELECT_V2    518.040      0.003      0.003     0.013%    98.342%      0.000            131   [Builtin]:1429
                                                   SELECT_V2    510.698      0.003      0.003     0.013%    98.355%      0.000            131   [Builtin]:1379
                                                   SELECT_V2    586.503      0.002      0.003     0.013%    98.368%      0.000            131   [Builtin]:1879
                                                   SELECT_V2    488.026      0.003      0.003     0.013%    98.380%      0.000            131   [Builtin]:1229
                                      Delegate/Multiply (ND)      0.000      0.371      0.186     0.013%    98.393%      0.000              2   [Delegate]:0
                                                   SELECT_V2    593.693      0.003      0.003     0.013%    98.406%      0.000            131   [Builtin]:1929
                                                   SELECT_V2    525.537      0.003      0.003     0.013%    98.418%      0.000            131   [Builtin]:1479
                                                   SELECT_V2    447.908      0.006      0.003     0.012%    98.431%      0.000            131   [Builtin]:485
                                                      UNPACK    443.682      0.011      0.003     0.012%    98.443%      0.000            132   [Builtin]:9
               Delegate/Fully Connected (NC, QS8, QC4W) GEMM      0.000      0.353      0.353     0.012%    98.455%      0.000              1   [Delegate]:11
                                        DYNAMIC_UPDATE_SLICE    452.501      0.004      0.002     0.011%    98.466%      0.000            131   [Builtin]:3176
                                               CONCATENATION     13.694      0.303      0.303     0.010%    98.476%      0.000              1   [Builtin]:70
                                               CONCATENATION    446.527      0.002      0.002     0.010%    98.486%      0.000            132   [Builtin]:344
                                      Delegate/Multiply (ND)      0.000      0.185      0.018     0.010%    98.495%      0.000             16   [Delegate]:10
                                      Delegate/Multiply (ND)      0.000      0.025      0.020     0.010%    98.505%      0.000             14   [Delegate]:17
                                           Delegate/Add (ND)      0.000      0.022      0.019     0.009%    98.514%      0.000             14   [Delegate]:36
                             Delegate/Convert (NC, QS8, QC8)      0.000      0.009      0.010     0.009%    98.522%      0.000             26   [Delegate]:0
                                Delegate/Static Reshape (NC)      0.000      0.022      0.021     0.008%    98.531%      0.000             12   [Delegate]:113
                                       Delegate/Convert (NC)      0.000      0.025      0.016     0.008%    98.538%      0.000             14   [Delegate]:44
                                               CONCATENATION    443.883      0.002      0.002     0.007%    98.546%      0.000            132   [Builtin]:62
                                      Delegate/Multiply (ND)      0.000      0.007      0.002     0.007%    98.553%      0.000            132   [Delegate]:13
               Delegate/Fully Connected (NC, QS8, QC4W) GEMM      0.000      0.213      0.213     0.007%    98.560%      0.000              1   [Delegate]:14
                                       Delegate/Convert (NC)      0.000      0.045      0.013     0.007%    98.567%      0.000             16   [Delegate]:1
                                           Delegate/Add (ND)      0.000      0.200      0.200     0.007%    98.574%      0.000              1   [Delegate]:12
                                           Delegate/Add (ND)      0.000      0.001      0.001     0.007%    98.581%      0.000            132   [Delegate]:12
                                      Delegate/Multiply (ND)      0.000      0.001      0.001     0.006%    98.587%      0.000            132   [Delegate]:11
                                       Delegate/Convert (NC)      0.000      0.009      0.013     0.006%    98.593%      0.000             14   [Delegate]:64
                      Delegate/Transpose (ND, X32) Transpose      0.000      0.018      0.014     0.006%    98.598%      0.000             12   [Delegate]:3
                                        DYNAMIC_UPDATE_SLICE    273.574      0.166      0.166     0.006%    98.604%      0.000              1   [Builtin]:2046
                                                   NOT_EQUAL    116.423      0.161      0.161     0.005%    98.609%      0.000              1   [Builtin]:378
                                        DYNAMIC_UPDATE_SLICE    146.067      0.157      0.157     0.005%    98.615%      0.000              1   [Builtin]:1605
                                    Delegate/Slice (ND, X32)      0.000      0.149      0.075     0.005%    98.620%      0.000              2   [Delegate]:14
                                       Delegate/Convert (NC)      0.000      0.007      0.011     0.005%    98.625%      0.000             14   [Delegate]:3
                                                       SLICE    193.203      0.146      0.146     0.005%    98.630%      0.000              1   [Builtin]:1796
                                        DYNAMIC_UPDATE_SLICE    444.479      0.001      0.001     0.005%    98.635%      0.000            132   [Builtin]:2192
                                                       SLICE    147.339      0.144      0.144     0.005%    98.639%      0.000              1   [Builtin]:1612
                                      Delegate/Multiply (ND)      0.000      0.000      0.000     0.005%    98.644%      0.000           2620   [Delegate]:66
                                        DYNAMIC_UPDATE_SLICE    343.692      0.143      0.143     0.005%    98.649%      0.000              1   [Builtin]:2322
                                        DYNAMIC_UPDATE_SLICE    443.786      0.002      0.001     0.005%    98.654%      0.000            132   [Builtin]:2107
                                Delegate/Static Reshape (NC)      0.000      0.000      0.009     0.005%    98.659%      0.000             15   [Delegate]:0
                                                       SLICE    274.818      0.139      0.139     0.005%    98.663%      0.000              1   [Builtin]:2053
                             Delegate/Normalize (ND) Reduce2      0.000      0.001      0.001     0.005%    98.668%      0.000            132   [Delegate]:5
                                      Delegate/Multiply (ND)      0.000      0.009      0.011     0.005%    98.673%      0.000             13   [Delegate]:77
                                                       SLICE    321.410      0.137      0.137     0.005%    98.677%      0.000              1   [Builtin]:2237
                                                       SLICE    447.920      0.001      0.001     0.005%    98.682%      0.000            131   [Builtin]:2620
                                        DYNAMIC_UPDATE_SLICE    451.317      0.001      0.001     0.005%    98.687%      0.000            131   [Builtin]:3004
                                                   NOT_EQUAL    443.885      0.002      0.001     0.005%    98.691%      0.000            132   [Builtin]:63
                                                       SLICE    548.439      0.001      0.001     0.005%    98.696%      0.000            131   [Builtin]:4016
                                                       SLICE     86.728      0.133      0.133     0.005%    98.700%      0.000              1   [Builtin]:1447
                                        DYNAMIC_UPDATE_SLICE    214.916      0.132      0.132     0.004%    98.705%      0.000              1   [Builtin]:1881
                                                       SLICE    444.550      0.001      0.001     0.004%    98.709%      0.000            132   [Builtin]:2214
                                                       SLICE    445.156      0.001      0.001     0.004%    98.714%      0.000            132   [Builtin]:2299
                                        DYNAMIC_UPDATE_SLICE    320.207      0.130      0.130     0.004%    98.718%      0.000              1   [Builtin]:2230
                      Delegate/Transpose (ND, X32) Transpose      0.000      0.070      0.065     0.004%    98.722%      0.000              2   [Delegate]:4
                                                       SLICE    450.764      0.002      0.001     0.004%    98.727%      0.000            131   [Builtin]:2941
                                                 LOGICAL_AND     10.403      0.128      0.128     0.004%    98.731%      0.000              1   [Builtin]:65
                                        DYNAMIC_UPDATE_SLICE    192.014      0.128      0.128     0.004%    98.736%      0.000              1   [Builtin]:1789
                                        DYNAMIC_UPDATE_SLICE    449.737      0.001      0.001     0.004%    98.740%      0.000            131   [Builtin]:2853
                      Delegate/Transpose (ND, X32) Transpose      0.000      0.010      0.011     0.004%    98.744%      0.000             12   [Delegate]:112
                                                       SLICE    216.121      0.127      0.127     0.004%    98.748%      0.000              1   [Builtin]:1888
                                        DYNAMIC_UPDATE_SLICE    447.238      0.002      0.001     0.004%    98.753%      0.000            132   [Builtin]:2513
                                                       SLICE    463.621      0.001      0.001     0.004%    98.757%      0.000            131   [Builtin]:3328
                                                 LOGICAL_AND    443.799      0.002      0.001     0.004%    98.761%      0.000            132   [Builtin]:58
                                                       SLICE    449.116      0.001      0.001     0.004%    98.766%      0.000            131   [Builtin]:2790
                                        DYNAMIC_UPDATE_SLICE    451.906      0.001      0.001     0.004%    98.770%      0.000            131   [Builtin]:3089
                                                       SLICE    473.145      0.001      0.001     0.004%    98.774%      0.000            131   [Builtin]:3394
                                                       SLICE    480.137      0.001      0.001     0.004%    98.778%      0.000            131   [Builtin]:3460
                                                       SLICE    488.033      0.001      0.001     0.004%    98.783%      0.000            131   [Builtin]:3526
                                                       SLICE    518.048      0.001      0.001     0.004%    98.787%      0.000            131   [Builtin]:3771
                                                       SLICE    601.004      0.000      0.001     0.004%    98.791%      0.000            131   [Builtin]:4459
                                        DYNAMIC_UPDATE_SLICE     62.021      0.125      0.125     0.004%    98.795%      0.000              1   [Builtin]:1348
                                                       SLICE    443.903      0.001      0.001     0.004%    98.800%      0.000            132   [Builtin]:2129
                                                        FILL     61.897      0.124      0.124     0.004%    98.804%      0.000              1   [Builtin]:1347
                                                       SLICE    170.426      0.124      0.124     0.004%    98.808%      0.000              1   [Builtin]:1704
                                                        LESS    443.796      0.002      0.001     0.004%    98.812%      0.000            132   [Builtin]:57
                                        DYNAMIC_UPDATE_SLICE    446.368      0.002      0.001     0.004%    98.817%      0.000            132   [Builtin]:2447
                                        DYNAMIC_UPDATE_SLICE    449.047      0.002      0.001     0.004%    98.821%      0.000            131   [Builtin]:2768
                                                       SLICE    578.904      0.000      0.001     0.004%    98.825%      0.000            131   [Builtin]:4261
                                                       SLICE     63.206      0.123      0.123     0.004%    98.829%      0.000              1   [Builtin]:1355
                                        DYNAMIC_UPDATE_SLICE    296.809      0.122      0.122     0.004%    98.833%      0.000              1   [Builtin]:2138
                                       Delegate/Convert (NC)      0.000      0.000      0.000     0.004%    98.837%      0.000           4459   [Delegate]:59
                                                       SLICE    555.643      0.000      0.001     0.004%    98.842%      0.000            131   [Builtin]:4082
                                                       SLICE    452.567      0.001      0.001     0.004%    98.846%      0.000            131   [Builtin]:3196
                                        DYNAMIC_UPDATE_SLICE    456.214      0.001      0.001     0.004%    98.850%      0.000            131   [Builtin]:3259
                                                       SLICE    525.545      0.001      0.001     0.004%    98.854%      0.000            131   [Builtin]:3837
                                                       SLICE    563.182      0.001      0.001     0.004%    98.858%      0.000            131   [Builtin]:4148
                                        DYNAMIC_UPDATE_SLICE    445.085      0.001      0.001     0.004%    98.862%      0.000            132   [Builtin]:2277
                                        DYNAMIC_UPDATE_SLICE    448.449      0.001      0.001     0.004%    98.866%      0.000            131   [Builtin]:2683
                                                       SLICE    298.009      0.119      0.119     0.004%    98.870%      0.000              1   [Builtin]:2145
                                                       SLICE    445.797      0.001      0.001     0.004%    98.874%      0.000            132   [Builtin]:2384
                                        DYNAMIC_UPDATE_SLICE    450.685      0.001      0.001     0.004%    98.878%      0.000            131   [Builtin]:2919
                                                       SLICE    510.707      0.000      0.001     0.004%    98.882%      0.000            131   [Builtin]:3705
                                                       SLICE    593.701      0.000      0.001     0.004%    98.886%      0.000            131   [Builtin]:4393
                                      Delegate/Multiply (ND)      0.000      0.007      0.008     0.004%    98.890%      0.000             14   [Delegate]:76
                                                       SLICE    451.386      0.001      0.001     0.004%    98.894%      0.000            131   [Builtin]:3026
                                        DYNAMIC_UPDATE_SLICE    452.498      0.002      0.001     0.004%    98.898%      0.000            131   [Builtin]:3174
                                                       SLICE    586.510      0.001      0.001     0.004%    98.902%      0.000            131   [Builtin]:4327
                                      Delegate/Multiply (ND)      0.000      0.114      0.114     0.004%    98.906%      0.000              1   [Delegate]:11
                                      Delegate/Multiply (ND)      0.000      0.008      0.008     0.004%    98.910%      0.000             14   [Delegate]:50
                                        DYNAMIC_UPDATE_SLICE    169.245      0.114      0.114     0.004%    98.913%      0.000              1   [Builtin]:1697
                                        DYNAMIC_UPDATE_SLICE    445.727      0.001      0.001     0.004%    98.917%      0.000            132   [Builtin]:2362
                                                       SLICE    451.975      0.001      0.001     0.004%    98.921%      0.000            131   [Builtin]:3111
                                        DYNAMIC_UPDATE_SLICE     38.325      0.112      0.112     0.004%    98.925%      0.000              1   [Builtin]:1256
                                                        FILL    273.461      0.112      0.112     0.004%    98.929%      0.000              1   [Builtin]:2045
                             Delegate/Normalize (ND) Reduce2      0.000      0.000      0.001     0.004%    98.933%      0.000            132   [Delegate]:16
                                       Delegate/Convert (NC)      0.000      0.010      0.008     0.004%    98.936%      0.000             14   [Delegate]:28
                                                       SLICE     39.491      0.111      0.111     0.004%    98.940%      0.000              1   [Builtin]:1263
                                                        FILL    296.698      0.111      0.111     0.004%    98.944%      0.000              1   [Builtin]:2137
                                                       SLICE    503.483      0.001      0.001     0.004%    98.948%      0.000            131   [Builtin]:3639
                                                   SELECT_V2    571.096      0.001      0.001     0.004%    98.951%      0.000            131   [Builtin]:1782
                                                        CAST     13.585      0.109      0.109     0.004%    98.955%      0.000              1   [Builtin]:69
                                                        FILL    145.958      0.109      0.109     0.004%    98.959%      0.000              1   [Builtin]:1604
                                                        FILL    320.098      0.109      0.109     0.004%    98.962%      0.000              1   [Builtin]:2229
                                                       SLICE    448.517      0.001      0.001     0.004%    98.966%      0.000            131   [Builtin]:2705
                                                   SELECT_V2    496.128      0.001      0.001     0.004%    98.970%      0.000            131   [Builtin]:1282
                                                   SELECT_V2    124.582      0.108      0.108     0.004%    98.973%      0.000              1   [Builtin]:388
                                        DYNAMIC_UPDATE_SLICE    447.852      0.001      0.001     0.004%    98.977%      0.000            131   [Builtin]:2598
                                                       SLICE    541.219      0.001      0.001     0.004%    98.981%      0.000            131   [Builtin]:3950
                                        DYNAMIC_UPDATE_SLICE     85.569      0.107      0.107     0.004%    98.984%      0.000              1   [Builtin]:1440
                                                   SELECT_V2    450.043      0.001      0.001     0.004%    98.988%      0.000            131   [Builtin]:692
                                                        FILL    343.585      0.106      0.106     0.004%    98.992%      0.000              1   [Builtin]:2321
                                                       SLICE    447.316      0.001      0.001     0.004%    98.995%      0.000            131   [Builtin]:2535
                                       Delegate/Convert (NC)      0.000      0.007      0.007     0.004%    98.999%      0.000             14   [Delegate]:37
                                                        FILL    169.139      0.105      0.105     0.004%    99.002%      0.000              1   [Builtin]:1696
                                      Delegate/Multiply (ND)      0.000      0.001      0.000     0.004%    99.006%      0.000            264   [Delegate]:10
                                                   SELECT_V2    456.519      0.001      0.001     0.004%    99.009%      0.000            131   [Builtin]:1032
                                                   SELECT_V2    609.120      0.001      0.001     0.004%    99.013%      0.000            131   [Builtin]:2032
                                     Delegate/Copy (NC, X32)      0.000      0.008      0.009     0.004%    99.017%      0.000             12   [Delegate]:100
                                                        FILL    191.910      0.104      0.104     0.004%    99.020%      0.000              1   [Builtin]:1788
                                                        FILL    214.812      0.104      0.104     0.004%    99.024%      0.000              1   [Builtin]:1880
                                                       SLICE    344.908      0.104      0.104     0.004%    99.027%      0.000              1   [Builtin]:2329
                                                   SELECT_V2    533.443      0.000      0.001     0.004%    99.031%      0.000            131   [Builtin]:1532
                                        DYNAMIC_UPDATE_SLICE    443.880      0.001      0.001     0.003%    99.034%      0.000            132   [Builtin]:2122
                                        DYNAMIC_UPDATE_SLICE    541.210      0.001      0.001     0.003%    99.038%      0.000            131   [Builtin]:3943
                                           Delegate/Add (ND)      0.000      0.008      0.007     0.003%    99.041%      0.000             14   [Delegate]:52
                                               GREATER_EQUAL    443.794      0.002      0.001     0.003%    99.045%      0.000            132   [Builtin]:56
                                                       SLICE    586.460      0.001      0.001     0.003%    99.048%      0.000            131   [Builtin]:4308
                                                   SELECT_V2    252.247      0.101      0.101     0.003%    99.051%      0.000              1   [Builtin]:758
                                                        FILL     85.469      0.100      0.100     0.003%    99.055%      0.000              1   [Builtin]:1439
                                        DYNAMIC_UPDATE_SLICE    548.430      0.001      0.001     0.003%    99.058%      0.000            131   [Builtin]:4009
                                    Delegate/Slice (ND, X32)      0.000      0.000      0.001     0.003%    99.062%      0.000            132   [Delegate]:90
                                        DYNAMIC_UPDATE_SLICE    449.103      0.001      0.001     0.003%    99.065%      0.000            131   [Builtin]:2783
                                        DYNAMIC_UPDATE_SLICE    510.697      0.001      0.001     0.003%    99.068%      0.000            131   [Builtin]:3698
                                       Delegate/Convert (NC)      0.000      0.007      0.007     0.003%    99.072%      0.000             14   [Delegate]:19
                                      Delegate/Multiply (ND)      0.000      0.007      0.007     0.003%    99.075%      0.000             14   [Delegate]:60
                                       Delegate/Convert (NC)      0.000      0.007      0.007     0.003%    99.078%      0.000             14   [Delegate]:61
                                                        FILL     38.226      0.098      0.098     0.003%    99.082%      0.000              1   [Builtin]:1255
                                                       SLICE    487.981      0.001      0.001     0.003%    99.085%      0.000            131   [Builtin]:3507
                                                       SLICE    541.167      0.002      0.001     0.003%    99.088%      0.000            131   [Builtin]:3931
                                      Delegate/Multiply (ND)      0.000      0.007      0.007     0.003%    99.092%      0.000             14   [Delegate]:35
                                    Delegate/Slice (ND, X32)      0.000      0.000      0.001     0.003%    99.095%      0.000            132   [Delegate]:5
                                        DYNAMIC_UPDATE_SLICE    447.302      0.001      0.001     0.003%    99.098%      0.000            132   [Builtin]:2528
                                                       SLICE    517.993      0.002      0.001     0.003%    99.101%      0.000            131   [Builtin]:3752
                                                   SELECT_V2    563.356      0.001      0.001     0.003%    99.105%      0.000            131   [Builtin]:1732
                                      Delegate/Multiply (ND)      0.000      0.007      0.007     0.003%    99.108%      0.000             14   [Delegate]:51
                                        DYNAMIC_UPDATE_SLICE    488.025      0.000      0.001     0.003%    99.111%      0.000            131   [Builtin]:3519
                             Delegate/Normalize (ND) Reduce2      0.000      0.005      0.007     0.003%    99.114%      0.000             13   [Delegate]:71
                                                   NOT_EQUAL    446.529      0.001      0.001     0.003%    99.118%      0.000            132   [Builtin]:345
                                        DYNAMIC_UPDATE_SLICE    473.132      0.002      0.001     0.003%    99.121%      0.000            131   [Builtin]:3387
                                        DYNAMIC_UPDATE_SLICE    578.895      0.000      0.001     0.003%    99.124%      0.000            131   [Builtin]:4254
                                        DYNAMIC_UPDATE_SLICE    586.502      0.000      0.001     0.003%    99.127%      0.000            131   [Builtin]:4320
                                      Delegate/Multiply (ND)      0.000      0.014      0.006     0.003%    99.130%      0.000             15   [Delegate]:9
                                                   SELECT_V2    446.683      0.001      0.001     0.003%    99.134%      0.000            132   [Builtin]:352
                                                       SLICE    463.544      0.004      0.001     0.003%    99.137%      0.000            131   [Builtin]:3309
                                                       SLICE    473.017      0.006      0.001     0.003%    99.140%      0.000            131   [Builtin]:3375
                                        DYNAMIC_UPDATE_SLICE    518.039      0.000      0.001     0.003%    99.143%      0.000            131   [Builtin]:3764
                                      Delegate/Multiply (ND)      0.000      0.000      0.006     0.003%    99.146%      0.000             16   [Delegate]:18
                                        DYNAMIC_UPDATE_SLICE    503.474      0.001      0.001     0.003%    99.149%      0.000            131   [Builtin]:3632
                                                        FILL    578.894      0.001      0.001     0.003%    99.152%      0.000            131   [Builtin]:4253
                                        DYNAMIC_UPDATE_SLICE    445.142      0.001      0.001     0.003%    99.155%      0.000            132   [Builtin]:2292
                                                   SELECT_V2    525.582      0.001      0.001     0.003%    99.159%      0.000            131   [Builtin]:1482
                                                       SLICE    563.126      0.001      0.001     0.003%    99.162%      0.000            131   [Builtin]:4129
                                                       SLICE    578.852      0.001      0.001     0.003%    99.165%      0.000            131   [Builtin]:4242
                                                       SLICE    593.650      0.001      0.001     0.003%    99.168%      0.000            131   [Builtin]:4374
                                        DYNAMIC_UPDATE_SLICE    450.750      0.001      0.001     0.003%    99.171%      0.000            131   [Builtin]:2934
                                                       SLICE     15.760      0.089      0.089     0.003%    99.174%      0.000              1   [Builtin]:1171
                                        DYNAMIC_UPDATE_SLICE    444.536      0.001      0.001     0.003%    99.177%      0.000            132   [Builtin]:2207
                                        DYNAMIC_UPDATE_SLICE    451.961      0.001      0.001     0.003%    99.180%      0.000            131   [Builtin]:3104
                                        DYNAMIC_UPDATE_SLICE    463.604      0.002      0.001     0.003%    99.183%      0.000            131   [Builtin]:3321
                                                       SLICE    480.071      0.003      0.001     0.003%    99.186%      0.000            131   [Builtin]:3441
                                        DYNAMIC_UPDATE_SLICE    480.126      0.001      0.001     0.003%    99.189%      0.000            131   [Builtin]:3453
                                        DYNAMIC_UPDATE_SLICE    563.167      0.001      0.001     0.003%    99.192%      0.000            131   [Builtin]:4141
                                        DYNAMIC_UPDATE_SLICE    555.634      0.001      0.001     0.003%    99.195%      0.000            131   [Builtin]:4075
                                                       SLICE    443.802      0.002      0.001     0.003%    99.198%      0.000            132   [Builtin]:2110
                                                   SELECT_V2    488.071      0.001      0.001     0.003%    99.201%      0.000            131   [Builtin]:1232
                                               CONCATENATION    503.435      0.001      0.001     0.003%    99.204%      0.000            131   [Builtin]:3626
                                               CONCATENATION    116.336      0.086      0.086     0.003%    99.207%      0.000              1   [Builtin]:377
                                                   SELECT_V2    601.040      0.001      0.001     0.003%    99.210%      0.000            131   [Builtin]:1982
                                        DYNAMIC_UPDATE_SLICE    448.504      0.001      0.001     0.003%    99.213%      0.000            131   [Builtin]:2698
                                        DYNAMIC_UPDATE_SLICE    451.373      0.000      0.001     0.003%    99.215%      0.000            131   [Builtin]:3019
                                                       SLICE    510.655      0.001      0.001     0.003%    99.218%      0.000            131   [Builtin]:3686
                                      Delegate/Multiply (ND)      0.000      0.006      0.006     0.003%    99.221%      0.000             14   [Delegate]:34
                                    Delegate/ApproxGELU (NC)      0.000      0.006      0.006     0.003%    99.224%      0.000             14   [Delegate]:40
                                        DYNAMIC_UPDATE_SLICE    447.907      0.001      0.001     0.003%    99.227%      0.000            131   [Builtin]:2613
                                    Delegate/Slice (ND, X32)      0.000      0.006      0.007     0.003%    99.230%      0.000             12   [Delegate]:92
                                                        FILL    450.750      0.000      0.001     0.003%    99.232%      0.000            131   [Builtin]:2933
                                                        FILL    586.501      0.000      0.001     0.003%    99.235%      0.000            131   [Builtin]:4319
                                                   SELECT_V2    447.368      0.000      0.001     0.003%    99.238%      0.000            131   [Builtin]:420
                                                        CAST    446.526      0.001      0.001     0.003%    99.241%      0.000            132   [Builtin]:343
                                        DYNAMIC_UPDATE_SLICE    593.692      0.000      0.001     0.003%    99.243%      0.000            131   [Builtin]:4386
                                      Delegate/Multiply (ND)      0.000      0.005      0.006     0.003%    99.246%      0.000             13   [Delegate]:98
                                                   SELECT_V2    448.569      0.001      0.001     0.003%    99.249%      0.000            131   [Builtin]:556
                                                       SLICE    503.430      0.002      0.001     0.003%    99.251%      0.000            131   [Builtin]:3620
                                                        FILL    443.879      0.001      0.001     0.003%    99.254%      0.000            132   [Builtin]:2121
                                                   SELECT_V2    451.437      0.001      0.001     0.003%    99.257%      0.000            131   [Builtin]:828
                                                       SLICE    555.592      0.002      0.001     0.003%    99.259%      0.000            131   [Builtin]:4063
                                                   SELECT_V2    480.177      0.000      0.001     0.003%    99.262%      0.000            131   [Builtin]:1182
                                        DYNAMIC_UPDATE_SLICE    525.536      0.001      0.001     0.003%    99.265%      0.000            131   [Builtin]:3830
                                                       SLICE    548.388      0.001      0.001     0.003%    99.267%      0.000            131   [Builtin]:3997
                                                        FILL    555.633      0.001      0.001     0.003%    99.270%      0.000            131   [Builtin]:4074
                                                   SELECT_V2    445.849      0.001      0.001     0.003%    99.272%      0.000            132   [Builtin]:274
                                                        FILL    463.603      0.001      0.001     0.003%    99.275%      0.000            131   [Builtin]:3320
                                                   SELECT_V2    510.744      0.001      0.001     0.003%    99.277%      0.000            131   [Builtin]:1382
                                                       SLICE    600.954      0.001      0.001     0.003%    99.280%      0.000            131   [Builtin]:4440
                                        DYNAMIC_UPDATE_SLICE     13.509      0.075      0.075     0.003%    99.283%      0.000              1   [Builtin]:1164
                                       Delegate/Convert (NC)      0.000      0.008      0.005     0.003%    99.285%      0.000             14   [Delegate]:67
                                                   SELECT_V2    444.602      0.001      0.001     0.003%    99.288%      0.000            132   [Builtin]:138
                                        DYNAMIC_UPDATE_SLICE    445.784      0.001      0.001     0.003%    99.290%      0.000            132   [Builtin]:2377
                                                   SELECT_V2    447.972      0.001      0.001     0.003%    99.293%      0.000            131   [Builtin]:488
                                                        FILL    563.166      0.001      0.001     0.003%    99.295%      0.000            131   [Builtin]:4140
                                                        FILL    444.535      0.001      0.001     0.002%    99.298%      0.000            132   [Builtin]:2206
                                                       SLICE    447.246      0.000      0.001     0.002%    99.300%      0.000            132   [Builtin]:2516
                                                        FILL    518.038      0.000      0.001     0.002%    99.303%      0.000            131   [Builtin]:3763
                                                        FILL    525.535      0.001      0.001     0.002%    99.305%      0.000            131   [Builtin]:3829
                                      Delegate/Multiply (ND)      0.000      0.006      0.005     0.002%    99.307%      0.000             14   [Delegate]:41
                                        DYNAMIC_UPDATE_SLICE    452.554      0.001      0.001     0.002%    99.310%      0.000            131   [Builtin]:3189
                                                   SELECT_V2    473.187      0.001      0.001     0.002%    99.312%      0.000            131   [Builtin]:1132
                                                   SELECT_V2    503.521      0.000      0.001     0.002%    99.315%      0.000            131   [Builtin]:1332
                                                        FILL    510.696      0.001      0.001     0.002%    99.317%      0.000            131   [Builtin]:3697
                                                   SELECT_V2    443.959      0.001      0.001     0.002%    99.320%      0.000            132   [Builtin]:70
                                               CONCATENATION    447.315      0.001      0.001     0.002%    99.322%      0.000            132   [Builtin]:2534
                                                        FILL    452.553      0.001      0.001     0.002%    99.324%      0.000            131   [Builtin]:3188
                                                       SLICE    525.495      0.001      0.001     0.002%    99.327%      0.000            131   [Builtin]:3818
                                                        FILL    548.429      0.001      0.001     0.002%    99.329%      0.000            131   [Builtin]:4008
                                                   SELECT_V2    586.547      0.000      0.001     0.002%    99.332%      0.000            131   [Builtin]:1882
                                      Delegate/Multiply (ND)      0.000      0.005      0.005     0.002%    99.334%      0.000             14   [Delegate]:59
                                    Delegate/Slice (ND, X32)      0.000      0.005      0.006     0.002%    99.336%      0.000             12   [Delegate]:93
                                      Delegate/Multiply (ND)      0.000      0.006      0.006     0.002%    99.339%      0.000             12   [Delegate]:94
                                      Delegate/Multiply (ND)      0.000      0.005      0.006     0.002%    99.341%      0.000             12   [Delegate]:97
                                                   SELECT_V2    450.816      0.001      0.001     0.002%    99.344%      0.000            131   [Builtin]:760
                                                       SLICE    451.324      0.000      0.001     0.002%    99.346%      0.000            131   [Builtin]:3007
                                                        FILL    503.473      0.001      0.001     0.002%    99.348%      0.000            131   [Builtin]:3631
                                                        FILL    541.209      0.001      0.001     0.002%    99.351%      0.000            131   [Builtin]:3942
                                                   SELECT_V2    593.737      0.000      0.001     0.002%    99.353%      0.000            131   [Builtin]:1932
                                                        FILL    600.994      0.001      0.001     0.002%    99.355%      0.000            131   [Builtin]:4451
                                        DYNAMIC_UPDATE_SLICE    600.995      0.000      0.001     0.002%    99.358%      0.000            131   [Builtin]:4452
                                    Delegate/Slice (ND, X32)      0.000      0.000      0.001     0.002%    99.360%      0.000            132   [Delegate]:4
                                                        FILL    445.141      0.001      0.001     0.002%    99.362%      0.000            132   [Builtin]:2291
                                                        FILL    451.960      0.001      0.001     0.002%    99.365%      0.000            131   [Builtin]:3103
                                                       SLICE    444.486      0.000      0.001     0.002%    99.367%      0.000            132   [Builtin]:2195
                                                   SELECT_V2    445.207      0.001      0.001     0.002%    99.369%      0.000            132   [Builtin]:206
                                               CONCATENATION    450.764      0.000      0.001     0.002%    99.371%      0.000            131   [Builtin]:2940
                                                   SELECT_V2    541.259      0.000      0.001     0.002%    99.374%      0.000            131   [Builtin]:1582
                                                        FILL    593.691      0.001      0.001     0.002%    99.376%      0.000            131   [Builtin]:4385
                             Delegate/Normalize (ND) Reduce2      0.000      0.066      0.066     0.002%    99.378%      0.000              1   [Delegate]:5
                                      Delegate/Multiply (ND)      0.000      0.005      0.005     0.002%    99.380%      0.000             12   [Delegate]:95
                                                         ADD    443.901      0.000      0.001     0.002%    99.383%      0.000            132   [Builtin]:2124
                                                     MAXIMUM    452.507      0.000      0.001     0.002%    99.385%      0.000            131   [Builtin]:3180
                                                         ADD    463.618      0.001      0.001     0.002%    99.387%      0.000            131   [Builtin]:3323
                                                        FILL    488.024      0.000      0.001     0.002%    99.389%      0.000            131   [Builtin]:3518
                                                         ADD    447.246      0.001      0.000     0.002%    99.392%      0.000            132   [Builtin]:2517
                                                        FILL    447.301      0.001      0.000     0.002%    99.394%      0.000            132   [Builtin]:2527
                                                       SLICE    450.692      0.001      0.000     0.002%    99.396%      0.000            131   [Builtin]:2922
                                               CONCATENATION    463.554      0.002      0.000     0.002%    99.398%      0.000            131   [Builtin]:3315
                                                         ADD    555.594      0.000      0.000     0.002%    99.400%      0.000            131   [Builtin]:4064
                                                       SLICE    445.153      0.000      0.000     0.002%    99.403%      0.000            132   [Builtin]:2293
                                                        FILL    445.783      0.001      0.000     0.002%    99.405%      0.000            132   [Builtin]:2376
                                                        FILL    451.372      0.000      0.000     0.002%    99.407%      0.000            131   [Builtin]:3018
                                                         SUB    443.807      0.002      0.000     0.002%    99.409%      0.000            132   [Builtin]:2112
                                                   SELECT_V2    449.168      0.000      0.000     0.002%    99.411%      0.000            131   [Builtin]:624
                                                   SELECT_V2    452.026      0.001      0.000     0.002%    99.413%      0.000            131   [Builtin]:896
                                                   SELECT_V2    452.619      0.001      0.000     0.002%    99.415%      0.000            131   [Builtin]:964
                                                         ADD    463.549      0.001      0.000     0.002%    99.418%      0.000            131   [Builtin]:3310
                                                   SELECT_V2    463.674      0.001      0.000     0.002%    99.420%      0.000            131   [Builtin]:1082
                                                         ADD    444.486      0.001      0.000     0.002%    99.422%      0.000            132   [Builtin]:2196
                                                       SLICE    448.456      0.000      0.000     0.002%    99.424%      0.000            131   [Builtin]:2686
                                                         ADD    450.693      0.001      0.000     0.002%    99.426%      0.000            131   [Builtin]:2923
                                                        FILL    473.131      0.001      0.000     0.002%    99.428%      0.000            131   [Builtin]:3386
                                                         ADD    510.656      0.001      0.000     0.002%    99.430%      0.000            131   [Builtin]:3687
                                                     MAXIMUM    555.595      0.000      0.000     0.002%    99.432%      0.000            131   [Builtin]:4066
                                                         ADD    443.804      0.003      0.000     0.002%    99.434%      0.000            132   [Builtin]:2111
                                                        FILL    447.906      0.001      0.000     0.002%    99.436%      0.000            131   [Builtin]:2612
                                                       SLICE    452.505      0.001      0.000     0.002%    99.438%      0.000            131   [Builtin]:3177
                                                        FILL    480.125      0.001      0.000     0.002%    99.441%      0.000            131   [Builtin]:3452
                                                         ADD    487.983      0.000      0.000     0.002%    99.443%      0.000            131   [Builtin]:3508
                                                         ADD    525.496      0.001      0.000     0.002%    99.445%      0.000            131   [Builtin]:3819
                                                         ADD    578.853      0.001      0.000     0.002%    99.447%      0.000            131   [Builtin]:4243
                                                       SLICE    445.734      0.001      0.000     0.002%    99.449%      0.000            132   [Builtin]:2365
                                                       SLICE    451.912      0.001      0.000     0.002%    99.451%      0.000            131   [Builtin]:3092
                                                        PACK    480.124      0.001      0.000     0.002%    99.453%      0.000            131   [Builtin]:3451
                                                         ADD    541.169      0.001      0.000     0.002%    99.455%      0.000            131   [Builtin]:3932
                                                        CAST    443.881      0.002      0.000     0.002%    99.457%      0.000            132   [Builtin]:61
                                                         SUB    447.247      0.000      0.000     0.002%    99.459%      0.000            132   [Builtin]:2518
                                                        FILL    449.102      0.001      0.000     0.002%    99.461%      0.000            131   [Builtin]:2782
                                                   SELECT_V2    548.477      0.000      0.000     0.002%    99.463%      0.000            131   [Builtin]:1632
                                               CONCATENATION    586.463      0.000      0.000     0.002%    99.465%      0.000            131   [Builtin]:4314
                                                       SLICE    445.092      0.001      0.000     0.002%    99.467%      0.000            132   [Builtin]:2280
                                                       SLICE    447.859      0.000      0.000     0.002%    99.469%      0.000            131   [Builtin]:2601
                                                   SELECT_V2    555.680      0.000      0.000     0.002%    99.471%      0.000            131   [Builtin]:1682
                                                     RESHAPE    443.129      0.002      0.000     0.002%    99.473%      0.000            132   [Builtin]:0
                                                       SLICE    449.055      0.000      0.000     0.002%    99.475%      0.000            131   [Builtin]:2771
                                                         SUB    548.390      0.000      0.000     0.002%    99.477%      0.000            131   [Builtin]:3999
                                               CONCATENATION    443.811      0.002      0.000     0.002%    99.478%      0.000            132   [Builtin]:2116
                                               CONCATENATION    445.155      0.000      0.000     0.002%    99.480%      0.000            132   [Builtin]:2298
                                                         ADD    445.795      0.001      0.000     0.002%    99.482%      0.000            132   [Builtin]:2379
                                                         ADD    448.456      0.001      0.000     0.002%    99.484%      0.000            131   [Builtin]:2687
                                                         ADD    480.074      0.001      0.000     0.002%    99.486%      0.000            131   [Builtin]:3442
                                               CONCATENATION    503.482      0.001      0.000     0.002%    99.488%      0.000            131   [Builtin]:3638
                                                        PACK    510.696      0.000      0.000     0.002%    99.490%      0.000            131   [Builtin]:3696
                                                       SLICE    510.704      0.000      0.000     0.002%    99.492%      0.000            131   [Builtin]:3699
                                               CONCATENATION    548.439      0.000      0.000     0.002%    99.494%      0.000            131   [Builtin]:4015
                             Delegate/Normalize (ND) Reduce2      0.000      0.004      0.004     0.002%    99.496%      0.000             14   [Delegate]:12
                                                        FILL    448.503      0.001      0.000     0.002%    99.497%      0.000            131   [Builtin]:2697
                                                         ADD    503.432      0.001      0.000     0.002%    99.499%      0.000            131   [Builtin]:3621
                                                   SELECT_V2    518.086      0.000      0.000     0.002%    99.501%      0.000            131   [Builtin]:1432
                                               CONCATENATION    578.903      0.001      0.000     0.002%    99.503%      0.000            131   [Builtin]:4260
                                                         SUB    586.461      0.001      0.000     0.002%    99.505%      0.000            131   [Builtin]:4310
                                                       SLICE    463.618      0.000      0.000     0.002%    99.507%      0.000            131   [Builtin]:3322
                                                         ADD    473.024      0.002      0.000     0.002%    99.509%      0.000            131   [Builtin]:3376
                                                         SUB    480.075      0.001      0.000     0.002%    99.510%      0.000            131   [Builtin]:3443
                                                     MAXIMUM    487.984      0.001      0.000     0.002%    99.512%      0.000            131   [Builtin]:3510
                                                        PACK    488.023      0.001      0.000     0.002%    99.514%      0.000            131   [Builtin]:3517
                                                        PACK    541.209      0.000      0.000     0.002%    99.516%      0.000            131   [Builtin]:3941
                                               CONCATENATION    548.391      0.001      0.000     0.002%    99.518%      0.000            131   [Builtin]:4003
                                                         ADD    586.509      0.000      0.000     0.002%    99.520%      0.000            131   [Builtin]:4322
                             Delegate/Normalize (ND) Reduce2      0.000      0.004      0.004     0.002%    99.521%      0.000             14   [Delegate]:54
                                      Delegate/Subtract (ND)      0.000      0.004      0.004     0.002%    99.523%      0.000             12   [Delegate]:96
                                           Delegate/Add (ND)      0.000      0.004      0.004     0.002%    99.525%      0.000             12   [Delegate]:99
                                                        CAST    443.762      0.001      0.000     0.002%    99.527%      0.000            132   [Builtin]:25
                                                         SUB    510.705      0.000      0.000     0.002%    99.528%      0.000            131   [Builtin]:3701
                                                       SLICE    518.046      0.000      0.000     0.002%    99.530%      0.000            131   [Builtin]:3765
                                                         ADD    563.127      0.000      0.000     0.002%    99.532%      0.000            131   [Builtin]:4130
                                                   SELECT_V2    578.941      0.001      0.000     0.002%    99.534%      0.000            131   [Builtin]:1832
                                                         ADD    586.461      0.000      0.000     0.002%    99.536%      0.000            131   [Builtin]:4309
                                                         ADD    600.956      0.000      0.000     0.002%    99.537%      0.000            131   [Builtin]:4441
                                                        CAST    443.778      0.001      0.000     0.002%    99.539%      0.000            132   [Builtin]:48
                                      Delegate/Multiply (ND)      0.000      0.000      0.000     0.002%    99.541%      0.000           4459   [Delegate]:72
                                                     MAXIMUM    445.736      0.000      0.000     0.002%    99.543%      0.000            132   [Builtin]:2368
                                                       SLICE    447.917      0.001      0.000     0.002%    99.545%      0.000            131   [Builtin]:2614
                                               CONCATENATION    447.920      0.000      0.000     0.002%    99.546%      0.000            131   [Builtin]:2619
                                               CONCATENATION    450.696      0.001      0.000     0.002%    99.548%      0.000            131   [Builtin]:2928
                                                        PACK    452.552      0.001      0.000     0.002%    99.550%      0.000            131   [Builtin]:3187
                                                       SLICE    452.565      0.000      0.000     0.002%    99.552%      0.000            131   [Builtin]:3190
                                                       SLICE    473.143      0.000      0.000     0.002%    99.553%      0.000            131   [Builtin]:3388
                                               CONCATENATION    488.033      0.000      0.000     0.002%    99.555%      0.000            131   [Builtin]:3525
                                                         ADD    444.548      0.000      0.000     0.002%    99.557%      0.000            132   [Builtin]:2209
                                               CONCATENATION    447.248      0.001      0.000     0.002%    99.559%      0.000            132   [Builtin]:2522
                                                        PACK    447.301      0.000      0.000     0.002%    99.560%      0.000            132   [Builtin]:2526
                                               CONCATENATION    449.116      0.000      0.000     0.002%    99.562%      0.000            131   [Builtin]:2789
                                                       SLICE    450.762      0.000      0.000     0.002%    99.564%      0.000            131   [Builtin]:2935
                                                     MAXIMUM    503.434      0.000      0.000     0.002%    99.565%      0.000            131   [Builtin]:3623
                                                       SLICE    578.902      0.000      0.000     0.002%    99.567%      0.000            131   [Builtin]:4255
                                      Delegate/Multiply (ND)      0.000      0.050      0.003     0.002%    99.569%      0.000             15   [Delegate]:13
                                                        CAST    443.782      0.000      0.000     0.002%    99.571%      0.000            132   [Builtin]:52
                                                       SLICE    444.547      0.001      0.000     0.002%    99.572%      0.000            132   [Builtin]:2208
                                                         ADD    445.735      0.000      0.000     0.002%    99.574%      0.000            132   [Builtin]:2366
                                                       SLICE    445.795      0.000      0.000     0.002%    99.576%      0.000            132   [Builtin]:2378
                                                         ADD    449.055      0.001      0.000     0.002%    99.577%      0.000            131   [Builtin]:2772
                                                        PACK    449.101      0.001      0.000     0.002%    99.579%      0.000            131   [Builtin]:2781
                                               CONCATENATION    517.998      0.001      0.000     0.002%    99.581%      0.000            131   [Builtin]:3758
                                                       SLICE    563.174      0.000      0.000     0.002%    99.582%      0.000            131   [Builtin]:4142
                                               CONCATENATION    463.620      0.001      0.000     0.002%    99.584%      0.000            131   [Builtin]:3327
                                                        PACK    503.473      0.000      0.000     0.002%    99.586%      0.000            131   [Builtin]:3630
                                                         ADD    517.996      0.000      0.000     0.002%    99.587%      0.000            131   [Builtin]:3753
                                               CONCATENATION    518.048      0.000      0.000     0.002%    99.589%      0.000            131   [Builtin]:3770
                                                       SLICE    525.543      0.000      0.000     0.002%    99.591%      0.000            131   [Builtin]:3831
                                                         SUB    593.652      0.001      0.000     0.002%    99.592%      0.000            131   [Builtin]:4376
                                                         ADD    445.093      0.000      0.000     0.002%    99.594%      0.000            132   [Builtin]:2281
                                                         SUB    445.093      0.001      0.000     0.002%    99.596%      0.000            132   [Builtin]:2282
                                                     MAXIMUM    450.695      0.000      0.000     0.002%    99.597%      0.000            131   [Builtin]:2925
                                               CONCATENATION    473.031      0.001      0.000     0.002%    99.599%      0.000            131   [Builtin]:3381
                                               CONCATENATION    563.175      0.007      0.000     0.002%    99.601%      0.000            131   [Builtin]:4147
                             Delegate/Normalize (ND) Reduce2      0.000      0.003      0.003     0.002%    99.602%      0.000             14   [Delegate]:4
                                               CONCATENATION    444.488      0.001      0.000     0.002%    99.604%      0.000            132   [Builtin]:2201
                                                         ADD    445.153      0.001      0.000     0.002%    99.605%      0.000            132   [Builtin]:2294
                                                        PACK    447.905      0.001      0.000     0.002%    99.607%      0.000            131   [Builtin]:2611
                                                       SLICE    449.114      0.000      0.000     0.002%    99.609%      0.000            131   [Builtin]:2784
                                                         SUB    450.694      0.000      0.000     0.002%    99.610%      0.000            131   [Builtin]:2924
                                               CONCATENATION    487.985      0.001      0.000     0.002%    99.612%      0.000            131   [Builtin]:3513
                                               CONCATENATION    510.706      0.000      0.000     0.002%    99.613%      0.000            131   [Builtin]:3704
                                               CONCATENATION    541.172      0.000      0.000     0.002%    99.615%      0.000            131   [Builtin]:3937
                                               CONCATENATION    541.218      0.001      0.000     0.002%    99.617%      0.000            131   [Builtin]:3949
                                               CONCATENATION    578.855      0.001      0.000     0.002%    99.618%      0.000            131   [Builtin]:4248
                                                        PACK    578.893      0.001      0.000     0.002%    99.620%      0.000            131   [Builtin]:4252
                                       Delegate/Convert (NC)      0.000      0.004      0.000     0.002%    99.621%      0.000            132   [Delegate]:4
                                               CONCATENATION    451.974      0.001      0.000     0.002%    99.623%      0.000            131   [Builtin]:3110
                                               CONCATENATION    452.508      0.000      0.000     0.002%    99.624%      0.000            131   [Builtin]:3183
                                                     MAXIMUM    463.552      0.002      0.000     0.002%    99.626%      0.000            131   [Builtin]:3312
                                               CONCATENATION    525.498      0.001      0.000     0.002%    99.627%      0.000            131   [Builtin]:3824
                                               CONCATENATION    525.545      0.000      0.000     0.002%    99.629%      0.000            131   [Builtin]:3836
                                                        PACK    548.429      0.000      0.000     0.002%    99.631%      0.000            131   [Builtin]:4007
                                                       SLICE    555.641      0.000      0.000     0.002%    99.632%      0.000            131   [Builtin]:4076
                                                         SUB    445.735      0.001      0.000     0.002%    99.634%      0.000            132   [Builtin]:2367
                                               CONCATENATION    448.459      0.000      0.000     0.002%    99.635%      0.000            131   [Builtin]:2692
                                                         ADD    451.913      0.000      0.000     0.002%    99.637%      0.000            131   [Builtin]:3093
                                                     MAXIMUM    517.997      0.001      0.000     0.002%    99.638%      0.000            131   [Builtin]:3755
                                                        PACK    518.037      0.001      0.000     0.002%    99.640%      0.000            131   [Builtin]:3762
                                                       SLICE    548.437      0.001      0.000     0.002%    99.641%      0.000            131   [Builtin]:4010
                                               CONCATENATION    555.596      0.000      0.000     0.002%    99.643%      0.000            131   [Builtin]:4069
                             Delegate/Normalize (ND) Reduce2      0.000      0.004      0.003     0.001%    99.644%      0.000             14   [Delegate]:29
                             Delegate/Normalize (ND) Reduce2      0.000      0.004      0.003     0.001%    99.646%      0.000             14   [Delegate]:45
                             Delegate/Convert (NC, QS8, QC8)      0.000      0.024      0.022     0.001%    99.647%      0.000              2   [Delegate]:1
                                                         SUB    444.487      0.000      0.000     0.001%    99.649%      0.000            132   [Builtin]:2197
                                               CONCATENATION    445.095      0.000      0.000     0.001%    99.650%      0.000            132   [Builtin]:2286
                                                        PACK    450.749      0.001      0.000     0.001%    99.652%      0.000            131   [Builtin]:2932
                                                         ADD    452.506      0.000      0.000     0.001%    99.653%      0.000            131   [Builtin]:3178
                                                     MAXIMUM    480.136      0.000      0.000     0.001%    99.655%      0.000            131   [Builtin]:3457
                                                         SUB    510.657      0.001      0.000     0.001%    99.656%      0.000            131   [Builtin]:3688
                                                         SUB    541.218      0.000      0.000     0.001%    99.658%      0.000            131   [Builtin]:3946
                                                         ADD    548.389      0.001      0.000     0.001%    99.659%      0.000            131   [Builtin]:3998
                                                       SLICE    593.699      0.000      0.000     0.001%    99.661%      0.000            131   [Builtin]:4387
                                                         SUB    593.700      0.000      0.000     0.001%    99.662%      0.000            131   [Builtin]:4389
                                               CONCATENATION    593.700      0.001      0.000     0.001%    99.664%      0.000            131   [Builtin]:4392
                                                         SUB    444.548      0.001      0.000     0.001%    99.665%      0.000            132   [Builtin]:2210
                                                         ADD    451.324      0.001      0.000     0.001%    99.667%      0.000            131   [Builtin]:3008
                                                         SUB    473.026      0.002      0.000     0.001%    99.668%      0.000            131   [Builtin]:3377
                                                       SLICE    480.135      0.000      0.000     0.001%    99.670%      0.000            131   [Builtin]:3454
                                                         SUB    487.983      0.001      0.000     0.001%    99.671%      0.000            131   [Builtin]:3509
                                                         ADD    548.438      0.000      0.000     0.001%    99.672%      0.000            131   [Builtin]:4011
                                               CONCATENATION    563.128      0.001      0.000     0.001%    99.674%      0.000            131   [Builtin]:4135
                                                        PACK    563.166      0.000      0.000     0.001%    99.675%      0.000            131   [Builtin]:4139
                                                         SUB    578.854      0.000      0.000     0.001%    99.677%      0.000            131   [Builtin]:4244
                                                       SLICE    586.508      0.001      0.000     0.001%    99.678%      0.000            131   [Builtin]:4321
                                                     MAXIMUM    600.956      0.001      0.000     0.001%    99.680%      0.000            131   [Builtin]:4443
                                                     RESHAPE    443.761      0.000      0.000     0.001%    99.681%      0.000            132   [Builtin]:24
                                                     MAXIMUM    443.809      0.002      0.000     0.001%    99.683%      0.000            132   [Builtin]:2113
                                                        PACK    444.534      0.001      0.000     0.001%    99.684%      0.000            132   [Builtin]:2205
                                               CONCATENATION    445.737      0.000      0.000     0.001%    99.685%      0.000            132   [Builtin]:2371
                                    Delegate/Slice (ND, X32)      0.000      0.000      0.000     0.001%    99.687%      0.000            132   [Delegate]:89
                                                         SUB    447.860      0.000      0.000     0.001%    99.688%      0.000            131   [Builtin]:2603
                                                       SLICE    448.515      0.000      0.000     0.001%    99.690%      0.000            131   [Builtin]:2699
                                                         ADD    450.762      0.001      0.000     0.001%    99.691%      0.000            131   [Builtin]:2936
                                                       SLICE    451.384      0.000      0.000     0.001%    99.693%      0.000            131   [Builtin]:3020
                                                        PACK    451.960      0.000      0.000     0.001%    99.694%      0.000            131   [Builtin]:3102
                                                        PACK    473.129      0.001      0.000     0.001%    99.695%      0.000            131   [Builtin]:3385
                                               CONCATENATION    510.658      0.001      0.000     0.001%    99.697%      0.000            131   [Builtin]:3692
                                                         SUB    517.996      0.001      0.000     0.001%    99.698%      0.000            131   [Builtin]:3754
                                                         ADD    518.046      0.001      0.000     0.001%    99.700%      0.000            131   [Builtin]:3766
                                                     MAXIMUM    578.854      0.001      0.000     0.001%    99.701%      0.000            131   [Builtin]:4245
                                                         SUB    586.509      0.000      0.000     0.001%    99.703%      0.000            131   [Builtin]:4323
                                                         ADD    593.651      0.001      0.000     0.001%    99.704%      0.000            131   [Builtin]:4375
                                                     MAXIMUM    601.003      0.000      0.000     0.001%    99.705%      0.000            131   [Builtin]:4456
                                               CONCATENATION    443.902      0.001      0.000     0.001%    99.707%      0.000            132   [Builtin]:2128
                                                   NOT_EQUAL    443.959      0.000      0.000     0.001%    99.708%      0.000            132   [Builtin]:69
                                                     MAXIMUM    444.549      0.000      0.000     0.001%    99.710%      0.000            132   [Builtin]:2211
                                               CONCATENATION    447.861      0.001      0.000     0.001%    99.711%      0.000            131   [Builtin]:2607
                                                     MAXIMUM    448.458      0.000      0.000     0.001%    99.712%      0.000            131   [Builtin]:2689
                                                        PACK    448.503      0.000      0.000     0.001%    99.714%      0.000            131   [Builtin]:2696
                                               CONCATENATION    448.517      0.000      0.000     0.001%    99.715%      0.000            131   [Builtin]:2704
                                                        PACK    451.371      0.001      0.000     0.001%    99.717%      0.000            131   [Builtin]:3017
                                                         ADD    451.384      0.001      0.000     0.001%    99.718%      0.000            131   [Builtin]:3021
                                                       SLICE    488.032      0.000      0.000     0.001%    99.719%      0.000            131   [Builtin]:3520
                                                         SUB    518.047      0.000      0.000     0.001%    99.721%      0.000            131   [Builtin]:3767
                                                       SLICE    541.217      0.000      0.000     0.001%    99.722%      0.000            131   [Builtin]:3944
                                                        PACK    555.633      0.000      0.000     0.001%    99.723%      0.000            131   [Builtin]:4073
                                                         SUB    445.154      0.000      0.000     0.001%    99.725%      0.000            132   [Builtin]:2295
                                               CONCATENATION    445.797      0.000      0.000     0.001%    99.726%      0.000            132   [Builtin]:2383
                                                     MAXIMUM    447.247      0.001      0.000     0.001%    99.728%      0.000            132   [Builtin]:2519
                                                         SUB    448.516      0.000      0.000     0.001%    99.729%      0.000            131   [Builtin]:2701
                                                         SUB    473.144      0.000      0.000     0.001%    99.730%      0.000            131   [Builtin]:3390
                                                     MAXIMUM    480.076      0.001      0.000     0.001%    99.732%      0.000            131   [Builtin]:3444
                                               CONCATENATION    480.078      0.001      0.000     0.001%    99.733%      0.000            131   [Builtin]:3447
                                                         ADD    541.217      0.001      0.000     0.001%    99.734%      0.000            131   [Builtin]:3945
                                                       SLICE    601.002      0.000      0.000     0.001%    99.736%      0.000            131   [Builtin]:4453
                                                     MAXIMUM    447.860      0.001      0.000     0.001%    99.737%      0.000            131   [Builtin]:2604
                                                     RESHAPE    449.057      0.000      0.000     0.001%    99.738%      0.000            131   [Builtin]:2775
                                               CONCATENATION    451.915      0.001      0.000     0.001%    99.740%      0.000            131   [Builtin]:3098
                                                       SLICE    451.972      0.001      0.000     0.001%    99.741%      0.000            131   [Builtin]:3105
                                                         SUB    452.506      0.001      0.000     0.001%    99.742%      0.000            131   [Builtin]:3179
                                                        PACK    525.534      0.001      0.000     0.001%    99.744%      0.000            131   [Builtin]:3828
                                                         SUB    541.170      0.000      0.000     0.001%    99.745%      0.000            131   [Builtin]:3933
                                                         SUB    555.594      0.001      0.000     0.001%    99.746%      0.000            131   [Builtin]:4065
                                                         SUB    563.127      0.001      0.000     0.001%    99.748%      0.000            131   [Builtin]:4131
                                               CONCATENATION    444.549      0.001      0.000     0.001%    99.749%      0.000            132   [Builtin]:2213
                                                     MAXIMUM    451.326      0.000      0.000     0.001%    99.750%      0.000            131   [Builtin]:3010
                                                        PACK    463.602      0.001      0.000     0.001%    99.751%      0.000            131   [Builtin]:3319
                                                       SLICE    503.481      0.000      0.000     0.001%    99.753%      0.000            131   [Builtin]:3633
                                                         SUB    525.544      0.000      0.000     0.001%    99.754%      0.000            131   [Builtin]:3833
                                                     MAXIMUM    548.390      0.001      0.000     0.001%    99.755%      0.000            131   [Builtin]:4000
                                                         SUB    548.438      0.000      0.000     0.001%    99.757%      0.000            131   [Builtin]:4012
                                                        PACK    586.500      0.001      0.000     0.001%    99.758%      0.000            131   [Builtin]:4318
                                                        CAST    443.784      0.000      0.000     0.001%    99.759%      0.000            132   [Builtin]:54
                                                        PACK    443.878      0.001      0.000     0.001%    99.760%      0.000            132   [Builtin]:2120
                                                        PACK    445.783      0.000      0.000     0.001%    99.762%      0.000            132   [Builtin]:2375
                                                         SUB    445.796      0.000      0.000     0.001%    99.763%      0.000            132   [Builtin]:2380
                                                         ADD    447.859      0.001      0.000     0.001%    99.764%      0.000            131   [Builtin]:2602
                                                         ADD    447.918      0.000      0.000     0.001%    99.765%      0.000            131   [Builtin]:2615
                                                     MAXIMUM    463.620      0.000      0.000     0.001%    99.767%      0.000            131   [Builtin]:3325
                                                         ADD    510.705      0.000      0.000     0.001%    99.768%      0.000            131   [Builtin]:3700
                                                     MAXIMUM    510.705      0.001      0.000     0.001%    99.769%      0.000            131   [Builtin]:3702
                                                     MAXIMUM    518.047      0.000      0.000     0.001%    99.770%      0.000            131   [Builtin]:3768
                                                     MAXIMUM    525.544      0.001      0.000     0.001%    99.772%      0.000            131   [Builtin]:3834
                                                         ADD    555.641      0.000      0.000     0.001%    99.773%      0.000            131   [Builtin]:4077
                                                        PACK    593.691      0.000      0.000     0.001%    99.774%      0.000            131   [Builtin]:4384
                                                        PACK    600.994      0.000      0.000     0.001%    99.775%      0.000            131   [Builtin]:4450
                                                         ADD    601.002      0.000      0.000     0.001%    99.777%      0.000            131   [Builtin]:4454
                                               GREATER_EQUAL     10.354      0.036      0.036     0.001%    99.778%      0.000              1   [Builtin]:63
                                                        PACK    445.141      0.000      0.000     0.001%    99.779%      0.000            132   [Builtin]:2290
                                                       SLICE    447.313      0.000      0.000     0.001%    99.780%      0.000            132   [Builtin]:2529
                                                         ADD    503.481      0.001      0.000     0.001%    99.782%      0.000            131   [Builtin]:3634
                                               CONCATENATION    593.654      0.000      0.000     0.001%    99.783%      0.000            131   [Builtin]:4380
                                                         ADD    593.699      0.000      0.000     0.001%    99.784%      0.000            131   [Builtin]:4388
                                                     MAXIMUM    445.094      0.000      0.000     0.001%    99.785%      0.000            132   [Builtin]:2283
                                               CONCATENATION    451.327      0.000      0.000     0.001%    99.786%      0.000            131   [Builtin]:3013
                                               CONCATENATION    452.567      0.000      0.000     0.001%    99.788%      0.000            131   [Builtin]:3195
                                                     RESHAPE    525.498      0.000      0.000     0.001%    99.789%      0.000            131   [Builtin]:3823
                                                         SUB    563.175      0.000      0.000     0.001%    99.790%      0.000            131   [Builtin]:4144
                                                         ADD    578.902      0.000      0.000     0.001%    99.791%      0.000            131   [Builtin]:4256
                                                     MAXIMUM    578.903      0.000      0.000     0.001%    99.792%      0.000            131   [Builtin]:4258
                                               CONCATENATION    586.510      0.000      0.000     0.001%    99.794%      0.000            131   [Builtin]:4326
                                                     MAXIMUM    593.653      0.000      0.000     0.001%    99.795%      0.000            131   [Builtin]:4377
                                                   SELECT_V2    347.172      0.034      0.034     0.001%    99.796%      0.000              1   [Builtin]:1054
                                                     RESHAPE    443.811      0.000      0.000     0.001%    99.797%      0.000            132   [Builtin]:2115
                                      Delegate/Multiply (ND)      0.000      0.000      0.000     0.001%    99.798%      0.000           4590   [Delegate]:47
                                                   NOT_EQUAL    446.682      0.001      0.000     0.001%    99.799%      0.000            132   [Builtin]:351
                                                     MAXIMUM    450.763      0.000      0.000     0.001%    99.800%      0.000            131   [Builtin]:2938
                                               CONCATENATION    451.386      0.000      0.000     0.001%    99.802%      0.000            131   [Builtin]:3025
                                                     MAXIMUM    451.914      0.000      0.000     0.001%    99.803%      0.000            131   [Builtin]:3095
                                                     MAXIMUM    555.642      0.000      0.000     0.001%    99.804%      0.000            131   [Builtin]:4079
                                                         SUB    601.002      0.001      0.000     0.001%    99.805%      0.000            131   [Builtin]:4455
                                Delegate/Static Reshape (NC)      0.000      0.033      0.033     0.001%    99.806%      0.000              1   [Delegate]:117
                                                     MAXIMUM    443.902      0.000      0.000     0.001%    99.807%      0.000            132   [Builtin]:2126
                                                         ADD    447.314      0.000      0.000     0.001%    99.808%      0.000            132   [Builtin]:2530
                                               CONCATENATION    449.057      0.001      0.000     0.001%    99.810%      0.000            131   [Builtin]:2777
                                                     MAXIMUM    449.115      0.000      0.000     0.001%    99.811%      0.000            131   [Builtin]:2787
                                                     RESHAPE    451.914      0.001      0.000     0.001%    99.812%      0.000            131   [Builtin]:3096
                                                         SUB    451.973      0.000      0.000     0.001%    99.813%      0.000            131   [Builtin]:3107
                                                         SUB    463.551      0.001      0.000     0.001%    99.814%      0.000            131   [Builtin]:3311
                                                     MAXIMUM    503.482      0.000      0.000     0.001%    99.815%      0.000            131   [Builtin]:3636
                                                     RESHAPE    563.128      0.000      0.000     0.001%    99.816%      0.000            131   [Builtin]:4133
                                                     RESHAPE    593.653      0.000      0.000     0.001%    99.817%      0.000            131   [Builtin]:4379
                                               CONCATENATION    600.957      0.001      0.000     0.001%    99.818%      0.000            131   [Builtin]:4446
                                       Delegate/Convert (NC)      0.000      0.003      0.002     0.001%    99.820%      0.000             14   [Delegate]:39
                                                       SLICE    443.900      0.001      0.000     0.001%    99.821%      0.000            132   [Builtin]:2123
                                                     RESHAPE    447.315      0.000      0.000     0.001%    99.822%      0.000            132   [Builtin]:2533
                                                         ADD    449.114      0.001      0.000     0.001%    99.823%      0.000            131   [Builtin]:2785
                                                         SUB    451.325      0.000      0.000     0.001%    99.824%      0.000            131   [Builtin]:3009
                                                         SUB    463.619      0.000      0.000     0.001%    99.825%      0.000            131   [Builtin]:3324
                                                     RESHAPE    473.030      0.000      0.000     0.001%    99.826%      0.000            131   [Builtin]:3379
                                                         ADD    473.144      0.000      0.000     0.001%    99.827%      0.000            131   [Builtin]:3389
                                                     RESHAPE    480.077      0.001      0.000     0.001%    99.828%      0.000            131   [Builtin]:3446
                                                     RESHAPE    541.171      0.001      0.000     0.001%    99.829%      0.000            131   [Builtin]:3936
                                               CONCATENATION    555.642      0.001      0.000     0.001%    99.830%      0.000            131   [Builtin]:4081
                                                     RESHAPE    586.462      0.000      0.000     0.001%    99.832%      0.000            131   [Builtin]:4313
                                               CONCATENATION    601.003      0.001      0.000     0.001%    99.833%      0.000            131   [Builtin]:4458
                                       Delegate/Convert (NC)      0.000      0.031      0.031     0.001%    99.834%      0.000              1   [Delegate]:10
                                                     RESHAPE    443.902      0.000      0.000     0.001%    99.835%      0.000            132   [Builtin]:2127
                                                     MAXIMUM    445.154      0.001      0.000     0.001%    99.836%      0.000            132   [Builtin]:2296
                                                         SUB    451.914      0.000      0.000     0.001%    99.837%      0.000            131   [Builtin]:3094
                                                         ADD    451.973      0.000      0.000     0.001%    99.838%      0.000            131   [Builtin]:3106
                                                     RESHAPE    452.507      0.000      0.000     0.001%    99.839%      0.000            131   [Builtin]:3181
                                                     RESHAPE    463.554      0.000      0.000     0.001%    99.840%      0.000            131   [Builtin]:3314
                                                         ADD    480.135      0.000      0.000     0.001%    99.841%      0.000            131   [Builtin]:3455
                                                         SUB    488.032      0.001      0.000     0.001%    99.842%      0.000            131   [Builtin]:3522
                                                     RESHAPE    518.047      0.001      0.000     0.001%    99.843%      0.000            131   [Builtin]:3769
                                                         ADD    525.544      0.000      0.000     0.001%    99.844%      0.000            131   [Builtin]:3832
                             Delegate/Normalize (ND) Reduce2      0.000      0.030      0.030     0.001%    99.845%      0.000              1   [Delegate]:0
                                                         SUB    449.056      0.000      0.000     0.001%    99.846%      0.000            131   [Builtin]:2773
                                                         ADD    488.032      0.000      0.000     0.001%    99.847%      0.000            131   [Builtin]:3521
                                                     RESHAPE    444.549      0.000      0.000     0.001%    99.848%      0.000            132   [Builtin]:2212
                                                     RESHAPE    447.248      0.000      0.000     0.001%    99.849%      0.000            132   [Builtin]:2520
                                                     MAXIMUM    448.516      0.000      0.000     0.001%    99.850%      0.000            131   [Builtin]:2702
                                                     RESHAPE    450.763      0.001      0.000     0.001%    99.851%      0.000            131   [Builtin]:2939
                                                         SUB    451.385      0.000      0.000     0.001%    99.852%      0.000            131   [Builtin]:3022
                                                     MAXIMUM    451.974      0.000      0.000     0.001%    99.853%      0.000            131   [Builtin]:3108
                                                         SUB    452.566      0.000      0.000     0.001%    99.854%      0.000            131   [Builtin]:3192
                                                     MAXIMUM    473.028      0.002      0.000     0.001%    99.855%      0.000            131   [Builtin]:3378
                                               CONCATENATION    473.145      0.000      0.000     0.001%    99.856%      0.000            131   [Builtin]:3393
                                               CONCATENATION    480.136      0.001      0.000     0.001%    99.857%      0.000            131   [Builtin]:3459
                                                     RESHAPE    541.171      0.000      0.000     0.001%    99.858%      0.000            131   [Builtin]:3935
                                                     RESHAPE    578.855      0.000      0.000     0.001%    99.859%      0.000            131   [Builtin]:4247
                                                     RESHAPE    600.957      0.000      0.000     0.001%    99.860%      0.000            131   [Builtin]:4444
                                                   SELECT_V2     18.133      0.028      0.028     0.001%    99.861%      0.000              1   [Builtin]:81
                                       Delegate/Convert (NC)      0.000      0.002      0.002     0.001%    99.862%      0.000             13   [Delegate]:70
                                                   SELECT_V2    218.408      0.028      0.028     0.001%    99.863%      0.000              1   [Builtin]:684
                                                     RESHAPE    443.811      0.000      0.000     0.001%    99.864%      0.000            132   [Builtin]:2114
                                                     RESHAPE    445.797      0.000      0.000     0.001%    99.865%      0.000            132   [Builtin]:2382
                                                     RESHAPE    447.861      0.000      0.000     0.001%    99.866%      0.000            131   [Builtin]:2605
                                                         SUB    447.919      0.000      0.000     0.001%    99.867%      0.000            131   [Builtin]:2616
                                                     RESHAPE    448.458      0.000      0.000     0.001%    99.868%      0.000            131   [Builtin]:2690
                                                         ADD    448.515      0.001      0.000     0.001%    99.869%      0.000            131   [Builtin]:2700
                                                     RESHAPE    473.030      0.000      0.000     0.001%    99.869%      0.000            131   [Builtin]:3380
                                                         SUB    503.482      0.000      0.000     0.001%    99.870%      0.000            131   [Builtin]:3635
                                                        CAST    116.308      0.027      0.027     0.001%    99.871%      0.000              1   [Builtin]:376
                                                        CAST    124.546      0.027      0.027     0.001%    99.872%      0.000              1   [Builtin]:385
                                                   SELECT_V2    195.582      0.027      0.027     0.001%    99.873%      0.000              1   [Builtin]:610
                                                   SELECT_V2    277.175      0.027      0.027     0.001%    99.874%      0.000              1   [Builtin]:832
                                                     MAXIMUM    451.385      0.001      0.000     0.001%    99.875%      0.000            131   [Builtin]:3023
                                                     RESHAPE    503.434      0.001      0.000     0.001%    99.876%      0.000            131   [Builtin]:3625
                                                         SUB    525.497      0.000      0.000     0.001%    99.877%      0.000            131   [Builtin]:3820
                                                     MAXIMUM    525.497      0.001      0.000     0.001%    99.878%      0.000            131   [Builtin]:3821
                                                     MAXIMUM    548.438      0.001      0.000     0.001%    99.879%      0.000            131   [Builtin]:4013
                                                         SUB    578.902      0.001      0.000     0.001%    99.880%      0.000            131   [Builtin]:4257
                                                         SUB    600.956      0.000      0.000     0.001%    99.880%      0.000            131   [Builtin]:4442
                                       Delegate/Convert (NC)      0.000      0.005      0.002     0.001%    99.881%      0.000             12   [Delegate]:114
                                                   SELECT_V2     41.799      0.026      0.026     0.001%    99.882%      0.000              1   [Builtin]:155
                                                   SELECT_V2     65.541      0.026      0.026     0.001%    99.883%      0.000              1   [Builtin]:229
                                                   SELECT_V2     89.065      0.026      0.026     0.001%    99.884%      0.000              1   [Builtin]:303
                                    Delegate/Slice (ND, X32)      0.000      0.026      0.026     0.001%    99.885%      0.000              1   [Delegate]:97
                                                   SELECT_V2    149.686      0.026      0.026     0.001%    99.886%      0.000              1   [Builtin]:462
                                                   SELECT_V2    172.720      0.026      0.026     0.001%    99.887%      0.000              1   [Builtin]:536
                                                   SELECT_V2    300.365      0.026      0.026     0.001%    99.888%      0.000              1   [Builtin]:906
                                                   SELECT_V2    323.764      0.026      0.026     0.001%    99.888%      0.000              1   [Builtin]:980
                                                         SUB    443.901      0.000      0.000     0.001%    99.889%      0.000            132   [Builtin]:2125
                                                     RESHAPE    445.736      0.000      0.000     0.001%    99.890%      0.000            132   [Builtin]:2369
                                                         SUB    447.314      0.000      0.000     0.001%    99.891%      0.000            132   [Builtin]:2531
                                                         SUB    448.457      0.001      0.000     0.001%    99.892%      0.000            131   [Builtin]:2688
                                                     RESHAPE    451.915      0.000      0.000     0.001%    99.893%      0.000            131   [Builtin]:3097
                                                     MAXIMUM    452.566      0.000      0.000     0.001%    99.894%      0.000            131   [Builtin]:3193
                                                         SUB    503.433      0.001      0.000     0.001%    99.895%      0.000            131   [Builtin]:3622
                                                     MAXIMUM    510.658      0.000      0.000     0.001%    99.895%      0.000            131   [Builtin]:3689
                                                     MAXIMUM    586.509      0.001      0.000     0.001%    99.896%      0.000            131   [Builtin]:4324
                                                     RESHAPE    586.510      0.000      0.000     0.001%    99.897%      0.000            131   [Builtin]:4325
                                Delegate/Static Reshape (NC)      0.000      0.025      0.025     0.001%    99.898%      0.000              1   [Delegate]:25
                       Delegate/Transpose (ND, X8) Transpose      0.000      0.010      0.002     0.001%    99.899%      0.000             15   [Delegate]:0
                                                     RESHAPE    445.155      0.000      0.000     0.001%    99.900%      0.000            132   [Builtin]:2297
                                                     RESHAPE    503.434      0.000      0.000     0.001%    99.901%      0.000            131   [Builtin]:3624
                                                     MAXIMUM    541.171      0.000      0.000     0.001%    99.901%      0.000            131   [Builtin]:3934
                                                         SUB    555.642      0.000      0.000     0.001%    99.902%      0.000            131   [Builtin]:4078
                                                         ADD    563.174      0.001      0.000     0.001%    99.903%      0.000            131   [Builtin]:4143
                                                     RESHAPE    600.957      0.000      0.000     0.001%    99.904%      0.000            131   [Builtin]:4445
                                                     RESHAPE      0.001      0.024      0.024     0.001%    99.905%      0.000              1   [Builtin]:1
                                           Delegate/Add (ND)      0.000      0.000      0.000     0.001%    99.906%      0.000           4590   [Delegate]:10
                                                     RESHAPE    444.488      0.000      0.000     0.001%    99.906%      0.000            132   [Builtin]:2200
                                                     RESHAPE    445.736      0.001      0.000     0.001%    99.907%      0.000            132   [Builtin]:2370
                                                     MAXIMUM    445.796      0.000      0.000     0.001%    99.908%      0.000            132   [Builtin]:2381
                                                     RESHAPE    463.554      0.000      0.000     0.001%    99.909%      0.000            131   [Builtin]:3313
                                                     RESHAPE    487.985      0.000      0.000     0.001%    99.910%      0.000            131   [Builtin]:3511
                                                     RESHAPE    487.985      0.000      0.000     0.001%    99.911%      0.000            131   [Builtin]:3512
                                                     RESHAPE    510.658      0.000      0.000     0.001%    99.911%      0.000            131   [Builtin]:3691
                                                     RESHAPE    517.998      0.000      0.000     0.001%    99.912%      0.000            131   [Builtin]:3757
                                                     RESHAPE    525.498      0.000      0.000     0.001%    99.913%      0.000            131   [Builtin]:3822
                                                     RESHAPE    578.903      0.000      0.000     0.001%    99.914%      0.000            131   [Builtin]:4259
                                      Delegate/Multiply (ND)      0.000      0.001      0.002     0.001%    99.915%      0.000             14   [Delegate]:84
                                                     MAXIMUM    444.487      0.001      0.000     0.001%    99.915%      0.000            132   [Builtin]:2198
                                                     RESHAPE    444.488      0.000      0.000     0.001%    99.916%      0.000            132   [Builtin]:2199
                                                     RESHAPE    451.326      0.001      0.000     0.001%    99.917%      0.000            131   [Builtin]:3012
                                                         ADD    452.565      0.000      0.000     0.001%    99.918%      0.000            131   [Builtin]:3191
                                                     RESHAPE    480.136      0.000      0.000     0.001%    99.918%      0.000            131   [Builtin]:3458
                                                     RESHAPE    503.482      0.000      0.000     0.001%    99.919%      0.000            131   [Builtin]:3637
                                                     RESHAPE    593.653      0.000      0.000     0.001%    99.920%      0.000            131   [Builtin]:4378
                                                        CAST     18.103      0.022      0.022     0.001%    99.921%      0.000              1   [Builtin]:78
                                      Delegate/Multiply (ND)      0.000      0.022      0.022     0.001%    99.922%      0.000              1   [Delegate]:99
                                                     RESHAPE    445.094      0.001      0.000     0.001%    99.922%      0.000            132   [Builtin]:2285
                                                     RESHAPE    447.248      0.000      0.000     0.001%    99.923%      0.000            132   [Builtin]:2521
                                                     MAXIMUM    449.056      0.001      0.000     0.001%    99.924%      0.000            131   [Builtin]:2774
                                                     RESHAPE    450.695      0.000      0.000     0.001%    99.925%      0.000            131   [Builtin]:2926
                                                     RESHAPE    451.326      0.000      0.000     0.001%    99.925%      0.000            131   [Builtin]:3011
                                                     RESHAPE    555.595      0.001      0.000     0.001%    99.926%      0.000            131   [Builtin]:4068
                                                     MAXIMUM    593.700      0.000      0.000     0.001%    99.927%      0.000            131   [Builtin]:4390
                                                         SUB    449.115      0.000      0.000     0.001%    99.927%      0.000            131   [Builtin]:2786
                                                     MAXIMUM    473.144      0.000      0.000     0.001%    99.928%      0.000            131   [Builtin]:3391
                                                     RESHAPE    480.077      0.000      0.000     0.001%    99.929%      0.000            131   [Builtin]:3445
                                                         SUB    480.136      0.000      0.000     0.001%    99.930%      0.000            131   [Builtin]:3456
                                                     RESHAPE    510.658      0.000      0.000     0.001%    99.930%      0.000            131   [Builtin]:3690
                                                     MAXIMUM    541.218      0.000      0.000     0.001%    99.931%      0.000            131   [Builtin]:3947
                                                     RESHAPE    548.391      0.000      0.000     0.001%    99.932%      0.000            131   [Builtin]:4001
                                                     RESHAPE    586.462      0.000      0.000     0.001%    99.932%      0.000            131   [Builtin]:4312
                                                       SLICE    147.483      0.020      0.020     0.001%    99.933%      0.000              1   [Builtin]:1613
                                                       SLICE    274.957      0.020      0.020     0.001%    99.934%      0.000              1   [Builtin]:2054
                                                     RESHAPE    447.861      0.000      0.000     0.001%    99.934%      0.000            131   [Builtin]:2606
                                                     RESHAPE    449.057      0.000      0.000     0.001%    99.935%      0.000            131   [Builtin]:2776
                                      Delegate/Multiply (ND)      0.000      0.019      0.001     0.001%    99.936%      0.000             15   [Delegate]:5
                                      Delegate/Multiply (ND)      0.000      0.001      0.001     0.001%    99.936%      0.000             13   [Delegate]:90
                                     Delegate/Copy (NC, X32)      0.000      0.019      0.019     0.001%    99.937%      0.000              1   [Delegate]:104
                                                       SLICE    298.128      0.019      0.019     0.001%    99.938%      0.000              1   [Builtin]:2146
                                                       SLICE    321.547      0.019      0.019     0.001%    99.938%      0.000              1   [Builtin]:2238
                                                     RESHAPE    451.974      0.000      0.000     0.001%    99.939%      0.000            131   [Builtin]:3109
                                                     RESHAPE    510.706      0.000      0.000     0.001%    99.940%      0.000            131   [Builtin]:3703
                                      Delegate/Multiply (ND)      0.000      0.001      0.001     0.001%    99.940%      0.000             13   [Delegate]:83
                                                       SLICE     86.861      0.018      0.018     0.001%    99.941%      0.000              1   [Builtin]:1448
                      Delegate/Transpose (ND, X32) Transpose      0.000      0.018      0.018     0.001%    99.941%      0.000              1   [Delegate]:116
                                                       SLICE    193.349      0.018      0.018     0.001%    99.942%      0.000              1   [Builtin]:1797
                                                     RESHAPE    452.508      0.000      0.000     0.001%    99.943%      0.000            131   [Builtin]:3182
                                                     MAXIMUM    563.128      0.000      0.000     0.001%    99.943%      0.000            131   [Builtin]:4132
                                                     RESHAPE    563.175      0.000      0.000     0.001%    99.944%      0.000            131   [Builtin]:4146
                                                     RESHAPE    578.855      0.000      0.000     0.001%    99.945%      0.000            131   [Builtin]:4246
                                      Delegate/Multiply (ND)      0.000      0.001      0.001     0.001%    99.945%      0.000             13   [Delegate]:91
                                                       SLICE     39.602      0.017      0.017     0.001%    99.946%      0.000              1   [Builtin]:1264
                                                       SLICE     63.329      0.017      0.017     0.001%    99.946%      0.000              1   [Builtin]:1356
                                                       SLICE    170.551      0.017      0.017     0.001%    99.947%      0.000              1   [Builtin]:1705
                                                       SLICE    216.248      0.017      0.017     0.001%    99.947%      0.000              1   [Builtin]:1889
                                                     RESHAPE    445.094      0.000      0.000     0.001%    99.948%      0.000            132   [Builtin]:2284
                                                     RESHAPE    447.919      0.001      0.000     0.001%    99.949%      0.000            131   [Builtin]:2618
                                                     RESHAPE    450.696      0.000      0.000     0.001%    99.949%      0.000            131   [Builtin]:2927
                                                       SLICE     15.849      0.016      0.016     0.001%    99.950%      0.000              1   [Builtin]:1172
                                          Delegate/Sine (NC)      0.000      0.016      0.016     0.001%    99.950%      0.000              1   [Delegate]:94
                                        Delegate/Cosine (NC)      0.000      0.016      0.016     0.001%    99.951%      0.000              1   [Delegate]:95
                                                       SLICE    345.013      0.016      0.016     0.001%    99.951%      0.000              1   [Builtin]:2330
                                                     RESHAPE    443.887      0.001      0.000     0.001%    99.952%      0.000            132   [Builtin]:64
                                                     RESHAPE    451.386      0.000      0.000     0.001%    99.952%      0.000            131   [Builtin]:3024
                                                     RESHAPE    463.620      0.000      0.000     0.001%    99.953%      0.000            131   [Builtin]:3326
                                                     RESHAPE    548.391      0.000      0.000     0.001%    99.953%      0.000            131   [Builtin]:4002
                                                     RESHAPE    601.003      0.000      0.000     0.001%    99.954%      0.000            131   [Builtin]:4457
                                      Delegate/Multiply (ND)      0.000      0.014      0.001     0.001%    99.955%      0.000             15   [Delegate]:30
                             Delegate/Normalize (ND) Reduce2      0.000      0.001      0.001     0.001%    99.955%      0.000             13   [Delegate]:78
                                        DYNAMIC_UPDATE_SLICE    109.235      0.015      0.015     0.001%    99.956%      0.000              1   [Builtin]:1519
                                        DYNAMIC_UPDATE_SLICE    363.448      0.015      0.015     0.001%    99.956%      0.000              1   [Builtin]:2393
                                                     RESHAPE    446.530      0.000      0.000     0.001%    99.957%      0.000            132   [Builtin]:346
                                                     MAXIMUM    447.919      0.000      0.000     0.001%    99.957%      0.000            131   [Builtin]:2617
                                                     RESHAPE    448.458      0.001      0.000     0.001%    99.958%      0.000            131   [Builtin]:2691
                                                     MAXIMUM    488.033      0.000      0.000     0.001%    99.958%      0.000            131   [Builtin]:3523
                                                     RESHAPE    525.545      0.000      0.000     0.001%    99.959%      0.000            131   [Builtin]:3835
                                                     MAXIMUM    586.462      0.000      0.000     0.001%    99.959%      0.000            131   [Builtin]:4311
                                      Delegate/Multiply (ND)      0.000      0.001      0.005     0.000%    99.960%      0.000              3   [Delegate]:6
                                       Delegate/Convert (NC)      0.000      0.001      0.001     0.000%    99.960%      0.000             14   [Delegate]:42
                             Delegate/Normalize (ND) Reduce2      0.000      0.001      0.001     0.000%    99.961%      0.000             13   [Delegate]:85
                                    Delegate/Slice (ND, X32)      0.000      0.001      0.001     0.000%    99.961%      0.000             12   [Delegate]:101
                                    Delegate/Slice (ND, X32)      0.000      0.014      0.014     0.000%    99.961%      0.000              1   [Delegate]:96
                                        DYNAMIC_UPDATE_SLICE    237.347      0.014      0.014     0.000%    99.962%      0.000              1   [Builtin]:1960
                                           Delegate/Add (ND)      0.000      0.000      0.000     0.000%    99.962%      0.000           4590   [Delegate]:33
                                                     MAXIMUM    447.314      0.001      0.000     0.000%    99.963%      0.000            132   [Builtin]:2532
                                                     RESHAPE    448.517      0.000      0.000     0.000%    99.963%      0.000            131   [Builtin]:2703
                                                     RESHAPE    449.115      0.001      0.000     0.000%    99.964%      0.000            131   [Builtin]:2788
                                                         SUB    450.763      0.000      0.000     0.000%    99.964%      0.000            131   [Builtin]:2937
                                                     RESHAPE    473.145      0.000      0.000     0.000%    99.965%      0.000            131   [Builtin]:3392
                                                     RESHAPE    517.998      0.000      0.000     0.000%    99.965%      0.000            131   [Builtin]:3756
                                      Delegate/Multiply (ND)      0.000      0.000      0.001     0.000%    99.966%      0.000             12   [Delegate]:106
                                     Delegate/Copy (NC, X32)      0.000      0.001      0.001     0.000%    99.966%      0.000             12   [Delegate]:109
                                       Delegate/Convert (NC)      0.000      0.001      0.001     0.000%    99.967%      0.000             12   [Delegate]:115
                                                     RESHAPE    443.801      0.000      0.000     0.000%    99.967%      0.000            132   [Builtin]:59
                                       Delegate/Convert (NC)      0.000      0.000      0.000     0.000%    99.967%      0.000           4590   [Delegate]:36
                                                     RESHAPE    555.595      0.000      0.000     0.000%    99.968%      0.000            131   [Builtin]:4067
                                Delegate/Static Reshape (NC)      0.000      0.012      0.012     0.000%    99.968%      0.000              1   [Delegate]:23
                                                        LESS     10.390      0.012      0.012     0.000%    99.969%      0.000              1   [Builtin]:64
                                      Delegate/Multiply (ND)      0.000      0.001      0.001     0.000%    99.969%      0.000             12   [Delegate]:103
                                      Delegate/Subtract (ND)      0.000      0.012      0.012     0.000%    99.970%      0.000              1   [Delegate]:100
                                       Delegate/Convert (NC)      0.000      0.000      0.000     0.000%    99.970%      0.000           4590   [Delegate]:3
                             Delegate/Normalize (ND) Reduce2      0.000      0.000      0.000     0.000%    99.970%      0.000           4590   [Delegate]:4
                                                     RESHAPE    548.439      0.000      0.000     0.000%    99.971%      0.000            131   [Builtin]:4014
                                                     RESHAPE    563.128      0.000      0.000     0.000%    99.971%      0.000            131   [Builtin]:4134
                                                     MAXIMUM    563.175      0.000      0.000     0.000%    99.972%      0.000            131   [Builtin]:4145
                                      Delegate/Multiply (ND)      0.000      0.011      0.011     0.000%    99.972%      0.000              1   [Delegate]:23
                      Delegate/Transpose (ND, X32) Transpose      0.000      0.011      0.011     0.000%    99.972%      0.000              1   [Delegate]:24
                                      Delegate/Multiply (ND)      0.000      0.001      0.001     0.000%    99.973%      0.000             12   [Delegate]:104
                                      Delegate/Multiply (ND)      0.000      0.001      0.001     0.000%    99.973%      0.000             13   [Delegate]:107
                                      Delegate/Multiply (ND)      0.000      0.011      0.011     0.000%    99.973%      0.000              1   [Delegate]:102
                                      Delegate/Multiply (ND)      0.000      0.000      0.000     0.000%    99.974%      0.000           1839   [Delegate]:71
                                                     RESHAPE    452.566      0.000      0.000     0.000%    99.974%      0.000            131   [Builtin]:3194
                                      Delegate/Multiply (ND)      0.000      0.010      0.010     0.000%    99.975%      0.000              1   [Delegate]:37
                                        Delegate/Cosine (NC)      0.000      0.010      0.010     0.000%    99.975%      0.000              1   [Delegate]:3
                                    Delegate/Slice (ND, X32)      0.000      0.001      0.001     0.000%    99.975%      0.000             12   [Delegate]:102
                                      Delegate/Multiply (ND)      0.000      0.010      0.010     0.000%    99.976%      0.000              1   [Delegate]:101
                                                       SLICE    166.851      0.010      0.010     0.000%    99.976%      0.000              1   [Builtin]:1692
                             Delegate/Normalize (ND) Reduce2      0.000      0.000      0.000     0.000%    99.976%      0.000           4590   [Delegate]:50
                                                     RESHAPE    555.642      0.000      0.000     0.000%    99.977%      0.000            131   [Builtin]:4080
                             Delegate/Normalize (ND) Reduce2      0.000      0.009      0.009     0.000%    99.977%      0.000              1   [Delegate]:17
                                      Delegate/Multiply (ND)      0.000      0.009      0.009     0.000%    99.977%      0.000              1   [Delegate]:22
                                     Delegate/Copy (NC, X32)      0.000      0.009      0.009     0.000%    99.977%      0.000              1   [Delegate]:12
                                                       SLICE     59.728      0.009      0.009     0.000%    99.978%      0.000              1   [Builtin]:1343
                                           Delegate/Add (ND)      0.000      0.009      0.009     0.000%    99.978%      0.000              1   [Delegate]:103
                                                       SLICE    143.698      0.009      0.009     0.000%    99.978%      0.000              1   [Builtin]:1600
                                                       SLICE    212.652      0.009      0.009     0.000%    99.979%      0.000              1   [Builtin]:1876
                                                       SLICE    271.285      0.009      0.009     0.000%    99.979%      0.000              1   [Builtin]:2041
                                                       SLICE    294.524      0.009      0.009     0.000%    99.979%      0.000              1   [Builtin]:2133
                                                       SLICE    317.882      0.009      0.009     0.000%    99.980%      0.000              1   [Builtin]:2225
                                                       SLICE    341.413      0.009      0.009     0.000%    99.980%      0.000              1   [Builtin]:2317
                                                     RESHAPE    488.033      0.000      0.000     0.000%    99.980%      0.000            131   [Builtin]:3524
                                                     RESHAPE    541.218      0.000      0.000     0.000%    99.981%      0.000            131   [Builtin]:3948
                                                     RESHAPE    593.700      0.000      0.000     0.000%    99.981%      0.000            131   [Builtin]:4391
                                          Delegate/Sine (NC)      0.000      0.008      0.008     0.000%    99.981%      0.000              1   [Delegate]:2
                                Delegate/Static Reshape (NC)      0.000      0.008      0.008     0.000%    99.981%      0.000              1   [Delegate]:22
                                        DYNAMIC_UPDATE_SLICE     10.345      0.008      0.008     0.000%    99.982%      0.000              1   [Builtin]:1151
                                                       SLICE     10.551      0.008      0.008     0.000%    99.982%      0.000              1   [Builtin]:1159
                                        DYNAMIC_UPDATE_SLICE     36.030      0.008      0.008     0.000%    99.982%      0.000              1   [Builtin]:1243
                                                       SLICE     36.052      0.008      0.008     0.000%    99.982%      0.000              1   [Builtin]:1251
                                        DYNAMIC_UPDATE_SLICE     59.709      0.008      0.008     0.000%    99.983%      0.000              1   [Builtin]:1335
                                        DYNAMIC_UPDATE_SLICE     83.290      0.008      0.008     0.000%    99.983%      0.000              1   [Builtin]:1427
                                                       SLICE     83.305      0.008      0.008     0.000%    99.983%      0.000              1   [Builtin]:1435
                                        DYNAMIC_UPDATE_SLICE    143.679      0.008      0.008     0.000%    99.984%      0.000              1   [Builtin]:1592
                                        DYNAMIC_UPDATE_SLICE    166.836      0.008      0.008     0.000%    99.984%      0.000              1   [Builtin]:1684
                                        DYNAMIC_UPDATE_SLICE    189.727      0.008      0.008     0.000%    99.984%      0.000              1   [Builtin]:1776
                                                       SLICE    189.743      0.008      0.008     0.000%    99.984%      0.000              1   [Builtin]:1784
                                        DYNAMIC_UPDATE_SLICE    212.637      0.008      0.008     0.000%    99.985%      0.000              1   [Builtin]:1868
                                        DYNAMIC_UPDATE_SLICE    237.333      0.008      0.008     0.000%    99.985%      0.000              1   [Builtin]:1958
                                        DYNAMIC_UPDATE_SLICE    271.268      0.008      0.008     0.000%    99.985%      0.000              1   [Builtin]:2033
                                        DYNAMIC_UPDATE_SLICE    294.509      0.008      0.008     0.000%    99.985%      0.000              1   [Builtin]:2125
                                        DYNAMIC_UPDATE_SLICE    341.398      0.008      0.008     0.000%    99.986%      0.000              1   [Builtin]:2309
                                      Delegate/Multiply (ND)      0.000      0.000      0.000     0.000%    99.986%      0.000           4722   [Delegate]:15
                                Delegate/Static Reshape (NC)      0.000      0.000      0.000     0.000%    99.986%      0.000           6693   [Delegate]:0
                                       Delegate/Convert (NC)      0.000      0.007      0.007     0.000%    99.987%      0.000              1   [Delegate]:7
                                    Delegate/Slice (ND, X32)      0.000      0.007      0.007     0.000%    99.987%      0.000              1   [Delegate]:4
                                        DYNAMIC_UPDATE_SLICE    317.867      0.007      0.007     0.000%    99.987%      0.000              1   [Builtin]:2217
                                       Delegate/Convert (NC)      0.000      0.000      0.000     0.000%    99.987%      0.000           4590   [Delegate]:17
                                      Delegate/Multiply (ND)      0.000      0.000      0.000     0.000%    99.987%      0.000           4590   [Delegate]:46
                                      Delegate/Multiply (ND)      0.000      0.000      0.000     0.000%    99.988%      0.000           1839   [Delegate]:67
                                      Delegate/Subtract (ND)      0.000      0.000      0.000     0.000%    99.988%      0.000           1707   [Delegate]:89
                                    Delegate/Slice (ND, X32)      0.000      0.006      0.006     0.000%    99.988%      0.000              1   [Delegate]:5
                             Delegate/Reduce Max (ND) Reduce      0.000      0.003      0.003     0.000%    99.988%      0.000              2   [Delegate]:0
                                      Delegate/Multiply (ND)      0.000      0.005      0.005     0.000%    99.989%      0.000              1   [Delegate]:7
                                                         ADD     10.536      0.005      0.005     0.000%    99.989%      0.000              1   [Builtin]:1153
                                           Delegate/Add (ND)      0.000      0.000      0.000     0.000%    99.989%      0.000             14   [Delegate]:47
                                        DYNAMIC_UPDATE_SLICE     59.700      0.005      0.005     0.000%    99.989%      0.000              1   [Builtin]:1333
                                       Delegate/Convert (NC)      0.000      0.005      0.005     0.000%    99.989%      0.000              1   [Delegate]:118
                                        DYNAMIC_UPDATE_SLICE    109.225      0.005      0.005     0.000%    99.989%      0.000              1   [Builtin]:1517
                                        DYNAMIC_UPDATE_SLICE    271.259      0.005      0.005     0.000%    99.990%      0.000              1   [Builtin]:2031
                                        DYNAMIC_UPDATE_SLICE    294.500      0.005      0.005     0.000%    99.990%      0.000              1   [Builtin]:2123
                                        DYNAMIC_UPDATE_SLICE    317.858      0.005      0.005     0.000%    99.990%      0.000              1   [Builtin]:2215
                                      Delegate/Multiply (ND)      0.000      0.005      0.005     0.000%    99.990%      0.000              1   [Delegate]:85
                                        DYNAMIC_UPDATE_SLICE    363.438      0.005      0.005     0.000%    99.990%      0.000              1   [Builtin]:2391
                                       Delegate/Convert (NC)      0.000      0.004      0.004     0.000%    99.990%      0.000              1   [Delegate]:16
                                      Delegate/Subtract (ND)      0.000      0.004      0.004     0.000%    99.990%      0.000              1   [Delegate]:8
                                                       SLICE     10.531      0.004      0.004     0.000%    99.991%      0.000              1   [Builtin]:1152
                                      Delegate/Subtract (ND)      0.000      0.000      0.000     0.000%    99.991%      0.000             12   [Delegate]:105
                                        DYNAMIC_UPDATE_SLICE     36.022      0.004      0.004     0.000%    99.991%      0.000              1   [Builtin]:1241
                                        DYNAMIC_UPDATE_SLICE     83.281      0.004      0.004     0.000%    99.991%      0.000              1   [Builtin]:1425
                                        DYNAMIC_UPDATE_SLICE    143.671      0.004      0.004     0.000%    99.991%      0.000              1   [Builtin]:1590
                                        DYNAMIC_UPDATE_SLICE    166.828      0.004      0.004     0.000%    99.991%      0.000              1   [Builtin]:1682
                                        DYNAMIC_UPDATE_SLICE    189.720      0.004      0.004     0.000%    99.991%      0.000              1   [Builtin]:1774
                                        DYNAMIC_UPDATE_SLICE    212.629      0.004      0.004     0.000%    99.992%      0.000              1   [Builtin]:1866
                                        DYNAMIC_UPDATE_SLICE    341.390      0.004      0.004     0.000%    99.992%      0.000              1   [Builtin]:2307
                                      Delegate/Multiply (ND)      0.000      0.000      0.000     0.000%    99.992%      0.000           4590   [Delegate]:55
                        Delegate/Reciprocal Square Root (NC)      0.000      0.003      0.003     0.000%    99.992%      0.000              1   [Delegate]:9
                                      Delegate/Multiply (ND)      0.000      0.003      0.003     0.000%    99.992%      0.000              1   [Delegate]:36
                                        DYNAMIC_UPDATE_SLICE     10.329      0.003      0.003     0.000%    99.992%      0.000              1   [Builtin]:1149
                                                         SUB     10.542      0.003      0.003     0.000%    99.992%      0.000              1   [Builtin]:1154
                                           Delegate/Add (ND)      0.000      0.000      0.000     0.000%    99.992%      0.000             12   [Delegate]:108
                                                       SLICE     36.038      0.003      0.003     0.000%    99.992%      0.000              1   [Builtin]:1244
                                               CONCATENATION     36.049      0.003      0.003     0.000%    99.993%      0.000              1   [Builtin]:1250
                                    Delegate/Slice (ND, X32)      0.000      0.003      0.003     0.000%    99.993%      0.000              1   [Delegate]:105
                                       Delegate/Convert (NC)      0.000      0.003      0.003     0.000%    99.993%      0.000              1   [Delegate]:119
                                                       SLICE    143.687      0.003      0.003     0.000%    99.993%      0.000              1   [Builtin]:1593
                                      Delegate/Multiply (ND)      0.000      0.003      0.003     0.000%    99.993%      0.000              1   [Delegate]:81
                                       Delegate/Convert (NC)      0.000      0.003      0.003     0.000%    99.993%      0.000              1   [Delegate]:93
                                       Delegate/Convert (NC)      0.000      0.002      0.002     0.000%    99.993%      0.000              1   [Delegate]:13
                                                     RESHAPE     10.139      0.002      0.002     0.000%    99.993%      0.000              1   [Builtin]:26
                                                        CAST     10.142      0.002      0.002     0.000%    99.993%      0.000              1   [Builtin]:27
                                    Delegate/Slice (ND, X32)      0.000      0.002      0.002     0.000%    99.993%      0.000              1   [Delegate]:13
                                                     MAXIMUM     10.546      0.002      0.002     0.000%    99.993%      0.000              1   [Builtin]:1155
                                               CONCATENATION     10.549      0.002      0.002     0.000%    99.993%      0.000              1   [Builtin]:1158
                                                        PACK     13.080      0.002      0.002     0.000%    99.994%      0.000              1   [Builtin]:1162
                                                       SLICE     15.753      0.002      0.002     0.000%    99.994%      0.000              1   [Builtin]:1165
                                                   NOT_EQUAL     18.131      0.002      0.002     0.000%    99.994%      0.000              1   [Builtin]:80
                                                         ADD     36.042      0.002      0.002     0.000%    99.994%      0.000              1   [Builtin]:1245
                                                         SUB     36.044      0.002      0.002     0.000%    99.994%      0.000              1   [Builtin]:1246
                                                     MAXIMUM     36.046      0.002      0.002     0.000%    99.994%      0.000              1   [Builtin]:1247
                                                        PACK     38.224      0.002      0.002     0.000%    99.994%      0.000              1   [Builtin]:1254
                                                       SLICE     59.718      0.002      0.002     0.000%    99.994%      0.000              1   [Builtin]:1336
                                                         ADD     59.720      0.002      0.002     0.000%    99.994%      0.000              1   [Builtin]:1337
                                               CONCATENATION     59.726      0.002      0.002     0.000%    99.994%      0.000              1   [Builtin]:1342
                                                       SLICE     63.200      0.002      0.002     0.000%    99.994%      0.000              1   [Builtin]:1349
                                                        PACK     85.467      0.002      0.002     0.000%    99.994%      0.000              1   [Builtin]:1438
                                                       SLICE     86.722      0.002      0.002     0.000%    99.994%      0.000              1   [Builtin]:1441
                                      Delegate/Multiply (ND)      0.000      0.002      0.002     0.000%    99.994%      0.000              1   [Delegate]:108
                                     Delegate/Copy (NC, X32)      0.000      0.002      0.002     0.000%    99.994%      0.000              1   [Delegate]:113
                                                   NOT_EQUAL    124.580      0.002      0.002     0.000%    99.995%      0.000              1   [Builtin]:387
                                                         ADD    143.690      0.002      0.002     0.000%    99.995%      0.000              1   [Builtin]:1594
                                               CONCATENATION    143.696      0.002      0.002     0.000%    99.995%      0.000              1   [Builtin]:1599
                                                       SLICE    147.332      0.002      0.002     0.000%    99.995%      0.000              1   [Builtin]:1606
                                                        PACK    169.137      0.002      0.002     0.000%    99.995%      0.000              1   [Builtin]:1695
                                                       SLICE    170.420      0.002      0.002     0.000%    99.995%      0.000              1   [Builtin]:1698
                                                       SLICE    189.735      0.002      0.002     0.000%    99.995%      0.000              1   [Builtin]:1777
                                                        PACK    191.908      0.002      0.002     0.000%    99.995%      0.000              1   [Builtin]:1787
                                                       SLICE    193.197      0.002      0.002     0.000%    99.995%      0.000              1   [Builtin]:1790
                                                         ADD    212.646      0.002      0.002     0.000%    99.995%      0.000              1   [Builtin]:1870
                                                         ADD    216.116      0.002      0.002     0.000%    99.995%      0.000              1   [Builtin]:1883
                                                       SLICE    271.276      0.002      0.002     0.000%    99.995%      0.000              1   [Builtin]:2034
                                               CONCATENATION    271.283      0.002      0.002     0.000%    99.995%      0.000              1   [Builtin]:2040
                                                       SLICE    274.812      0.002      0.002     0.000%    99.995%      0.000              1   [Builtin]:2047
                                                       SLICE    298.003      0.002      0.002     0.000%    99.995%      0.000              1   [Builtin]:2139
                                                       SLICE    341.406      0.002      0.002     0.000%    99.996%      0.000              1   [Builtin]:2310
                                      Delegate/Multiply (ND)      0.000      0.002      0.002     0.000%    99.996%      0.000              1   [Delegate]:73
                                      Delegate/Multiply (ND)      0.000      0.002      0.002     0.000%    99.996%      0.000              1   [Delegate]:74
                                      Delegate/Multiply (ND)      0.000      0.002      0.002     0.000%    99.996%      0.000              1   [Delegate]:80
                                     Delegate/Copy (NC, X32)      0.000      0.002      0.002     0.000%    99.996%      0.000              1   [Delegate]:90
                                       Delegate/Convert (NC)      0.000      0.002      0.002     0.000%    99.996%      0.000              1   [Delegate]:94
                                     Delegate/Copy (NC, X32)      0.000      0.002      0.000     0.000%    99.996%      0.000            132   [Delegate]:12
                                      Delegate/Multiply (ND)      0.000      0.000      0.000     0.000%    99.996%      0.000           4590   [Delegate]:32
                                                     RESHAPE      0.000      0.001      0.001     0.000%    99.996%      0.000              1   [Builtin]:0
                             Delegate/Normalize (ND) Reduce2      0.000      0.001      0.001     0.000%    99.996%      0.000              1   [Delegate]:24
                                      Delegate/Multiply (ND)      0.000      0.001      0.001     0.000%    99.996%      0.000              1   [Delegate]:29
                             Delegate/Normalize (ND) Reduce2      0.000      0.001      0.001     0.000%    99.996%      0.000              1   [Delegate]:31
                                      Delegate/Multiply (ND)      0.000      0.001      0.001     0.000%    99.996%      0.000              1   [Delegate]:15
                                      Delegate/Multiply (ND)      0.000      0.001      0.001     0.000%    99.996%      0.000              1   [Delegate]:16
                                      Delegate/Multiply (ND)      0.000      0.001      0.001     0.000%    99.996%      0.000              1   [Delegate]:19
                                     Delegate/Copy (NC, X32)      0.000      0.001      0.001     0.000%    99.996%      0.000              1   [Delegate]:21
                                                        CAST     10.313      0.001      0.001     0.000%    99.996%      0.000              1   [Builtin]:54
                                       Delegate/Convert (NC)      0.000      0.001      0.001     0.000%    99.996%      0.000              1   [Delegate]:0
                                                     RESHAPE     10.548      0.001      0.001     0.000%    99.996%      0.000              1   [Builtin]:1157
                                                     RESHAPE     13.584      0.001      0.001     0.000%    99.996%      0.000              1   [Builtin]:68
                                                     RESHAPE     14.747      0.001      0.001     0.000%    99.996%      0.000              1   [Builtin]:72
                                                         ADD     15.755      0.001      0.001     0.000%    99.997%      0.000              1   [Builtin]:1166
                                                         SUB     15.757      0.001      0.001     0.000%    99.997%      0.000              1   [Builtin]:1167
                                                     MAXIMUM     15.758      0.001      0.001     0.000%    99.997%      0.000              1   [Builtin]:1168
                                               CONCATENATION     15.759      0.001      0.001     0.000%    99.997%      0.000              1   [Builtin]:1170
                                      Delegate/Multiply (ND)      0.000      0.000      0.000     0.000%    99.997%      0.000             14   [Delegate]:46
                                                     RESHAPE     36.048      0.001      0.001     0.000%    99.997%      0.000              1   [Builtin]:1248
                                                       SLICE     39.485      0.001      0.001     0.000%    99.997%      0.000              1   [Builtin]:1257
                                                     MAXIMUM     39.488      0.001      0.001     0.000%    99.997%      0.000              1   [Builtin]:1260
                                                     RESHAPE     39.489      0.001      0.001     0.000%    99.997%      0.000              1   [Builtin]:1261
                                               CONCATENATION     39.490      0.001      0.001     0.000%    99.997%      0.000              1   [Builtin]:1262
                                                     MAXIMUM     59.724      0.001      0.001     0.000%    99.997%      0.000              1   [Builtin]:1339
                                                     RESHAPE     59.725      0.001      0.001     0.000%    99.997%      0.000              1   [Builtin]:1341
                                                        PACK     61.896      0.001      0.001     0.000%    99.997%      0.000              1   [Builtin]:1346
                                                         ADD     63.202      0.001      0.001     0.000%    99.997%      0.000              1   [Builtin]:1350
                                                     MAXIMUM     63.204      0.001      0.001     0.000%    99.997%      0.000              1   [Builtin]:1352
                                                       SLICE     83.298      0.001      0.001     0.000%    99.997%      0.000              1   [Builtin]:1428
                                                         ADD     83.299      0.001      0.001     0.000%    99.997%      0.000              1   [Builtin]:1429
                                                         SUB     83.300      0.001      0.001     0.000%    99.997%      0.000              1   [Builtin]:1430
                                                     RESHAPE     83.303      0.001      0.001     0.000%    99.997%      0.000              1   [Builtin]:1433
                                               CONCATENATION     83.304      0.001      0.001     0.000%    99.997%      0.000              1   [Builtin]:1434
                                                         ADD     86.724      0.001      0.001     0.000%    99.997%      0.000              1   [Builtin]:1442
                                                     RESHAPE     86.726      0.001      0.001     0.000%    99.997%      0.000              1   [Builtin]:1445
                                               CONCATENATION     86.727      0.001      0.001     0.000%    99.997%      0.000              1   [Builtin]:1446
                                      Delegate/Multiply (ND)      0.000      0.001      0.001     0.000%    99.997%      0.000              1   [Delegate]:92
                                Delegate/Static Reshape (NC)      0.000      0.001      0.001     0.000%    99.997%      0.000              1   [Delegate]:93
                                    Delegate/Slice (ND, X32)      0.000      0.001      0.001     0.000%    99.997%      0.000              1   [Delegate]:106
                                      Delegate/Subtract (ND)      0.000      0.001      0.001     0.000%    99.997%      0.000              1   [Delegate]:109
                                      Delegate/Multiply (ND)      0.000      0.001      0.001     0.000%    99.997%      0.000              1   [Delegate]:110
                                      Delegate/Multiply (ND)      0.000      0.001      0.001     0.000%    99.997%      0.000              1   [Delegate]:111
                                           Delegate/Add (ND)      0.000      0.001      0.001     0.000%    99.997%      0.000              1   [Delegate]:112
                                                         SUB    143.692      0.001      0.001     0.000%    99.998%      0.000              1   [Builtin]:1595
                                                     MAXIMUM    143.694      0.001      0.001     0.000%    99.998%      0.000              1   [Builtin]:1596
                                                        PACK    145.956      0.001      0.001     0.000%    99.998%      0.000              1   [Builtin]:1603
                                                         ADD    147.334      0.001      0.001     0.000%    99.998%      0.000              1   [Builtin]:1607
                                                     MAXIMUM    147.336      0.001      0.001     0.000%    99.998%      0.000              1   [Builtin]:1609
                                                     RESHAPE    147.337      0.001      0.001     0.000%    99.998%      0.000              1   [Builtin]:1610
                                                       SLICE    166.844      0.001      0.001     0.000%    99.998%      0.000              1   [Builtin]:1685
                                                         ADD    166.846      0.001      0.001     0.000%    99.998%      0.000              1   [Builtin]:1686
                                                         SUB    166.847      0.001      0.001     0.000%    99.998%      0.000              1   [Builtin]:1687
                                                     MAXIMUM    166.848      0.001      0.001     0.000%    99.998%      0.000              1   [Builtin]:1688
                                                     RESHAPE    166.849      0.001      0.001     0.000%    99.998%      0.000              1   [Builtin]:1690
                                               CONCATENATION    166.850      0.001      0.001     0.000%    99.998%      0.000              1   [Builtin]:1691
                                                         ADD    170.422      0.001      0.001     0.000%    99.998%      0.000              1   [Builtin]:1699
                                                         SUB    170.423      0.001      0.001     0.000%    99.998%      0.000              1   [Builtin]:1700
                                                     MAXIMUM    170.424      0.001      0.001     0.000%    99.998%      0.000              1   [Builtin]:1701
                                               CONCATENATION    170.425      0.001      0.001     0.000%    99.998%      0.000              1   [Builtin]:1703
                                                         ADD    189.737      0.001      0.001     0.000%    99.998%      0.000              1   [Builtin]:1778
                                               CONCATENATION    189.741      0.001      0.001     0.000%    99.998%      0.000              1   [Builtin]:1783
                                                         ADD    193.199      0.001      0.001     0.000%    99.998%      0.000              1   [Builtin]:1791
                                                         SUB    193.200      0.001      0.001     0.000%    99.998%      0.000              1   [Builtin]:1792
                                               CONCATENATION    193.202      0.001      0.001     0.000%    99.998%      0.000              1   [Builtin]:1795
                                                       SLICE    212.645      0.001      0.001     0.000%    99.998%      0.000              1   [Builtin]:1869
                                                     MAXIMUM    212.649      0.001      0.001     0.000%    99.998%      0.000              1   [Builtin]:1872
                                               CONCATENATION    212.651      0.001      0.001     0.000%    99.998%      0.000              1   [Builtin]:1875
                                                       SLICE    216.115      0.001      0.001     0.000%    99.998%      0.000              1   [Builtin]:1882
                                                     RESHAPE    216.119      0.001      0.001     0.000%    99.998%      0.000              1   [Builtin]:1886
                                                         ADD    271.279      0.001      0.001     0.000%    99.998%      0.000              1   [Builtin]:2035
                                                         SUB    271.280      0.001      0.001     0.000%    99.998%      0.000              1   [Builtin]:2036
                                                     MAXIMUM    271.281      0.001      0.001     0.000%    99.998%      0.000              1   [Builtin]:2037
                                                     RESHAPE    271.282      0.001      0.001     0.000%    99.999%      0.000              1   [Builtin]:2038
                                                        PACK    273.460      0.001      0.001     0.000%    99.999%      0.000              1   [Builtin]:2044
                                                         ADD    274.814      0.001      0.001     0.000%    99.999%      0.000              1   [Builtin]:2048
                                                         SUB    274.815      0.001      0.001     0.000%    99.999%      0.000              1   [Builtin]:2049
                                                     MAXIMUM    274.816      0.001      0.001     0.000%    99.999%      0.000              1   [Builtin]:2050
                                               CONCATENATION    274.817      0.001      0.001     0.000%    99.999%      0.000              1   [Builtin]:2052
                                                       SLICE    294.517      0.001      0.001     0.000%    99.999%      0.000              1   [Builtin]:2126
                                                         SUB    294.520      0.001      0.001     0.000%    99.999%      0.000              1   [Builtin]:2128
                                                     MAXIMUM    294.521      0.001      0.001     0.000%    99.999%      0.000              1   [Builtin]:2129
                                               CONCATENATION    294.523      0.001      0.001     0.000%    99.999%      0.000              1   [Builtin]:2132
                                                        PACK    296.697      0.001      0.001     0.000%    99.999%      0.000              1   [Builtin]:2136
                                                         ADD    298.005      0.001      0.001     0.000%    99.999%      0.000              1   [Builtin]:2140
                                                         SUB    298.006      0.001      0.001     0.000%    99.999%      0.000              1   [Builtin]:2141
                                                     MAXIMUM    298.007      0.001      0.001     0.000%    99.999%      0.000              1   [Builtin]:2142
                                               CONCATENATION    298.008      0.001      0.001     0.000%    99.999%      0.000              1   [Builtin]:2144
                                                       SLICE    317.875      0.001      0.001     0.000%    99.999%      0.000              1   [Builtin]:2218
                                                         ADD    317.877      0.001      0.001     0.000%    99.999%      0.000              1   [Builtin]:2219
                                                     MAXIMUM    317.879      0.001      0.001     0.000%    99.999%      0.000              1   [Builtin]:2221
                                               CONCATENATION    317.881      0.001      0.001     0.000%    99.999%      0.000              1   [Builtin]:2224
                                                        PACK    320.097      0.001      0.001     0.000%    99.999%      0.000              1   [Builtin]:2228
                                                       SLICE    321.405      0.001      0.001     0.000%    99.999%      0.000              1   [Builtin]:2231
                                                         ADD    321.406      0.001      0.001     0.000%    99.999%      0.000              1   [Builtin]:2232
                                                     MAXIMUM    321.408      0.001      0.001     0.000%    99.999%      0.000              1   [Builtin]:2234
                                               CONCATENATION    321.409      0.001      0.001     0.000%    99.999%      0.000              1   [Builtin]:2236
                                                         ADD    341.408      0.001      0.001     0.000%    99.999%      0.000              1   [Builtin]:2311
                                                         SUB    341.409      0.001      0.001     0.000%    99.999%      0.000              1   [Builtin]:2312
                                                     MAXIMUM    341.410      0.001      0.001     0.000%    99.999%      0.000              1   [Builtin]:2313
                                                     RESHAPE    341.411      0.001      0.001     0.000%    99.999%      0.000              1   [Builtin]:2315
                                               CONCATENATION    341.412      0.001      0.001     0.000%    99.999%      0.000              1   [Builtin]:2316
                                                       SLICE    344.902      0.001      0.001     0.000%    99.999%      0.000              1   [Builtin]:2323
                                                     MAXIMUM    344.905      0.001      0.001     0.000%   100.000%      0.000              1   [Builtin]:2326
                                                     RESHAPE    344.906      0.001      0.001     0.000%   100.000%      0.000              1   [Builtin]:2327
                                               CONCATENATION    344.907      0.001      0.001     0.000%   100.000%      0.000              1   [Builtin]:2328
                             Delegate/Normalize (ND) Reduce2      0.000      0.001      0.001     0.000%   100.000%      0.000              1   [Delegate]:68
                             Delegate/Normalize (ND) Reduce2      0.000      0.001      0.001     0.000%   100.000%      0.000              1   [Delegate]:75
                                    Delegate/Slice (ND, X32)      0.000      0.001      0.001     0.000%   100.000%      0.000              1   [Delegate]:82
                                    Delegate/Slice (ND, X32)      0.000      0.001      0.001     0.000%   100.000%      0.000              1   [Delegate]:83
                                      Delegate/Subtract (ND)      0.000      0.001      0.001     0.000%   100.000%      0.000              1   [Delegate]:86
                                      Delegate/Multiply (ND)      0.000      0.001      0.001     0.000%   100.000%      0.000              1   [Delegate]:87
                                      Delegate/Multiply (ND)      0.000      0.001      0.001     0.000%   100.000%      0.000              1   [Delegate]:88
                                           Delegate/Add (ND)      0.000      0.001      0.001     0.000%   100.000%      0.000              1   [Delegate]:89
                                       Delegate/Convert (NC)      0.000      0.001      0.000     0.000%   100.000%      0.000           4854   [Delegate]:1
                                      Delegate/Multiply (ND)      0.000      0.000      0.000     0.000%   100.000%      0.000           4722   [Delegate]:9
                             Delegate/Normalize (ND) Reduce2      0.000      0.000      0.000     0.000%   100.000%      0.000           4590   [Delegate]:11
                                      Delegate/Multiply (ND)      0.000      0.000      0.000     0.000%   100.000%      0.000           2620   [Delegate]:65
                                Delegate/Static Reshape (NC)      0.000      0.000      0.000     0.000%   100.000%      0.000              5   [Delegate]:3
                                           Delegate/Add (ND)      0.000      0.000      0.000     0.000%   100.000%      0.000              1   [Delegate]:7
                                Delegate/Static Reshape (NC)      0.000      0.000      0.000     0.000%   100.000%      0.000              1   [Delegate]:8
                                      Delegate/Multiply (ND)      0.000      0.000      0.000     0.000%   100.000%      0.000              1   [Delegate]:1
                                           Delegate/Add (ND)      0.000      0.000      0.000     0.000%   100.000%      0.000              1   [Delegate]:2
                        Delegate/Reciprocal Square Root (NC)      0.000      0.000      0.000     0.000%   100.000%      0.000              1   [Delegate]:4
                                Delegate/Static Reshape (NC)      0.000      0.000      0.000     0.000%   100.000%      0.000              1   [Delegate]:9
                                Delegate/Static Reshape (NC)      0.000      0.000      0.000     0.000%   100.000%      0.000              1   [Delegate]:12
                                Delegate/Static Reshape (NC)      0.000      0.000      0.000     0.000%   100.000%      0.000             15   [Delegate]:15
                                           Delegate/Add (ND)      0.000      0.000      0.000     0.000%   100.000%      0.000              1   [Delegate]:19
                                Delegate/Static Reshape (NC)      0.000      0.000      0.000     0.000%   100.000%      0.000              1   [Delegate]:20
                        Delegate/Reciprocal Square Root (NC)      0.000      0.000      0.000     0.000%   100.000%      0.000              1   [Delegate]:21
                                           Delegate/Add (ND)      0.000      0.000      0.000     0.000%   100.000%      0.000              1   [Delegate]:26
                                Delegate/Static Reshape (NC)      0.000      0.000      0.000     0.000%   100.000%      0.000              1   [Delegate]:27
                        Delegate/Reciprocal Square Root (NC)      0.000      0.000      0.000     0.000%   100.000%      0.000              1   [Delegate]:28
                                      Delegate/Multiply (ND)      0.000      0.000      0.000     0.000%   100.000%      0.000              1   [Delegate]:32
                                           Delegate/Add (ND)      0.000      0.000      0.000     0.000%   100.000%      0.000              1   [Delegate]:33
                                Delegate/Static Reshape (NC)      0.000      0.000      0.000     0.000%   100.000%      0.000              1   [Delegate]:34
                        Delegate/Reciprocal Square Root (NC)      0.000      0.000      0.000     0.000%   100.000%      0.000              1   [Delegate]:35
                                Delegate/Static Reshape (NC)      0.000      0.000      0.000     0.000%   100.000%      0.000              1   [Delegate]:1
                                      Delegate/Subtract (ND)      0.000      0.000      0.000     0.000%   100.000%      0.000              1   [Delegate]:17
                                           Delegate/Add (ND)      0.000      0.000      0.000     0.000%   100.000%      0.000              1   [Delegate]:20
                                    Delegate/Slice (ND, X32)      0.000      0.000      0.000     0.000%   100.000%      0.000              1   [Delegate]:0
                                     Delegate/Copy (NC, X32)      0.000      0.000      0.000     0.000%   100.000%      0.000              1   [Delegate]:1
                                     Delegate/Copy (NC, X32)      0.000      0.000      0.000     0.000%   100.000%      0.000              1   [Delegate]:2
                                                        CAST     10.320      0.000      0.000     0.000%   100.000%      0.000              1   [Builtin]:59
                                                        CAST     10.322      0.000      0.000     0.000%   100.000%      0.000              1   [Builtin]:61
                                                     RESHAPE     10.531      0.000      0.000     0.000%   100.000%      0.000              1   [Builtin]:66
                                                     RESHAPE     10.548      0.000      0.000     0.000%   100.000%      0.000              1   [Builtin]:1156
                                                     RESHAPE     15.759      0.000      0.000     0.000%   100.000%      0.000              1   [Builtin]:1169
                                Delegate/Static Reshape (NC)      0.000      0.000      0.000     0.000%   100.000%      0.000             12   [Delegate]:2
                                           Delegate/Add (ND)      0.000      0.000      0.000     0.000%   100.000%      0.000             14   [Delegate]:6
                                Delegate/Static Reshape (NC)      0.000      0.000      0.000     0.000%   100.000%      0.000             14   [Delegate]:7
                        Delegate/Reciprocal Square Root (NC)      0.000      0.000      0.000     0.000%   100.000%      0.000             14   [Delegate]:8
                                           Delegate/Add (ND)      0.000      0.000      0.000     0.000%   100.000%      0.000             14   [Delegate]:14
                        Delegate/Reciprocal Square Root (NC)      0.000      0.000      0.000     0.000%   100.000%      0.000             14   [Delegate]:16
                                           Delegate/Add (ND)      0.000      0.000      0.000     0.000%   100.000%      0.000             14   [Delegate]:31
                                Delegate/Static Reshape (NC)      0.000      0.000      0.000     0.000%   100.000%      0.000             14   [Delegate]:32
                        Delegate/Reciprocal Square Root (NC)      0.000      0.000      0.000     0.000%   100.000%      0.000             14   [Delegate]:33
                                Delegate/Static Reshape (NC)      0.000      0.000      0.000     0.000%   100.000%      0.000             14   [Delegate]:48
                        Delegate/Reciprocal Square Root (NC)      0.000      0.000      0.000     0.000%   100.000%      0.000             14   [Delegate]:49
                                      Delegate/Multiply (ND)      0.000      0.000      0.000     0.000%   100.000%      0.000             14   [Delegate]:55
                                           Delegate/Add (ND)      0.000      0.000      0.000     0.000%   100.000%      0.000             14   [Delegate]:56
                                Delegate/Static Reshape (NC)      0.000      0.000      0.000     0.000%   100.000%      0.000             14   [Delegate]:57
                        Delegate/Reciprocal Square Root (NC)      0.000      0.000      0.000     0.000%   100.000%      0.000             14   [Delegate]:58
                                Delegate/Static Reshape (NC)      0.000      0.000      0.000     0.000%   100.000%      0.000             14   [Delegate]:63
                                Delegate/Static Reshape (NC)      0.000      0.000      0.000     0.000%   100.000%      0.000             14   [Delegate]:66
                                Delegate/Static Reshape (NC)      0.000      0.000      0.000     0.000%   100.000%      0.000             13   [Delegate]:69
                                      Delegate/Multiply (ND)      0.000      0.000      0.000     0.000%   100.000%      0.000             13   [Delegate]:72
                                           Delegate/Add (ND)      0.000      0.000      0.000     0.000%   100.000%      0.000             13   [Delegate]:73
                                Delegate/Static Reshape (NC)      0.000      0.000      0.000     0.000%   100.000%      0.000             13   [Delegate]:74
                        Delegate/Reciprocal Square Root (NC)      0.000      0.000      0.000     0.000%   100.000%      0.000             13   [Delegate]:75
                                      Delegate/Multiply (ND)      0.000      0.000      0.000     0.000%   100.000%      0.000             13   [Delegate]:79
                                           Delegate/Add (ND)      0.000      0.000      0.000     0.000%   100.000%      0.000             13   [Delegate]:80
                                Delegate/Static Reshape (NC)      0.000      0.000      0.000     0.000%   100.000%      0.000             13   [Delegate]:81
                        Delegate/Reciprocal Square Root (NC)      0.000      0.000      0.000     0.000%   100.000%      0.000             13   [Delegate]:82
                                      Delegate/Multiply (ND)      0.000      0.000      0.000     0.000%   100.000%      0.000             13   [Delegate]:86
                                           Delegate/Add (ND)      0.000      0.000      0.000     0.000%   100.000%      0.000             13   [Delegate]:87
                                Delegate/Static Reshape (NC)      0.000      0.000      0.000     0.000%   100.000%      0.000             13   [Delegate]:88
                        Delegate/Reciprocal Square Root (NC)      0.000      0.000      0.000     0.000%   100.000%      0.000             13   [Delegate]:89
                                Delegate/Static Reshape (NC)      0.000      0.000      0.000     0.000%   100.000%      0.000             12   [Delegate]:110
                                Delegate/Static Reshape (NC)      0.000      0.000      0.000     0.000%   100.000%      0.000             12   [Delegate]:111
                                                     RESHAPE     36.049      0.000      0.000     0.000%   100.000%      0.000              1   [Builtin]:1249
                                                         ADD     39.487      0.000      0.000     0.000%   100.000%      0.000              1   [Builtin]:1258
                                                         SUB     39.488      0.000      0.000     0.000%   100.000%      0.000              1   [Builtin]:1259
                                                         SUB     59.723      0.000      0.000     0.000%   100.000%      0.000              1   [Builtin]:1338
                                                     RESHAPE     59.725      0.000      0.000     0.000%   100.000%      0.000              1   [Builtin]:1340
                                                         SUB     63.204      0.000      0.000     0.000%   100.000%      0.000              1   [Builtin]:1351
                                                     RESHAPE     63.205      0.000      0.000     0.000%   100.000%      0.000              1   [Builtin]:1353
                                               CONCATENATION     63.206      0.000      0.000     0.000%   100.000%      0.000              1   [Builtin]:1354
                                                     MAXIMUM     83.302      0.000      0.000     0.000%   100.000%      0.000              1   [Builtin]:1431
                                                     RESHAPE     83.303      0.000      0.000     0.000%   100.000%      0.000              1   [Builtin]:1432
                                                         SUB     86.725      0.000      0.000     0.000%   100.000%      0.000              1   [Builtin]:1443
                                                     MAXIMUM     86.726      0.000      0.000     0.000%   100.000%      0.000              1   [Builtin]:1444
                                Delegate/Static Reshape (NC)      0.000      0.000      0.000     0.000%   100.000%      0.000              1   [Delegate]:114
                                Delegate/Static Reshape (NC)      0.000      0.000      0.000     0.000%   100.000%      0.000              1   [Delegate]:115
                                                     RESHAPE    116.584      0.000      0.000     0.000%   100.000%      0.000              1   [Builtin]:379
                                                     RESHAPE    143.695      0.000      0.000     0.000%   100.000%      0.000              1   [Builtin]:1597
                                                     RESHAPE    143.696      0.000      0.000     0.000%   100.000%      0.000              1   [Builtin]:1598
                                                         SUB    147.336      0.000      0.000     0.000%   100.000%      0.000              1   [Builtin]:1608
                                               CONCATENATION    147.338      0.000      0.000     0.000%   100.000%      0.000              1   [Builtin]:1611
                                                     RESHAPE    166.849      0.000      0.000     0.000%   100.000%      0.000              1   [Builtin]:1689
                                                     RESHAPE    170.425      0.000      0.000     0.000%   100.000%      0.000              1   [Builtin]:1702
                                                         SUB    189.739      0.000      0.000     0.000%   100.000%      0.000              1   [Builtin]:1779
                                                     MAXIMUM    189.740      0.000      0.000     0.000%   100.000%      0.000              1   [Builtin]:1780
                                                     RESHAPE    189.741      0.000      0.000     0.000%   100.000%      0.000              1   [Builtin]:1781
                                                     RESHAPE    189.741      0.000      0.000     0.000%   100.000%      0.000              1   [Builtin]:1782
                                                     MAXIMUM    193.201      0.000      0.000     0.000%   100.000%      0.000              1   [Builtin]:1793
                                                     RESHAPE    193.202      0.000      0.000     0.000%   100.000%      0.000              1   [Builtin]:1794
                                                         SUB    212.648      0.000      0.000     0.000%   100.000%      0.000              1   [Builtin]:1871
                                                     RESHAPE    212.650      0.000      0.000     0.000%   100.000%      0.000              1   [Builtin]:1873
                                                     RESHAPE    212.650      0.000      0.000     0.000%   100.000%      0.000              1   [Builtin]:1874
                                                        PACK    214.811      0.000      0.000     0.000%   100.000%      0.000              1   [Builtin]:1879
                                                         SUB    216.118      0.000      0.000     0.000%   100.000%      0.000              1   [Builtin]:1884
                                                     MAXIMUM    216.119      0.000      0.000     0.000%   100.000%      0.000              1   [Builtin]:1885
                                               CONCATENATION    216.120      0.000      0.000     0.000%   100.000%      0.000              1   [Builtin]:1887
                                                     RESHAPE    271.283      0.000      0.000     0.000%   100.000%      0.000              1   [Builtin]:2039
                                                     RESHAPE    274.817      0.000      0.000     0.000%   100.000%      0.000              1   [Builtin]:2051
                                                         ADD    294.519      0.000      0.000     0.000%   100.000%      0.000              1   [Builtin]:2127
                                                     RESHAPE    294.522      0.000      0.000     0.000%   100.000%      0.000              1   [Builtin]:2130
                                                     RESHAPE    294.523      0.000      0.000     0.000%   100.000%      0.000              1   [Builtin]:2131
                                                     RESHAPE    298.008      0.000      0.000     0.000%   100.000%      0.000              1   [Builtin]:2143
                                                         SUB    317.878      0.000      0.000     0.000%   100.000%      0.000              1   [Builtin]:2220
                                                     RESHAPE    317.880      0.000      0.000     0.000%   100.000%      0.000              1   [Builtin]:2222
                                                     RESHAPE    317.880      0.000      0.000     0.000%   100.000%      0.000              1   [Builtin]:2223
                                                         SUB    321.408      0.000      0.000     0.000%   100.000%      0.000              1   [Builtin]:2233
                                                     RESHAPE    321.409      0.000      0.000     0.000%   100.000%      0.000              1   [Builtin]:2235
                                                     RESHAPE    341.411      0.000      0.000     0.000%   100.000%      0.000              1   [Builtin]:2314
                                                        PACK    343.584      0.000      0.000     0.000%   100.000%      0.000              1   [Builtin]:2320
                                                         ADD    344.904      0.000      0.000     0.000%   100.000%      0.000              1   [Builtin]:2324
                                                         SUB    344.905      0.000      0.000     0.000%   100.000%      0.000              1   [Builtin]:2325
                                      Delegate/Multiply (ND)      0.000      0.000      0.000     0.000%   100.000%      0.000              1   [Delegate]:69
                                           Delegate/Add (ND)      0.000      0.000      0.000     0.000%   100.000%      0.000              1   [Delegate]:70
                                Delegate/Static Reshape (NC)      0.000      0.000      0.000     0.000%   100.000%      0.000              1   [Delegate]:71
                        Delegate/Reciprocal Square Root (NC)      0.000      0.000      0.000     0.000%   100.000%      0.000              1   [Delegate]:72
                                           Delegate/Add (ND)      0.000      0.000      0.000     0.000%   100.000%      0.000              1   [Delegate]:77
                                Delegate/Static Reshape (NC)      0.000      0.000      0.000     0.000%   100.000%      0.000              1   [Delegate]:78
                        Delegate/Reciprocal Square Root (NC)      0.000      0.000      0.000     0.000%   100.000%      0.000              1   [Delegate]:79
                                Delegate/Static Reshape (NC)      0.000      0.000      0.000     0.000%   100.000%      0.000              1   [Delegate]:91
                                Delegate/Static Reshape (NC)      0.000      0.000      0.000     0.000%   100.000%      0.000              1   [Delegate]:92
                                Delegate/Static Reshape (NC)      0.000      0.000      0.000     0.000%   100.000%      0.000            132   [Delegate]:3
                                      Delegate/Multiply (ND)      0.000      0.000      0.000     0.000%   100.000%      0.000            264   [Delegate]:6
                                           Delegate/Add (ND)      0.000      0.000      0.000     0.000%   100.000%      0.000            132   [Delegate]:7
                                Delegate/Static Reshape (NC)      0.000      0.000      0.000     0.000%   100.000%      0.000            264   [Delegate]:8
                        Delegate/Reciprocal Square Root (NC)      0.000      0.000      0.000     0.000%   100.000%      0.000            132   [Delegate]:9
                             Delegate/Normalize (ND) Reduce2      0.000      0.000      0.000     0.000%   100.000%      0.000            132   [Delegate]:0
                                      Delegate/Multiply (ND)      0.000      0.000      0.000     0.000%   100.000%      0.000            132   [Delegate]:1
                                           Delegate/Add (ND)      0.000      0.000      0.000     0.000%   100.000%      0.000            132   [Delegate]:2
                        Delegate/Reciprocal Square Root (NC)      0.000      0.000      0.000     0.000%   100.000%      0.000            132   [Delegate]:3
                                      Delegate/Multiply (ND)      0.000      0.000      0.000     0.000%   100.000%      0.000            132   [Delegate]:4
                                      Delegate/Multiply (ND)      0.000      0.000      0.000     0.000%   100.000%      0.000           4722   [Delegate]:5
                                       Delegate/Convert (NC)      0.000      0.000      0.000     0.000%   100.000%      0.000            132   [Delegate]:6
                                       Delegate/Convert (NC)      0.000      0.000      0.000     0.000%   100.000%      0.000            132   [Delegate]:9
                                Delegate/Static Reshape (NC)      0.000      0.000      0.000     0.000%   100.000%      0.000            132   [Delegate]:11
                                       Delegate/Convert (NC)      0.000      0.000      0.000     0.000%   100.000%      0.000            132   [Delegate]:12
                                Delegate/Static Reshape (NC)      0.000      0.000      0.000     0.000%   100.000%      0.000            132   [Delegate]:14
                                       Delegate/Convert (NC)      0.000      0.000      0.000     0.000%   100.000%      0.000            132   [Delegate]:15
                                      Delegate/Multiply (ND)      0.000      0.000      0.000     0.000%   100.000%      0.000            132   [Delegate]:17
                                           Delegate/Add (ND)      0.000      0.000      0.000     0.000%   100.000%      0.000            132   [Delegate]:18
                                Delegate/Static Reshape (NC)      0.000      0.000      0.000     0.000%   100.000%      0.000            132   [Delegate]:19
                        Delegate/Reciprocal Square Root (NC)      0.000      0.000      0.000     0.000%   100.000%      0.000            132   [Delegate]:20
                                      Delegate/Multiply (ND)      0.000      0.000      0.000     0.000%   100.000%      0.000            132   [Delegate]:21
                                      Delegate/Multiply (ND)      0.000      0.000      0.000     0.000%   100.000%      0.000            132   [Delegate]:22
                             Delegate/Normalize (ND) Reduce2      0.000      0.000      0.000     0.000%   100.000%      0.000            132   [Delegate]:23
                                      Delegate/Multiply (ND)      0.000      0.000      0.000     0.000%   100.000%      0.000            132   [Delegate]:24
                                           Delegate/Add (ND)      0.000      0.000      0.000     0.000%   100.000%      0.000            132   [Delegate]:25
                        Delegate/Reciprocal Square Root (NC)      0.000      0.000      0.000     0.000%   100.000%      0.000            132   [Delegate]:26
                                      Delegate/Multiply (ND)      0.000      0.000      0.000     0.000%   100.000%      0.000            132   [Delegate]:27
                                      Delegate/Multiply (ND)      0.000      0.000      0.000     0.000%   100.000%      0.000           4722   [Delegate]:28
                             Delegate/Normalize (ND) Reduce2      0.000      0.000      0.000     0.000%   100.000%      0.000            132   [Delegate]:29
                                      Delegate/Multiply (ND)      0.000      0.000      0.000     0.000%   100.000%      0.000            132   [Delegate]:30
                                           Delegate/Add (ND)      0.000      0.000      0.000     0.000%   100.000%      0.000            132   [Delegate]:31
                        Delegate/Reciprocal Square Root (NC)      0.000      0.000      0.000     0.000%   100.000%      0.000            132   [Delegate]:32
                                      Delegate/Multiply (ND)      0.000      0.000      0.000     0.000%   100.000%      0.000            132   [Delegate]:33
                                      Delegate/Multiply (ND)      0.000      0.000      0.000     0.000%   100.000%      0.000            132   [Delegate]:34
                                Delegate/Static Reshape (NC)      0.000      0.000      0.000     0.000%   100.000%      0.000            132   [Delegate]:1
                                          Delegate/Sine (NC)      0.000      0.000      0.000     0.000%   100.000%      0.000            132   [Delegate]:2
                                        Delegate/Cosine (NC)      0.000      0.000      0.000     0.000%   100.000%      0.000            132   [Delegate]:3
                                      Delegate/Multiply (ND)      0.000      0.000      0.000     0.000%   100.000%      0.000            132   [Delegate]:7
                                      Delegate/Subtract (ND)      0.000      0.000      0.000     0.000%   100.000%      0.000            132   [Delegate]:8
                                           Delegate/Add (ND)      0.000      0.000      0.000     0.000%   100.000%      0.000            132   [Delegate]:11
                                    Delegate/Slice (ND, X32)      0.000      0.000      0.000     0.000%   100.000%      0.000            132   [Delegate]:13
                                    Delegate/Slice (ND, X32)      0.000      0.000      0.000     0.000%   100.000%      0.000            132   [Delegate]:14
                                      Delegate/Multiply (ND)      0.000      0.000      0.000     0.000%   100.000%      0.000           4722   [Delegate]:16
                                      Delegate/Subtract (ND)      0.000      0.000      0.000     0.000%   100.000%      0.000            132   [Delegate]:17
                                      Delegate/Multiply (ND)      0.000      0.000      0.000     0.000%   100.000%      0.000            132   [Delegate]:18
                                      Delegate/Multiply (ND)      0.000      0.000      0.000     0.000%   100.000%      0.000            132   [Delegate]:19
                                           Delegate/Add (ND)      0.000      0.000      0.000     0.000%   100.000%      0.000            132   [Delegate]:20
                                     Delegate/Copy (NC, X32)      0.000      0.000      0.000     0.000%   100.000%      0.000            132   [Delegate]:21
                                     Delegate/Copy (NC, X32)      0.000      0.000      0.000     0.000%   100.000%      0.000            132   [Delegate]:0
                                     Delegate/Copy (NC, X32)      0.000      0.000      0.000     0.000%   100.000%      0.000            132   [Delegate]:1
                                Delegate/Static Reshape (NC)      0.000      0.000      0.000     0.000%   100.000%      0.000            132   [Delegate]:2
                                       Delegate/Convert (NC)      0.000      0.000      0.000     0.000%   100.000%      0.000            132   [Delegate]:0
                             Delegate/Reduce Max (ND) Reduce      0.000      0.000      0.000     0.000%   100.000%      0.000            132   [Delegate]:0
                                           Delegate/Add (ND)      0.000      0.000      0.000     0.000%   100.000%      0.000           4590   [Delegate]:6
                        Delegate/Reciprocal Square Root (NC)      0.000      0.000      0.000     0.000%   100.000%      0.000           4590   [Delegate]:7
                                      Delegate/Multiply (ND)      0.000      0.000      0.000     0.000%   100.000%      0.000           4590   [Delegate]:8
                                      Delegate/Multiply (ND)      0.000      0.000      0.000     0.000%   100.000%      0.000           4590   [Delegate]:12
                                           Delegate/Add (ND)      0.000      0.000      0.000     0.000%   100.000%      0.000           4590   [Delegate]:13
                        Delegate/Reciprocal Square Root (NC)      0.000      0.000      0.000     0.000%   100.000%      0.000           4590   [Delegate]:14
                                       Delegate/Convert (NC)      0.000      0.000      0.000     0.000%   100.000%      0.000           4590   [Delegate]:26
                             Delegate/Normalize (ND) Reduce2      0.000      0.000      0.000     0.000%   100.000%      0.000           4590   [Delegate]:27
                                           Delegate/Add (ND)      0.000      0.000      0.000     0.000%   100.000%      0.000           4590   [Delegate]:29
                        Delegate/Reciprocal Square Root (NC)      0.000      0.000      0.000     0.000%   100.000%      0.000           4590   [Delegate]:30
                                      Delegate/Multiply (ND)      0.000      0.000      0.000     0.000%   100.000%      0.000           4590   [Delegate]:31
                                       Delegate/Convert (NC)      0.000      0.000      0.000     0.000%   100.000%      0.000           4590   [Delegate]:34
                                    Delegate/ApproxGELU (NC)      0.000      0.000      0.000     0.000%   100.000%      0.000           4590   [Delegate]:37
                                      Delegate/Multiply (ND)      0.000      0.000      0.000     0.000%   100.000%      0.000           4590   [Delegate]:38
                                       Delegate/Convert (NC)      0.000      0.000      0.000     0.000%   100.000%      0.000           4590   [Delegate]:39
                                       Delegate/Convert (NC)      0.000      0.000      0.000     0.000%   100.000%      0.000           4590   [Delegate]:41
                             Delegate/Normalize (ND) Reduce2      0.000      0.000      0.000     0.000%   100.000%      0.000           4590   [Delegate]:42
                                      Delegate/Multiply (ND)      0.000      0.000      0.000     0.000%   100.000%      0.000           4590   [Delegate]:43
                                           Delegate/Add (ND)      0.000      0.000      0.000     0.000%   100.000%      0.000           4590   [Delegate]:44
                        Delegate/Reciprocal Square Root (NC)      0.000      0.000      0.000     0.000%   100.000%      0.000           4590   [Delegate]:45
                                           Delegate/Add (ND)      0.000      0.000      0.000     0.000%   100.000%      0.000           4590   [Delegate]:48
                                      Delegate/Multiply (ND)      0.000      0.000      0.000     0.000%   100.000%      0.000           4590   [Delegate]:49
                                      Delegate/Multiply (ND)      0.000      0.000      0.000     0.000%   100.000%      0.000           4590   [Delegate]:51
                                           Delegate/Add (ND)      0.000      0.000      0.000     0.000%   100.000%      0.000           4590   [Delegate]:52
                        Delegate/Reciprocal Square Root (NC)      0.000      0.000      0.000     0.000%   100.000%      0.000           4590   [Delegate]:53
                                      Delegate/Multiply (ND)      0.000      0.000      0.000     0.000%   100.000%      0.000           4590   [Delegate]:54
                                       Delegate/Convert (NC)      0.000      0.000      0.000     0.000%   100.000%      0.000           4459   [Delegate]:56
                                Delegate/Static Reshape (NC)      0.000      0.000      0.000     0.000%   100.000%      0.000           4459   [Delegate]:58
                                Delegate/Static Reshape (NC)      0.000      0.000      0.000     0.000%   100.000%      0.000           1839   [Delegate]:61
                                       Delegate/Convert (NC)      0.000      0.000      0.000     0.000%   100.000%      0.000           1839   [Delegate]:62
                                Delegate/Static Reshape (NC)      0.000      0.000      0.000     0.000%   100.000%      0.000           1839   [Delegate]:64
                                       Delegate/Convert (NC)      0.000      0.000      0.000     0.000%   100.000%      0.000           1839   [Delegate]:65
                                           Delegate/Add (ND)      0.000      0.000      0.000     0.000%   100.000%      0.000           1839   [Delegate]:68
                                Delegate/Static Reshape (NC)      0.000      0.000      0.000     0.000%   100.000%      0.000           1839   [Delegate]:69
                        Delegate/Reciprocal Square Root (NC)      0.000      0.000      0.000     0.000%   100.000%      0.000           1839   [Delegate]:70
                             Delegate/Normalize (ND) Reduce2      0.000      0.000      0.000     0.000%   100.000%      0.000           1839   [Delegate]:73
                                      Delegate/Multiply (ND)      0.000      0.000      0.000     0.000%   100.000%      0.000           1839   [Delegate]:74
                                           Delegate/Add (ND)      0.000      0.000      0.000     0.000%   100.000%      0.000           1839   [Delegate]:75
                        Delegate/Reciprocal Square Root (NC)      0.000      0.000      0.000     0.000%   100.000%      0.000           1839   [Delegate]:76
                                      Delegate/Multiply (ND)      0.000      0.000      0.000     0.000%   100.000%      0.000           1839   [Delegate]:77
                                      Delegate/Multiply (ND)      0.000      0.000      0.000     0.000%   100.000%      0.000           1839   [Delegate]:78
                             Delegate/Normalize (ND) Reduce2      0.000      0.000      0.000     0.000%   100.000%      0.000           1839   [Delegate]:79
                                      Delegate/Multiply (ND)      0.000      0.000      0.000     0.000%   100.000%      0.000           1839   [Delegate]:80
                                           Delegate/Add (ND)      0.000      0.000      0.000     0.000%   100.000%      0.000           1839   [Delegate]:81
                        Delegate/Reciprocal Square Root (NC)      0.000      0.000      0.000     0.000%   100.000%      0.000           1839   [Delegate]:82
                                      Delegate/Multiply (ND)      0.000      0.000      0.000     0.000%   100.000%      0.000           1839   [Delegate]:83
                                      Delegate/Multiply (ND)      0.000      0.000      0.000     0.000%   100.000%      0.000           1839   [Delegate]:84
                                      Delegate/Multiply (ND)      0.000      0.000      0.000     0.000%   100.000%      0.000           1707   [Delegate]:87
                                      Delegate/Multiply (ND)      0.000      0.000      0.000     0.000%   100.000%      0.000           1707   [Delegate]:88
                                      Delegate/Multiply (ND)      0.000      0.000      0.000     0.000%   100.000%      0.000           1707   [Delegate]:90
                                      Delegate/Multiply (ND)      0.000      0.000      0.000     0.000%   100.000%      0.000           1839   [Delegate]:91
                                           Delegate/Add (ND)      0.000      0.000      0.000     0.000%   100.000%      0.000           1707   [Delegate]:92
                                     Delegate/Copy (NC, X32)      0.000      0.000      0.000     0.000%   100.000%      0.000           1707   [Delegate]:93
                                    Delegate/Slice (ND, X32)      0.000      0.000      0.000     0.000%   100.000%      0.000           1707   [Delegate]:94
                                    Delegate/Slice (ND, X32)      0.000      0.000      0.000     0.000%   100.000%      0.000           1707   [Delegate]:95
                                      Delegate/Multiply (ND)      0.000      0.000      0.000     0.000%   100.000%      0.000           1707   [Delegate]:96
                                      Delegate/Multiply (ND)      0.000      0.000      0.000     0.000%   100.000%      0.000           1707   [Delegate]:97
                                      Delegate/Subtract (ND)      0.000      0.000      0.000     0.000%   100.000%      0.000           1707   [Delegate]:98
                                      Delegate/Multiply (ND)      0.000      0.000      0.000     0.000%   100.000%      0.000           1707   [Delegate]:99
                                      Delegate/Multiply (ND)      0.000      0.000      0.000     0.000%   100.000%      0.000           1839   [Delegate]:100
                                           Delegate/Add (ND)      0.000      0.000      0.000     0.000%   100.000%      0.000           1707   [Delegate]:101
                                     Delegate/Copy (NC, X32)      0.000      0.000      0.000     0.000%   100.000%      0.000           1707   [Delegate]:102
                                       Delegate/Convert (NC)      0.000      0.000      0.000     0.000%   100.000%      0.000           1707   [Delegate]:103
                                       Delegate/Convert (NC)      0.000      0.000      0.000     0.000%   100.000%      0.000           1707   [Delegate]:104
                                      Delegate/Multiply (ND)      0.000      0.000      0.000     0.000%   100.000%      0.000            132   [Delegate]:85
                                Delegate/Static Reshape (NC)      0.000      0.000      0.000     0.000%   100.000%      0.000            132   [Delegate]:86
                                          Delegate/Sine (NC)      0.000      0.000      0.000     0.000%   100.000%      0.000            132   [Delegate]:87
                                        Delegate/Cosine (NC)      0.000      0.000      0.000     0.000%   100.000%      0.000            132   [Delegate]:88
                                      Delegate/Multiply (ND)      0.000      0.000      0.000     0.000%   100.000%      0.000            132   [Delegate]:92
                                      Delegate/Subtract (ND)      0.000      0.000      0.000     0.000%   100.000%      0.000            132   [Delegate]:93
                                      Delegate/Multiply (ND)      0.000      0.000      0.000     0.000%   100.000%      0.000            132   [Delegate]:94
                                      Delegate/Multiply (ND)      0.000      0.000      0.000     0.000%   100.000%      0.000            132   [Delegate]:95
                                           Delegate/Add (ND)      0.000      0.000      0.000     0.000%   100.000%      0.000            132   [Delegate]:96
                                     Delegate/Copy (NC, X32)      0.000      0.000      0.000     0.000%   100.000%      0.000            132   [Delegate]:97
                                    Delegate/Slice (ND, X32)      0.000      0.000      0.000     0.000%   100.000%      0.000            132   [Delegate]:98
                                    Delegate/Slice (ND, X32)      0.000      0.000      0.000     0.000%   100.000%      0.000            132   [Delegate]:99
                                      Delegate/Multiply (ND)      0.000      0.000      0.000     0.000%   100.000%      0.000            132   [Delegate]:101
                                      Delegate/Subtract (ND)      0.000      0.000      0.000     0.000%   100.000%      0.000            132   [Delegate]:102
                                      Delegate/Multiply (ND)      0.000      0.000      0.000     0.000%   100.000%      0.000            132   [Delegate]:103
                                      Delegate/Multiply (ND)      0.000      0.000      0.000     0.000%   100.000%      0.000            132   [Delegate]:104
                                           Delegate/Add (ND)      0.000      0.000      0.000     0.000%   100.000%      0.000            132   [Delegate]:105
                                     Delegate/Copy (NC, X32)      0.000      0.000      0.000     0.000%   100.000%      0.000            132   [Delegate]:106
                                       Delegate/Convert (NC)      0.000      0.000      0.000     0.000%   100.000%      0.000            132   [Delegate]:107
                                       Delegate/Convert (NC)      0.000      0.000      0.000     0.000%   100.000%      0.000            132   [Delegate]:108
                             Delegate/Reduce Max (ND) Reduce      0.000      0.000      0.000     0.000%   100.000%      0.000            132   [Delegate]:1
                                      Delegate/Multiply (ND)      0.000      0.000      0.000     0.000%   100.000%      0.000           2620   [Delegate]:61
                                           Delegate/Add (ND)      0.000      0.000      0.000     0.000%   100.000%      0.000           2620   [Delegate]:62
                                Delegate/Static Reshape (NC)      0.000      0.000      0.000     0.000%   100.000%      0.000           2620   [Delegate]:63
                        Delegate/Reciprocal Square Root (NC)      0.000      0.000      0.000     0.000%   100.000%      0.000           2620   [Delegate]:64
                                      Delegate/Multiply (ND)      0.000      0.000      0.000     0.000%   100.000%      0.000           2620   [Delegate]:69
                                      Delegate/Multiply (ND)      0.000      0.000      0.000     0.000%   100.000%      0.000           2620   [Delegate]:70
                                      Delegate/Subtract (ND)      0.000      0.000      0.000     0.000%   100.000%      0.000           2620   [Delegate]:71
                                      Delegate/Multiply (ND)      0.000      0.000      0.000     0.000%   100.000%      0.000           2620   [Delegate]:73
                                           Delegate/Add (ND)      0.000      0.000      0.000     0.000%   100.000%      0.000           2620   [Delegate]:74
                                     Delegate/Copy (NC, X32)      0.000      0.000      0.000     0.000%   100.000%      0.000           2620   [Delegate]:75

Number of nodes executed: 1432

====================================================== Summary by node type ======================================================
                                                 [Node type]    [count]   [avg ms]    [avg %]    [cdf %]   [mem KB] [times called]
               Delegate/Fully Connected (NC, QS8, QC4W) GEMM         20      0.052    34.041%    34.041%      0.000          19133
               Delegate/Fully Connected (NC, QS8, QC2W) GEMM          3      0.111    29.618%    63.659%      0.000           7860
         Delegate/Batch Matrix Multiply (NC, F32, QC8W) GEMM          6      0.045    13.909%    77.568%      0.000           9209
          Delegate/Fully Connected (NC, QD8, F32, QC2W) GEMM          1      2.178     9.675%    87.243%      0.000            131
              Delegate/Fully Connected (NC, PQS8, QC8W) GEMM          6      0.017     5.267%    92.510%      0.000           9341
                                                       SLICE        200      0.003     1.744%    94.254%      0.000          18423
                             Delegate/Convert (NC, QS8, QC8)          6      0.004     1.397%    95.651%      0.000           9209
                                                   SELECT_V2         98      0.003     0.976%    96.627%      0.000           9209
                                    Delegate/ApproxGELU (NC)          4      0.002     0.483%    97.109%      0.000           9208
                                      Delegate/Multiply (ND)        132      0.000     0.477%    97.586%      0.000         136559
                                        DYNAMIC_UPDATE_SLICE        100      0.002     0.450%    98.036%      0.000           7657
                                  Delegate/Softmax (NC, F32)          2      0.003     0.437%    98.474%      0.000           4605
                                       Delegate/Convert (NC)         52      0.000     0.376%    98.850%      0.000          68065
                                    Delegate/Slice (ND, X32)         29      0.000     0.133%    98.983%      0.000          13184
                             Delegate/Normalize (ND) Reduce2         29      0.000     0.129%    99.111%      0.000          31863
                                                        FILL         40      0.001     0.121%    99.232%      0.000           3685
                                               CONCATENATION         84      0.000     0.119%    99.352%      0.000           7636
                                          Delegate/TanH (NC)          1      0.026     0.115%    99.467%      0.000            131
                                                         ADD         80      0.000     0.090%    99.557%      0.000           7370
                                                         SUB         80      0.000     0.072%    99.628%      0.000           7370
                                                     RESHAPE        132      0.000     0.072%    99.700%      0.000          11722
                                                     MAXIMUM         80      0.000     0.065%    99.765%      0.000           7370
                                           Delegate/Add (ND)         50      0.000     0.048%    99.813%      0.000          52399
                                                        PACK         40      0.000     0.043%    99.856%      0.000           3685
                                                   NOT_EQUAL          8      0.002     0.041%    99.897%      0.000            532
                                                      UNPACK          2      0.006     0.025%    99.922%      0.000            133
                                                        CAST         14      0.001     0.018%    99.940%      0.000            800
                                Delegate/Static Reshape (NC)         49      0.000     0.016%    99.956%      0.000          20714
                      Delegate/Transpose (ND, X32) Transpose          5      0.016     0.015%    99.971%      0.000             28
                                                 LOGICAL_AND          2      0.002     0.009%    99.980%      0.000            133
                                     Delegate/Copy (NC, X32)         18      0.000     0.005%    99.985%      0.000           6857
                                               GREATER_EQUAL          2      0.001     0.005%    99.990%      0.000            133
                                                        LESS          2      0.001     0.005%    99.994%      0.000            133
                                      Delegate/Subtract (ND)         14      0.000     0.003%    99.997%      0.000           6591
                                        Delegate/Cosine (NC)          4      0.000     0.001%    99.998%      0.000            266
                       Delegate/Transpose (ND, X8) Transpose          1      0.002     0.001%    99.999%      0.000             15
                                          Delegate/Sine (NC)          4      0.000     0.001%   100.000%      0.000            266
                             Delegate/Reduce Max (ND) Reduce          3      0.000     0.000%   100.000%      0.000            266
                        Delegate/Reciprocal Square Root (NC)         29      0.000     0.000%   100.000%      0.000          31863

========================================================= Delegate Statistics =========================================================
Op Name                                                                               Count    Avg(us)    Min(us)    Max(us)  Total(us)
Delegate/Add (ND)                                                                     52399       0.03          0        200       1425
Delegate/ApproxGELU (NC)                                                               9208       1.55          0        154      14241
Delegate/Batch Matrix Multiply (NC, F32, QC8W) GEMM                                    9209      44.55         20       6956     410286
Delegate/Convert (NC)                                                                 68065       0.16          0        408      11097
Delegate/Convert (NC, QS8, QC8)                                                        9209       4.47          1         97      41204
Delegate/Copy (NC, X32)                                                                6857       0.02          0         19        152
Delegate/Cosine (NC)                                                                    266       0.10          0         16         26
Delegate/Fully Connected (NC, PQS8, QC8W) GEMM                                         9341      16.63          6       5825     155376
Delegate/Fully Connected (NC, QD8, F32, QC2W) GEMM                                      131    2178.44       1878      31059     285376
Delegate/Fully Connected (NC, QS8, QC2W) GEMM                                          7860     111.15         92       3476     873636
Delegate/Fully Connected (NC, QS8, QC4W) GEMM                                         19133      52.48          3       4593    1004111
Delegate/Multiply (ND)                                                               136559       0.10          0        371      14060
Delegate/Normalize (ND) Reduce2                                                       31863       0.12          0         66       3791
Delegate/Reciprocal Square Root (NC)                                                  31863       0.00          0          3          3
Delegate/Reduce Max (ND) Reduce                                                         266       0.02          0          3          6
Delegate/Sine (NC)                                                                      266       0.09          0         16         24
Delegate/Slice (ND, X32)                                                              13184       0.30          0        149       3924
Delegate/Softmax (NC, F32)                                                             4605       2.80          1        268      12899
Delegate/Static Reshape (NC)                                                          20714       0.02          0         33        475
Delegate/Subtract (ND)                                                                 6591       0.01          0         12         82
Delegate/TanH (NC)                                                                      131      25.89         21         85       3392
Delegate/Transpose (ND, X32) Transpose                                                   28      16.14          9         70        452
Delegate/Transpose (ND, X8) Transpose                                                    15       1.67          1         10         25

Timings (microseconds): count=1432 curr=2949717
Memory (bytes): count=0
1432 nodes observed

--------------------------------------------------
INFO: [accelerator_registry.cc:43] DestroyAccelerator: ptr=0xb4000076e1a13af0, name=CpuAccelerator
INFO: [accelerator_registry.cc:43] DestroyAccelerator: ptr=0xb4000076e1a144b0, name=LiteRT GPU
INFO: [accelerator_registry.cc:43] DestroyAccelerator: ptr=0xb4000076e1b15f10, name=CpuAccelerator
INFO: [accelerator_registry.cc:43] DestroyAccelerator: ptr=0xb4000076e1b16a50, name=LiteRT GPU
EXIT_CODE=0
