WARNING: All log messages before absl::InitializeLog() is called are written to STDERR
I0000 00:00:1789111110.415439     781 litert_lm_lib.cc:499] Choose backend: cpu
I0000 00:00:1789111110.415619     781 litert_lm_lib.cc:652] executor_settings: backend: CPU
backend_config:
kv_increment_size: 16
prefill_chunk_size: -1
number_of_threads: 4
enable_ynnpack: false

max_tokens: 32771
activation_data_type: Not set
max_num_images: 0
lora_rank: 0
cache_dir: 
cache_file: Not set
litert_dispatch_lib_dir: Not set
model_assets: model_path: /data/local/tmp/llmbench/models/litert-local_Qwen3-0.6B-dynamic-wi4b32_Qwen3-0.6B_dynamic_wi4b32_afp32.litertlm
fake_weights_mode: FAKE_WEIGHTS_NONE

attention_mask_settings:
attention_mask_policy: Causal
local_attention_mask_policy: Not set
sliding_window_size: Not set
advanced_settings: prefill_batch_sizes: [128]
num_output_candidates: 1
configure_magic_numbers: true
verify_magic_numbers: false
clear_kv_cache_before_prefill: true
num_logits_to_print_after_decode: 0
gpu_madvise_original_shared_tensors: true
gpu_enable_metal_residency_set: false
is_benchmark: true
enable_profiling: false
preferred_device_substr: 
num_threads_to_upload: -1
num_threads_to_compile: -1
convert_weights_on_gpu: true
wait_for_weights_conversion_complete_in_benchmark: true
optimize_shader_compilation: true
cache_compiled_shaders_only: false
share_constant_tensors: true
sampler_handles_input: true
allow_src_quantized_fc_conv_ops: Not set
hint_waiting_for_completion: Not set
gpu_context_low_priority: Not set
enable_speculative_decoding: false
disable_delegate_clustering: false
hint_kernel_batch_size: Not set
error_on_invalid_sampled_token_id: false


I0000 00:00:1789111110.415666     781 litert_lm_lib.cc:659] vision_executor_settings: not set
I0000 00:00:1789111110.415685     781 litert_lm_lib.cc:665] audio_executor_settings: not set
I0000 00:00:1789111110.415704     781 litert_lm_lib.cc:688] Creating engine
W0000 00:00:1789111110.417219     781 litert_lm_loader.h:158] TFLite model type: TF_LITE_VISION_ENCODER not found for backend constraints. Skipping.
W0000 00:00:1789111110.417248     781 litert_lm_loader.h:158] TFLite model type: TF_LITE_AUDIO_ENCODER_HW not found for backend constraints. Skipping.
W0000 00:00:1789111110.417240     784 litert_lm_loader.cc:291] Section not found: 
W0000 00:00:1789111110.417267     781 litert_lm_loader.h:174] TFLite model type: TF_LITE_VISION_ENCODER not found for prefer activation type. Use system's default backend activation type. System's default activation type for Text decoder is fp16. Vision encoder and audio encoder default is fp32.
W0000 00:00:1789111110.417275     781 litert_lm_loader.h:174] TFLite model type: TF_LITE_AUDIO_ENCODER_HW not found for prefer activation type. Use system's default backend activation type. System's default activation type for Text decoder is fp16. Vision encoder and audio encoder default is fp32.
INFO: [environment.cc:36] Creating LiteRT environment with options
WARNING: [npu_registry.cc:34] NPU accelerator could not be loaded and registered: kLiteRtStatusErrorInvalidArgument.
INFO: [gpu_registry.cc:101] Attempting to load GPU accelerator(libLiteRtGpuAccelerator.so).
INFO: [accelerator_registry.cc:54] RegisterAccelerator: ptr=0xb400006fdd60e710, name=LiteRT GPU
INFO: [gpu_registry.cc:109] Dynamically loaded GPU accelerator(libLiteRtGpuAccelerator.so) registered.
INFO: [accelerator_registry.cc:54] RegisterAccelerator: ptr=0xb400006fdd60e770, name=CpuAccelerator
INFO: [cpu_registry.cc:75] XNNPACK CPU accelerator registered.
W0000 00:00:1789111110.472308     781 magic_number_configs_helper.cc:267] Target number hint 32771 is 0 or larger than magic number 32771. Use default target number 32768
W0000 00:00:1789111110.472366     781 magic_number_configs_helper.cc:337] Too many prefill batch sizes=1 for magic numbers of prefill lengths=0. 1 small prefill batch sizes won't be used.
INFO: [environment.cc:36] Creating LiteRT environment with options
WARNING: [npu_registry.cc:34] NPU accelerator could not be loaded and registered: kLiteRtStatusErrorInvalidArgument.
INFO: [gpu_registry.cc:101] Attempting to load GPU accelerator(libLiteRtGpuAccelerator.so).
INFO: [accelerator_registry.cc:54] RegisterAccelerator: ptr=0xb400006fdd614830, name=LiteRT GPU
INFO: [gpu_registry.cc:109] Dynamically loaded GPU accelerator(libLiteRtGpuAccelerator.so) registered.
INFO: [accelerator_registry.cc:54] RegisterAccelerator: ptr=0xb400006fdd6157f0, name=CpuAccelerator
INFO: [cpu_registry.cc:75] XNNPACK CPU accelerator registered.
INFO: [magic_number_utils.cc:101] Loaded: num_subgraphs=750, num_signatures=3
INFO: [magic_number_utils.cc:109]   signature=prefill_128, subgraph_index=0, num_tensors=1431, num_inputs=60, num_outputs=56, num_ops=994
INFO: [magic_number_utils.cc:109]   signature=prefill_1024, subgraph_index=1, num_tensors=1431, num_inputs=60, num_outputs=56, num_ops=994
INFO: [magic_number_utils.cc:109]   signature=decode, subgraph_index=2, num_tensors=1382, num_inputs=60, num_outputs=57, num_ops=936
INFO: [magic_number_utils.cc:113] Magic number configs: num_configs=1
INFO: [magic_number_utils.cc:120]   config[0]: magic_number=32771, target_number=32768, signature_prefix=null
INFO: [magic_number_utils.cc:536] 474 tensors of signature prefill_128 have been updated for magic number  32771 to target number 32768
INFO: [magic_number_utils.cc:536] 474 tensors of signature prefill_1024 have been updated for magic number  32771 to target number 32768
INFO: [magic_number_utils.cc:536] 482 tensors of signature decode have been updated for magic number  32771 to target number 32768
INFO: [compiled_model.cc:815] Flatbuffer model initialized directly from incoming litert model.
INFO: Initialized TensorFlow Lite runtime.
INFO: Created TensorFlow Lite XNNPACK delegate for CPU.
VERBOSE: XNNPack weight cache loaded from '/data/local/tmp/llmbench/models/litert-local_Qwen3-0.6B-dynamic-wi4b32_Qwen3-0.6B_dynamic_wi4b32_afp32.litertlm_1789006237_344437808.xnnpack_cache'.
VERBOSE: Replacing 711 out of 994 node(s) with delegate (TfLiteXNNPackDelegate) node, yielding 331 partitions for subgraph 0 (prefill_128).
VERBOSE: Replacing 711 out of 994 node(s) with delegate (TfLiteXNNPackDelegate) node, yielding 331 partitions for subgraph 1 (prefill_1024).
VERBOSE: Replacing 647 out of 936 node(s) with delegate (TfLiteXNNPackDelegate) node, yielding 340 partitions for subgraph 2 (decode).
VERBOSE: Replacing 7 out of 7 node(s) with delegate (TfLiteXNNPackDelegate) node, yielding 1 partitions for subgraph 3 (odml.rms_norm.impl).
VERBOSE: Replacing 7 out of 7 node(s) with delegate (TfLiteXNNPackDelegate) node, yielding 1 partitions for subgraph 4 (odml.rms_norm.impl_0).
VERBOSE: Replacing 7 out of 7 node(s) with delegate (TfLiteXNNPackDelegate) node, yielding 1 partitions for subgraph 5 (odml.rms_norm.impl_1).
VERBOSE: Replacing 16 out of 18 node(s) with delegate (TfLiteXNNPackDelegate) node, yielding 2 partitions for subgraph 6 (odml.rope.impl).
VERBOSE: Replacing 16 out of 18 node(s) with delegate (TfLiteXNNPackDelegate) node, yielding 2 partitions for subgraph 7 (odml.rope.impl_0).
VERBOSE: Replacing 3 out of 6 node(s) with delegate (TfLiteXNNPackDelegate) node, yielding 3 partitions for subgraph 8 (odml.cache_update.impl).
VERBOSE: Replacing 2 out of 3 node(s) with delegate (TfLiteXNNPackDelegate) node, yielding 3 partitions for subgraph 9 (odml.runtime_bmm.impl).
VERBOSE: Replacing 2 out of 3 node(s) with delegate (TfLiteXNNPackDelegate) node, yielding 3 partitions for subgraph 10 (odml.runtime_bmm.impl_0).
VERBOSE: Replacing 7 out of 7 node(s) with delegate (TfLiteXNNPackDelegate) node, yielding 1 partitions for subgraph 11 (odml.rms_norm.impl_2).
VERBOSE: Replacing 7 out of 7 node(s) with delegate (TfLiteXNNPackDelegate) node, yielding 1 partitions for subgraph 12 (odml.rms_norm.impl_3).
VERBOSE: Replacing 7 out of 7 node(s) with delegate (TfLiteXNNPackDelegate) node, yielding 1 partitions for subgraph 13 (odml.rms_norm.impl_4).
VERBOSE: Replacing 7 out of 7 node(s) with delegate (TfLiteXNNPackDelegate) node, yielding 1 partitions for subgraph 14 (odml.rms_norm.impl_5).
VERBOSE: Replacing 16 out of 18 node(s) with delegate (TfLiteXNNPackDelegate) node, yielding 2 partitions for subgraph 15 (odml.rope.impl_1).
VERBOSE: Replacing 16 out of 18 node(s) with delegate (TfLiteXNNPackDelegate) node, yielding 2 partitions for subgraph 16 (odml.rope.impl_2).
VERBOSE: Replacing 3 out of 6 node(s) with delegate (TfLiteXNNPackDelegate) node, yielding 3 partitions for subgraph 17 (odml.cache_update.impl_0).
VERBOSE: Replacing 2 out of 3 node(s) with delegate (TfLiteXNNPackDelegate) node, yielding 3 partitions for subgraph 18 (odml.runtime_bmm.impl_1).
VERBOSE: Replacing 2 out of 3 node(s) with delegate (TfLiteXNNPackDelegate) node, yielding 3 partitions for subgraph 19 (odml.runtime_bmm.impl_2).
VERBOSE: Replacing 7 out of 7 node(s) with delegate (TfLiteXNNPackDelegate) node, yielding 1 partitions for subgraph 20 (odml.rms_norm.impl_6).
VERBOSE: Replacing 7 out of 7 node(s) with delegate (TfLiteXNNPackDelegate) node, yielding 1 partitions for subgraph 21 (odml.rms_norm.impl_7).
VERBOSE: Replacing 7 out of 7 node(s) with delegate (TfLiteXNNPackDelegate) node, yielding 1 partitions for subgraph 22 (odml.rms_norm.impl_8).
VERBOSE: Replacing 7 out of 7 node(s) with delegate (TfLiteXNNPackDelegate) node, yielding 1 partitions for subgraph 23 (odml.rms_norm.impl_9).
VERBOSE: Replacing 16 out of 18 node(s) with delegate (TfLiteXNNPackDelegate) node, yielding 2 partitions for subgraph 24 (odml.rope.impl_3).
VERBOSE: Replacing 16 out of 18 node(s) with delegate (TfLiteXNNPackDelegate) node, yielding 2 partitions for subgraph 25 (odml.rope.impl_4).
VERBOSE: Replacing 3 out of 6 node(s) with delegate (TfLiteXNNPackDelegate) node, yielding 3 partitions for subgraph 26 (odml.cache_update.impl_1).
VERBOSE: Replacing 2 out of 3 node(s) with delegate (TfLiteXNNPackDelegate) node, yielding 3 partitions for subgraph 27 (odml.runtime_bmm.impl_3).
VERBOSE: Replacing 2 out of 3 node(s) with delegate (TfLiteXNNPackDelegate) node, yielding 3 partitions for subgraph 28 (odml.runtime_bmm.impl_4).
VERBOSE: Replacing 7 out of 7 node(s) with delegate (TfLiteXNNPackDelegate) node, yielding 1 partitions for subgraph 29 (odml.rms_norm.impl_10).
VERBOSE: Replacing 7 out of 7 node(s) with delegate (TfLiteXNNPackDelegate) node, yielding 1 partitions for subgraph 30 (odml.rms_norm.impl_11).
VERBOSE: Replacing 7 out of 7 node(s) with delegate (TfLiteXNNPackDelegate) node, yielding 1 partitions for subgraph 31 (odml.rms_norm.impl_12).
VERBOSE: Replacing 7 out of 7 node(s) with delegate (TfLiteXNNPackDelegate) node, yielding 1 partitions for subgraph 32 (odml.rms_norm.impl_13).
VERBOSE: Replacing 16 out of 18 node(s) with delegate (TfLiteXNNPackDelegate) node, yielding 2 partitions for subgraph 33 (odml.rope.impl_5).
VERBOSE: Replacing 16 out of 18 node(s) with delegate (TfLiteXNNPackDelegate) node, yielding 2 partitions for subgraph 34 (odml.rope.impl_6).
VERBOSE: Replacing 3 out of 6 node(s) with delegate (TfLiteXNNPackDelegate) node, yielding 3 partitions for subgraph 35 (odml.cache_update.impl_2).
VERBOSE: Replacing 2 out of 3 node(s) with delegate (TfLiteXNNPackDelegate) node, yielding 3 partitions for subgraph 36 (odml.runtime_bmm.impl_5).
VERBOSE: Replacing 2 out of 3 node(s) with delegate (TfLiteXNNPackDelegate) node, yielding 3 partitions for subgraph 37 (odml.runtime_bmm.impl_6).
VERBOSE: Replacing 7 out of 7 node(s) with delegate (TfLiteXNNPackDelegate) node, yielding 1 partitions for subgraph 38 (odml.rms_norm.impl_14).
VERBOSE: Replacing 7 out of 7 node(s) with delegate (TfLiteXNNPackDelegate) node, yielding 1 partitions for subgraph 39 (odml.rms_norm.impl_15).
VERBOSE: Replacing 7 out of 7 node(s) with delegate (TfLiteXNNPackDelegate) node, yielding 1 partitions for subgraph 40 (odml.rms_norm.impl_16).
VERBOSE: Replacing 7 out of 7 node(s) with delegate (TfLiteXNNPackDelegate) node, yielding 1 partitions for subgraph 41 (odml.rms_norm.impl_17).
VERBOSE: Replacing 16 out of 18 node(s) with delegate (TfLiteXNNPackDelegate) node, yielding 2 partitions for subgraph 42 (odml.rope.impl_7).
VERBOSE: Replacing 16 out of 18 node(s) with delegate (TfLiteXNNPackDelegate) node, yielding 2 partitions for subgraph 43 (odml.rope.impl_8).
VERBOSE: Replacing 3 out of 6 node(s) with delegate (TfLiteXNNPackDelegate) node, yielding 3 partitions for subgraph 44 (odml.cache_update.impl_3).
VERBOSE: Replacing 2 out of 3 node(s) with delegate (TfLiteXNNPackDelegate) node, yielding 3 partitions for subgraph 45 (odml.runtime_bmm.impl_7).
VERBOSE: Replacing 2 out of 3 node(s) with delegate (TfLiteXNNPackDelegate) node, yielding 3 partitions for subgraph 46 (odml.runtime_bmm.impl_8).
VERBOSE: Replacing 7 out of 7 node(s) with delegate (TfLiteXNNPackDelegate) node, yielding 1 partitions for subgraph 47 (odml.rms_norm.impl_18).
VERBOSE: Replacing 7 out of 7 node(s) with delegate (TfLiteXNNPackDelegate) node, yielding 1 partitions for subgraph 48 (odml.rms_norm.impl_19).
VERBOSE: Replacing 7 out of 7 node(s) with delegate (TfLiteXNNPackDelegate) node, yielding 1 partitions for subgraph 49 (odml.rms_norm.impl_20).
VERBOSE: Replacing 7 out of 7 node(s) with delegate (TfLiteXNNPackDelegate) node, yielding 1 partitions for subgraph 50 (odml.rms_norm.impl_21).
VERBOSE: Replacing 16 out of 18 node(s) with delegate (TfLiteXNNPackDelegate) node, yielding 2 partitions for subgraph 51 (odml.rope.impl_9).
VERBOSE: Replacing 16 out of 18 node(s) with delegate (TfLiteXNNPackDelegate) node, yielding 2 partitions for subgraph 52 (odml.rope.impl_10).
VERBOSE: Replacing 3 out of 6 node(s) with delegate (TfLiteXNNPackDelegate) node, yielding 3 partitions for subgraph 53 (odml.cache_update.impl_4).
VERBOSE: Replacing 2 out of 3 node(s) with delegate (TfLiteXNNPackDelegate) node, yielding 3 partitions for subgraph 54 (odml.runtime_bmm.impl_9).
VERBOSE: Replacing 2 out of 3 node(s) with delegate (TfLiteXNNPackDelegate) node, yielding 3 partitions for subgraph 55 (odml.runtime_bmm.impl_10).
VERBOSE: Replacing 7 out of 7 node(s) with delegate (TfLiteXNNPackDelegate) node, yielding 1 partitions for subgraph 56 (odml.rms_norm.impl_22).
VERBOSE: Replacing 7 out of 7 node(s) with delegate (TfLiteXNNPackDelegate) node, yielding 1 partitions for subgraph 57 (odml.rms_norm.impl_23).
VERBOSE: Replacing 7 out of 7 node(s) with delegate (TfLiteXNNPackDelegate) node, yielding 1 partitions for subgraph 58 (odml.rms_norm.impl_24).
VERBOSE: Replacing 7 out of 7 node(s) with delegate (TfLiteXNNPackDelegate) node, yielding 1 partitions for subgraph 59 (odml.rms_norm.impl_25).
VERBOSE: Replacing 16 out of 18 node(s) with delegate (TfLiteXNNPackDelegate) node, yielding 2 partitions for subgraph 60 (odml.rope.impl_11).
VERBOSE: Replacing 16 out of 18 node(s) with delegate (TfLiteXNNPackDelegate) node, yielding 2 partitions for subgraph 61 (odml.rope.impl_12).
VERBOSE: Replacing 3 out of 6 node(s) with delegate (TfLiteXNNPackDelegate) node, yielding 3 partitions for subgraph 62 (odml.cache_update.impl_5).
VERBOSE: Replacing 2 out of 3 node(s) with delegate (TfLiteXNNPackDelegate) node, yielding 3 partitions for subgraph 63 (odml.runtime_bmm.impl_11).
VERBOSE: Replacing 2 out of 3 node(s) with delegate (TfLiteXNNPackDelegate) node, yielding 3 partitions for subgraph 64 (odml.runtime_bmm.impl_12).
VERBOSE: Replacing 7 out of 7 node(s) with delegate (TfLiteXNNPackDelegate) node, yielding 1 partitions for subgraph 65 (odml.rms_norm.impl_26).
VERBOSE: Replacing 7 out of 7 node(s) with delegate (TfLiteXNNPackDelegate) node, yielding 1 partitions for subgraph 66 (odml.rms_norm.impl_27).
VERBOSE: Replacing 7 out of 7 node(s) with delegate (TfLiteXNNPackDelegate) node, yielding 1 partitions for subgraph 67 (odml.rms_norm.impl_28).
VERBOSE: Replacing 7 out of 7 node(s) with delegate (TfLiteXNNPackDelegate) node, yielding 1 partitions for subgraph 68 (odml.rms_norm.impl_29).
VERBOSE: Replacing 16 out of 18 node(s) with delegate (TfLiteXNNPackDelegate) node, yielding 2 partitions for subgraph 69 (odml.rope.impl_13).
VERBOSE: Replacing 16 out of 18 node(s) with delegate (TfLiteXNNPackDelegate) node, yielding 2 partitions for subgraph 70 (odml.rope.impl_14).
VERBOSE: Replacing 3 out of 6 node(s) with delegate (TfLiteXNNPackDelegate) node, yielding 3 partitions for subgraph 71 (odml.cache_update.impl_6).
VERBOSE: Replacing 2 out of 3 node(s) with delegate (TfLiteXNNPackDelegate) node, yielding 3 partitions for subgraph 72 (odml.runtime_bmm.impl_13).
VERBOSE: Replacing 2 out of 3 node(s) with delegate (TfLiteXNNPackDelegate) node, yielding 3 partitions for subgraph 73 (odml.runtime_bmm.impl_14).
VERBOSE: Replacing 7 out of 7 node(s) with delegate (TfLiteXNNPackDelegate) node, yielding 1 partitions for subgraph 74 (odml.rms_norm.impl_30).
VERBOSE: Replacing 7 out of 7 node(s) with delegate (TfLiteXNNPackDelegate) node, yielding 1 partitions for subgraph 75 (odml.rms_norm.impl_31).
VERBOSE: Replacing 7 out of 7 node(s) with delegate (TfLiteXNNPackDelegate) node, yielding 1 partitions for subgraph 76 (odml.rms_norm.impl_32).
VERBOSE: Replacing 7 out of 7 node(s) with delegate (TfLiteXNNPackDelegate) node, yielding 1 partitions for subgraph 77 (odml.rms_norm.impl_33).
VERBOSE: Replacing 16 out of 18 node(s) with delegate (TfLiteXNNPackDelegate) node, yielding 2 partitions for subgraph 78 (odml.rope.impl_15).
VERBOSE: Replacing 16 out of 18 node(s) with delegate (TfLiteXNNPackDelegate) node, yielding 2 partitions for subgraph 79 (odml.rope.impl_16).
VERBOSE: Replacing 3 out of 6 node(s) with delegate (TfLiteXNNPackDelegate) node, yielding 3 partitions for subgraph 80 (odml.cache_update.impl_7).
VERBOSE: Replacing 2 out of 3 node(s) with delegate (TfLiteXNNPackDelegate) node, yielding 3 partitions for subgraph 81 (odml.runtime_bmm.impl_15).
VERBOSE: Replacing 2 out of 3 node(s) with delegate (TfLiteXNNPackDelegate) node, yielding 3 partitions for subgraph 82 (odml.runtime_bmm.impl_16).
VERBOSE: Replacing 7 out of 7 node(s) with delegate (TfLiteXNNPackDelegate) node, yielding 1 partitions for subgraph 83 (odml.rms_norm.impl_34).
VERBOSE: Replacing 7 out of 7 node(s) with delegate (TfLiteXNNPackDelegate) node, yielding 1 partitions for subgraph 84 (odml.rms_norm.impl_35).
VERBOSE: Replacing 7 out of 7 node(s) with delegate (TfLiteXNNPackDelegate) node, yielding 1 partitions for subgraph 85 (odml.rms_norm.impl_36).
VERBOSE: Replacing 7 out of 7 node(s) with delegate (TfLiteXNNPackDelegate) node, yielding 1 partitions for subgraph 86 (odml.rms_norm.impl_37).
VERBOSE: Replacing 16 out of 18 node(s) with delegate (TfLiteXNNPackDelegate) node, yielding 2 partitions for subgraph 87 (odml.rope.impl_17).
VERBOSE: Replacing 16 out of 18 node(s) with delegate (TfLiteXNNPackDelegate) node, yielding 2 partitions for subgraph 88 (odml.rope.impl_18).
VERBOSE: Replacing 3 out of 6 node(s) with delegate (TfLiteXNNPackDelegate) node, yielding 3 partitions for subgraph 89 (odml.cache_update.impl_8).
VERBOSE: Replacing 2 out of 3 node(s) with delegate (TfLiteXNNPackDelegate) node, yielding 3 partitions for subgraph 90 (odml.runtime_bmm.impl_17).
VERBOSE: Replacing 2 out of 3 node(s) with delegate (TfLiteXNNPackDelegate) node, yielding 3 partitions for subgraph 91 (odml.runtime_bmm.impl_18).
VERBOSE: Replacing 7 out of 7 node(s) with delegate (TfLiteXNNPackDelegate) node, yielding 1 partitions for subgraph 92 (odml.rms_norm.impl_38).
VERBOSE: Replacing 7 out of 7 node(s) with delegate (TfLiteXNNPackDelegate) node, yielding 1 partitions for subgraph 93 (odml.rms_norm.impl_39).
VERBOSE: Replacing 7 out of 7 node(s) with delegate (TfLiteXNNPackDelegate) node, yielding 1 partitions for subgraph 94 (odml.rms_norm.impl_40).
VERBOSE: Replacing 7 out of 7 node(s) with delegate (TfLiteXNNPackDelegate) node, yielding 1 partitions for subgraph 95 (odml.rms_norm.impl_41).
VERBOSE: Replacing 16 out of 18 node(s) with delegate (TfLiteXNNPackDelegate) node, yielding 2 partitions for subgraph 96 (odml.rope.impl_19).
VERBOSE: Replacing 16 out of 18 node(s) with delegate (TfLiteXNNPackDelegate) node, yielding 2 partitions for subgraph 97 (odml.rope.impl_20).
VERBOSE: Replacing 3 out of 6 node(s) with delegate (TfLiteXNNPackDelegate) node, yielding 3 partitions for subgraph 98 (odml.cache_update.impl_9).
VERBOSE: Replacing 2 out of 3 node(s) with delegate (TfLiteXNNPackDelegate) node, yielding 3 partitions for subgraph 99 (odml.runtime_bmm.impl_19).
VERBOSE: Replacing 2 out of 3 node(s) with delegate (TfLiteXNNPackDelegate) node, yielding 3 partitions for subgraph 100 (odml.runtime_bmm.impl_20).
VERBOSE: Replacing 7 out of 7 node(s) with delegate (TfLiteXNNPackDelegate) node, yielding 1 partitions for subgraph 101 (odml.rms_norm.impl_42).
VERBOSE: Replacing 7 out of 7 node(s) with delegate (TfLiteXNNPackDelegate) node, yielding 1 partitions for subgraph 102 (odml.rms_norm.impl_43).
VERBOSE: Replacing 7 out of 7 node(s) with delegate (TfLiteXNNPackDelegate) node, yielding 1 partitions for subgraph 103 (odml.rms_norm.impl_44).
VERBOSE: Replacing 7 out of 7 node(s) with delegate (TfLiteXNNPackDelegate) node, yielding 1 partitions for subgraph 104 (odml.rms_norm.impl_45).
VERBOSE: Replacing 16 out of 18 node(s) with delegate (TfLiteXNNPackDelegate) node, yielding 2 partitions for subgraph 105 (odml.rope.impl_21).
VERBOSE: Replacing 16 out of 18 node(s) with delegate (TfLiteXNNPackDelegate) node, yielding 2 partitions for subgraph 106 (odml.rope.impl_22).
VERBOSE: Replacing 3 out of 6 node(s) with delegate (TfLiteXNNPackDelegate) node, yielding 3 partitions for subgraph 107 (odml.cache_update.impl_10).
VERBOSE: Replacing 2 out of 3 node(s) with delegate (TfLiteXNNPackDelegate) node, yielding 3 partitions for subgraph 108 (odml.runtime_bmm.impl_21).
VERBOSE: Replacing 2 out of 3 node(s) with delegate (TfLiteXNNPackDelegate) node, yielding 3 partitions for subgraph 109 (odml.runtime_bmm.impl_22).
VERBOSE: Replacing 7 out of 7 node(s) with delegate (TfLiteXNNPackDelegate) node, yielding 1 partitions for subgraph 110 (odml.rms_norm.impl_46).
VERBOSE: Replacing 7 out of 7 node(s) with delegate (TfLiteXNNPackDelegate) node, yielding 1 partitions for subgraph 111 (odml.rms_norm.impl_47).
VERBOSE: Replacing 7 out of 7 node(s) with delegate (TfLiteXNNPackDelegate) node, yielding 1 partitions for subgraph 112 (odml.rms_norm.impl_48).
VERBOSE: Replacing 7 out of 7 node(s) with delegate (TfLiteXNNPackDelegate) node, yielding 1 partitions for subgraph 113 (odml.rms_norm.impl_49).
VERBOSE: Replacing 16 out of 18 node(s) with delegate (TfLiteXNNPackDelegate) node, yielding 2 partitions for subgraph 114 (odml.rope.impl_23).
VERBOSE: Replacing 16 out of 18 node(s) with delegate (TfLiteXNNPackDelegate) node, yielding 2 partitions for subgraph 115 (odml.rope.impl_24).
VERBOSE: Replacing 3 out of 6 node(s) with delegate (TfLiteXNNPackDelegate) node, yielding 3 partitions for subgraph 116 (odml.cache_update.impl_11).
VERBOSE: Replacing 2 out of 3 node(s) with delegate (TfLiteXNNPackDelegate) node, yielding 3 partitions for subgraph 117 (odml.runtime_bmm.impl_23).
VERBOSE: Replacing 2 out of 3 node(s) with delegate (TfLiteXNNPackDelegate) node, yielding 3 partitions for subgraph 118 (odml.runtime_bmm.impl_24).
VERBOSE: Replacing 7 out of 7 node(s) with delegate (TfLiteXNNPackDelegate) node, yielding 1 partitions for subgraph 119 (odml.rms_norm.impl_50).
VERBOSE: Replacing 7 out of 7 node(s) with delegate (TfLiteXNNPackDelegate) node, yielding 1 partitions for subgraph 120 (odml.rms_norm.impl_51).
VERBOSE: Replacing 7 out of 7 node(s) with delegate (TfLiteXNNPackDelegate) node, yielding 1 partitions for subgraph 121 (odml.rms_norm.impl_52).
VERBOSE: Replacing 7 out of 7 node(s) with delegate (TfLiteXNNPackDelegate) node, yielding 1 partitions for subgraph 122 (odml.rms_norm.impl_53).
VERBOSE: Replacing 16 out of 18 node(s) with delegate (TfLiteXNNPackDelegate) node, yielding 2 partitions for subgraph 123 (odml.rope.impl_25).
VERBOSE: Replacing 16 out of 18 node(s) with delegate (TfLiteXNNPackDelegate) node, yielding 2 partitions for subgraph 124 (odml.rope.impl_26).
VERBOSE: Replacing 3 out of 6 node(s) with delegate (TfLiteXNNPackDelegate) node, yielding 3 partitions for subgraph 125 (odml.cache_update.impl_12).
VERBOSE: Replacing 2 out of 3 node(s) with delegate (TfLiteXNNPackDelegate) node, yielding 3 partitions for subgraph 126 (odml.runtime_bmm.impl_25).
VERBOSE: Replacing 2 out of 3 node(s) with delegate (TfLiteXNNPackDelegate) node, yielding 3 partitions for subgraph 127 (odml.runtime_bmm.impl_26).
VERBOSE: Replacing 7 out of 7 node(s) with delegate (TfLiteXNNPackDelegate) node, yielding 1 partitions for subgraph 128 (odml.rms_norm.impl_54).
VERBOSE: Replacing 7 out of 7 node(s) with delegate (TfLiteXNNPackDelegate) node, yielding 1 partitions for subgraph 129 (odml.rms_norm.impl_55).
VERBOSE: Replacing 7 out of 7 node(s) with delegate (TfLiteXNNPackDelegate) node, yielding 1 partitions for subgraph 130 (odml.rms_norm.impl_56).
VERBOSE: Replacing 7 out of 7 node(s) with delegate (TfLiteXNNPackDelegate) node, yielding 1 partitions for subgraph 131 (odml.rms_norm.impl_57).
VERBOSE: Replacing 16 out of 18 node(s) with delegate (TfLiteXNNPackDelegate) node, yielding 2 partitions for subgraph 132 (odml.rope.impl_27).
VERBOSE: Replacing 16 out of 18 node(s) with delegate (TfLiteXNNPackDelegate) node, yielding 2 partitions for subgraph 133 (odml.rope.impl_28).
VERBOSE: Replacing 3 out of 6 node(s) with delegate (TfLiteXNNPackDelegate) node, yielding 3 partitions for subgraph 134 (odml.cache_update.impl_13).
VERBOSE: Replacing 2 out of 3 node(s) with delegate (TfLiteXNNPackDelegate) node, yielding 3 partitions for subgraph 135 (odml.runtime_bmm.impl_27).
VERBOSE: Replacing 2 out of 3 node(s) with delegate (TfLiteXNNPackDelegate) node, yielding 3 partitions for subgraph 136 (odml.runtime_bmm.impl_28).
VERBOSE: Replacing 7 out of 7 node(s) with delegate (TfLiteXNNPackDelegate) node, yielding 1 partitions for subgraph 137 (odml.rms_norm.impl_58).
VERBOSE: Replacing 7 out of 7 node(s) with delegate (TfLiteXNNPackDelegate) node, yielding 1 partitions for subgraph 138 (odml.rms_norm.impl_59).
VERBOSE: Replacing 7 out of 7 node(s) with delegate (TfLiteXNNPackDelegate) node, yielding 1 partitions for subgraph 139 (odml.rms_norm.impl_60).
VERBOSE: Replacing 7 out of 7 node(s) with delegate (TfLiteXNNPackDelegate) node, yielding 1 partitions for subgraph 140 (odml.rms_norm.impl_61).
VERBOSE: Replacing 16 out of 18 node(s) with delegate (TfLiteXNNPackDelegate) node, yielding 2 partitions for subgraph 141 (odml.rope.impl_29).
VERBOSE: Replacing 16 out of 18 node(s) with delegate (TfLiteXNNPackDelegate) node, yielding 2 partitions for subgraph 142 (odml.rope.impl_30).
VERBOSE: Replacing 3 out of 6 node(s) with delegate (TfLiteXNNPackDelegate) node, yielding 3 partitions for subgraph 143 (odml.cache_update.impl_14).
VERBOSE: Replacing 2 out of 3 node(s) with delegate (TfLiteXNNPackDelegate) node, yielding 3 partitions for subgraph 144 (odml.runtime_bmm.impl_29).
VERBOSE: Replacing 2 out of 3 node(s) with delegate (TfLiteXNNPackDelegate) node, yielding 3 partitions for subgraph 145 (odml.runtime_bmm.impl_30).
VERBOSE: Replacing 7 out of 7 node(s) with delegate (TfLiteXNNPackDelegate) node, yielding 1 partitions for subgraph 146 (odml.rms_norm.impl_62).
VERBOSE: Replacing 7 out of 7 node(s) with delegate (TfLiteXNNPackDelegate) node, yielding 1 partitions for subgraph 147 (odml.rms_norm.impl_63).
VERBOSE: Replacing 7 out of 7 node(s) with delegate (TfLiteXNNPackDelegate) node, yielding 1 partitions for subgraph 148 (odml.rms_norm.impl_64).
VERBOSE: Replacing 7 out of 7 node(s) with delegate (TfLiteXNNPackDelegate) node, yielding 1 partitions for subgraph 149 (odml.rms_norm.impl_65).
VERBOSE: Replacing 16 out of 18 node(s) with delegate (TfLiteXNNPackDelegate) node, yielding 2 partitions for subgraph 150 (odml.rope.impl_31).
VERBOSE: Replacing 16 out of 18 node(s) with delegate (TfLiteXNNPackDelegate) node, yielding 2 partitions for subgraph 151 (odml.rope.impl_32).
VERBOSE: Replacing 3 out of 6 node(s) with delegate (TfLiteXNNPackDelegate) node, yielding 3 partitions for subgraph 152 (odml.cache_update.impl_15).
VERBOSE: Replacing 2 out of 3 node(s) with delegate (TfLiteXNNPackDelegate) node, yielding 3 partitions for subgraph 153 (odml.runtime_bmm.impl_31).
VERBOSE: Replacing 2 out of 3 node(s) with delegate (TfLiteXNNPackDelegate) node, yielding 3 partitions for subgraph 154 (odml.runtime_bmm.impl_32).
VERBOSE: Replacing 7 out of 7 node(s) with delegate (TfLiteXNNPackDelegate) node, yielding 1 partitions for subgraph 155 (odml.rms_norm.impl_66).
VERBOSE: Replacing 7 out of 7 node(s) with delegate (TfLiteXNNPackDelegate) node, yielding 1 partitions for subgraph 156 (odml.rms_norm.impl_67).
VERBOSE: Replacing 7 out of 7 node(s) with delegate (TfLiteXNNPackDelegate) node, yielding 1 partitions for subgraph 157 (odml.rms_norm.impl_68).
VERBOSE: Replacing 7 out of 7 node(s) with delegate (TfLiteXNNPackDelegate) node, yielding 1 partitions for subgraph 158 (odml.rms_norm.impl_69).
VERBOSE: Replacing 16 out of 18 node(s) with delegate (TfLiteXNNPackDelegate) node, yielding 2 partitions for subgraph 159 (odml.rope.impl_33).
VERBOSE: Replacing 16 out of 18 node(s) with delegate (TfLiteXNNPackDelegate) node, yielding 2 partitions for subgraph 160 (odml.rope.impl_34).
VERBOSE: Replacing 3 out of 6 node(s) with delegate (TfLiteXNNPackDelegate) node, yielding 3 partitions for subgraph 161 (odml.cache_update.impl_16).
VERBOSE: Replacing 2 out of 3 node(s) with delegate (TfLiteXNNPackDelegate) node, yielding 3 partitions for subgraph 162 (odml.runtime_bmm.impl_33).
VERBOSE: Replacing 2 out of 3 node(s) with delegate (TfLiteXNNPackDelegate) node, yielding 3 partitions for subgraph 163 (odml.runtime_bmm.impl_34).
VERBOSE: Replacing 7 out of 7 node(s) with delegate (TfLiteXNNPackDelegate) node, yielding 1 partitions for subgraph 164 (odml.rms_norm.impl_70).
VERBOSE: Replacing 7 out of 7 node(s) with delegate (TfLiteXNNPackDelegate) node, yielding 1 partitions for subgraph 165 (odml.rms_norm.impl_71).
VERBOSE: Replacing 7 out of 7 node(s) with delegate (TfLiteXNNPackDelegate) node, yielding 1 partitions for subgraph 166 (odml.rms_norm.impl_72).
VERBOSE: Replacing 7 out of 7 node(s) with delegate (TfLiteXNNPackDelegate) node, yielding 1 partitions for subgraph 167 (odml.rms_norm.impl_73).
VERBOSE: Replacing 16 out of 18 node(s) with delegate (TfLiteXNNPackDelegate) node, yielding 2 partitions for subgraph 168 (odml.rope.impl_35).
VERBOSE: Replacing 16 out of 18 node(s) with delegate (TfLiteXNNPackDelegate) node, yielding 2 partitions for subgraph 169 (odml.rope.impl_36).
VERBOSE: Replacing 3 out of 6 node(s) with delegate (TfLiteXNNPackDelegate) node, yielding 3 partitions for subgraph 170 (odml.cache_update.impl_17).
VERBOSE: Replacing 2 out of 3 node(s) with delegate (TfLiteXNNPackDelegate) node, yielding 3 partitions for subgraph 171 (odml.runtime_bmm.impl_35).
VERBOSE: Replacing 2 out of 3 node(s) with delegate (TfLiteXNNPackDelegate) node, yielding 3 partitions for subgraph 172 (odml.runtime_bmm.impl_36).
VERBOSE: Replacing 7 out of 7 node(s) with delegate (TfLiteXNNPackDelegate) node, yielding 1 partitions for subgraph 173 (odml.rms_norm.impl_74).
VERBOSE: Replacing 7 out of 7 node(s) with delegate (TfLiteXNNPackDelegate) node, yielding 1 partitions for subgraph 174 (odml.rms_norm.impl_75).
VERBOSE: Replacing 7 out of 7 node(s) with delegate (TfLiteXNNPackDelegate) node, yielding 1 partitions for subgraph 175 (odml.rms_norm.impl_76).
VERBOSE: Replacing 7 out of 7 node(s) with delegate (TfLiteXNNPackDelegate) node, yielding 1 partitions for subgraph 176 (odml.rms_norm.impl_77).
VERBOSE: Replacing 16 out of 18 node(s) with delegate (TfLiteXNNPackDelegate) node, yielding 2 partitions for subgraph 177 (odml.rope.impl_37).
VERBOSE: Replacing 16 out of 18 node(s) with delegate (TfLiteXNNPackDelegate) node, yielding 2 partitions for subgraph 178 (odml.rope.impl_38).
VERBOSE: Replacing 3 out of 6 node(s) with delegate (TfLiteXNNPackDelegate) node, yielding 3 partitions for subgraph 179 (odml.cache_update.impl_18).
VERBOSE: Replacing 2 out of 3 node(s) with delegate (TfLiteXNNPackDelegate) node, yielding 3 partitions for subgraph 180 (odml.runtime_bmm.impl_37).
VERBOSE: Replacing 2 out of 3 node(s) with delegate (TfLiteXNNPackDelegate) node, yielding 3 partitions for subgraph 181 (odml.runtime_bmm.impl_38).
VERBOSE: Replacing 7 out of 7 node(s) with delegate (TfLiteXNNPackDelegate) node, yielding 1 partitions for subgraph 182 (odml.rms_norm.impl_78).
VERBOSE: Replacing 7 out of 7 node(s) with delegate (TfLiteXNNPackDelegate) node, yielding 1 partitions for subgraph 183 (odml.rms_norm.impl_79).
VERBOSE: Replacing 7 out of 7 node(s) with delegate (TfLiteXNNPackDelegate) node, yielding 1 partitions for subgraph 184 (odml.rms_norm.impl_80).
VERBOSE: Replacing 7 out of 7 node(s) with delegate (TfLiteXNNPackDelegate) node, yielding 1 partitions for subgraph 185 (odml.rms_norm.impl_81).
VERBOSE: Replacing 16 out of 18 node(s) with delegate (TfLiteXNNPackDelegate) node, yielding 2 partitions for subgraph 186 (odml.rope.impl_39).
VERBOSE: Replacing 16 out of 18 node(s) with delegate (TfLiteXNNPackDelegate) node, yielding 2 partitions for subgraph 187 (odml.rope.impl_40).
VERBOSE: Replacing 3 out of 6 node(s) with delegate (TfLiteXNNPackDelegate) node, yielding 3 partitions for subgraph 188 (odml.cache_update.impl_19).
VERBOSE: Replacing 2 out of 3 node(s) with delegate (TfLiteXNNPackDelegate) node, yielding 3 partitions for subgraph 189 (odml.runtime_bmm.impl_39).
VERBOSE: Replacing 2 out of 3 node(s) with delegate (TfLiteXNNPackDelegate) node, yielding 3 partitions for subgraph 190 (odml.runtime_bmm.impl_40).
VERBOSE: Replacing 7 out of 7 node(s) with delegate (TfLiteXNNPackDelegate) node, yielding 1 partitions for subgraph 191 (odml.rms_norm.impl_82).
VERBOSE: Replacing 7 out of 7 node(s) with delegate (TfLiteXNNPackDelegate) node, yielding 1 partitions for subgraph 192 (odml.rms_norm.impl_83).
VERBOSE: Replacing 7 out of 7 node(s) with delegate (TfLiteXNNPackDelegate) node, yielding 1 partitions for subgraph 193 (odml.rms_norm.impl_84).
VERBOSE: Replacing 7 out of 7 node(s) with delegate (TfLiteXNNPackDelegate) node, yielding 1 partitions for subgraph 194 (odml.rms_norm.impl_85).
VERBOSE: Replacing 16 out of 18 node(s) with delegate (TfLiteXNNPackDelegate) node, yielding 2 partitions for subgraph 195 (odml.rope.impl_41).
VERBOSE: Replacing 16 out of 18 node(s) with delegate (TfLiteXNNPackDelegate) node, yielding 2 partitions for subgraph 196 (odml.rope.impl_42).
VERBOSE: Replacing 3 out of 6 node(s) with delegate (TfLiteXNNPackDelegate) node, yielding 3 partitions for subgraph 197 (odml.cache_update.impl_20).
VERBOSE: Replacing 2 out of 3 node(s) with delegate (TfLiteXNNPackDelegate) node, yielding 3 partitions for subgraph 198 (odml.runtime_bmm.impl_41).
VERBOSE: Replacing 2 out of 3 node(s) with delegate (TfLiteXNNPackDelegate) node, yielding 3 partitions for subgraph 199 (odml.runtime_bmm.impl_42).
VERBOSE: Replacing 7 out of 7 node(s) with delegate (TfLiteXNNPackDelegate) node, yielding 1 partitions for subgraph 200 (odml.rms_norm.impl_86).
VERBOSE: Replacing 7 out of 7 node(s) with delegate (TfLiteXNNPackDelegate) node, yielding 1 partitions for subgraph 201 (odml.rms_norm.impl_87).
VERBOSE: Replacing 7 out of 7 node(s) with delegate (TfLiteXNNPackDelegate) node, yielding 1 partitions for subgraph 202 (odml.rms_norm.impl_88).
VERBOSE: Replacing 7 out of 7 node(s) with delegate (TfLiteXNNPackDelegate) node, yielding 1 partitions for subgraph 203 (odml.rms_norm.impl_89).
VERBOSE: Replacing 16 out of 18 node(s) with delegate (TfLiteXNNPackDelegate) node, yielding 2 partitions for subgraph 204 (odml.rope.impl_43).
VERBOSE: Replacing 16 out of 18 node(s) with delegate (TfLiteXNNPackDelegate) node, yielding 2 partitions for subgraph 205 (odml.rope.impl_44).
VERBOSE: Replacing 3 out of 6 node(s) with delegate (TfLiteXNNPackDelegate) node, yielding 3 partitions for subgraph 206 (odml.cache_update.impl_21).
VERBOSE: Replacing 2 out of 3 node(s) with delegate (TfLiteXNNPackDelegate) node, yielding 3 partitions for subgraph 207 (odml.runtime_bmm.impl_43).
VERBOSE: Replacing 2 out of 3 node(s) with delegate (TfLiteXNNPackDelegate) node, yielding 3 partitions for subgraph 208 (odml.runtime_bmm.impl_44).
VERBOSE: Replacing 7 out of 7 node(s) with delegate (TfLiteXNNPackDelegate) node, yielding 1 partitions for subgraph 209 (odml.rms_norm.impl_90).
VERBOSE: Replacing 7 out of 7 node(s) with delegate (TfLiteXNNPackDelegate) node, yielding 1 partitions for subgraph 210 (odml.rms_norm.impl_91).
VERBOSE: Replacing 7 out of 7 node(s) with delegate (TfLiteXNNPackDelegate) node, yielding 1 partitions for subgraph 211 (odml.rms_norm.impl_92).
VERBOSE: Replacing 7 out of 7 node(s) with delegate (TfLiteXNNPackDelegate) node, yielding 1 partitions for subgraph 212 (odml.rms_norm.impl_93).
VERBOSE: Replacing 16 out of 18 node(s) with delegate (TfLiteXNNPackDelegate) node, yielding 2 partitions for subgraph 213 (odml.rope.impl_45).
VERBOSE: Replacing 16 out of 18 node(s) with delegate (TfLiteXNNPackDelegate) node, yielding 2 partitions for subgraph 214 (odml.rope.impl_46).
VERBOSE: Replacing 3 out of 6 node(s) with delegate (TfLiteXNNPackDelegate) node, yielding 3 partitions for subgraph 215 (odml.cache_update.impl_22).
VERBOSE: Replacing 2 out of 3 node(s) with delegate (TfLiteXNNPackDelegate) node, yielding 3 partitions for subgraph 216 (odml.runtime_bmm.impl_45).
VERBOSE: Replacing 2 out of 3 node(s) with delegate (TfLiteXNNPackDelegate) node, yielding 3 partitions for subgraph 217 (odml.runtime_bmm.impl_46).
VERBOSE: Replacing 7 out of 7 node(s) with delegate (TfLiteXNNPackDelegate) node, yielding 1 partitions for subgraph 218 (odml.rms_norm.impl_94).
VERBOSE: Replacing 7 out of 7 node(s) with delegate (TfLiteXNNPackDelegate) node, yielding 1 partitions for subgraph 219 (odml.rms_norm.impl_95).
VERBOSE: Replacing 7 out of 7 node(s) with delegate (TfLiteXNNPackDelegate) node, yielding 1 partitions for subgraph 220 (odml.rms_norm.impl_96).
VERBOSE: Replacing 7 out of 7 node(s) with delegate (TfLiteXNNPackDelegate) node, yielding 1 partitions for subgraph 221 (odml.rms_norm.impl_97).
VERBOSE: Replacing 16 out of 18 node(s) with delegate (TfLiteXNNPackDelegate) node, yielding 2 partitions for subgraph 222 (odml.rope.impl_47).
VERBOSE: Replacing 16 out of 18 node(s) with delegate (TfLiteXNNPackDelegate) node, yielding 2 partitions for subgraph 223 (odml.rope.impl_48).
VERBOSE: Replacing 3 out of 6 node(s) with delegate (TfLiteXNNPackDelegate) node, yielding 3 partitions for subgraph 224 (odml.cache_update.impl_23).
VERBOSE: Replacing 2 out of 3 node(s) with delegate (TfLiteXNNPackDelegate) node, yielding 3 partitions for subgraph 225 (odml.runtime_bmm.impl_47).
VERBOSE: Replacing 2 out of 3 node(s) with delegate (TfLiteXNNPackDelegate) node, yielding 3 partitions for subgraph 226 (odml.runtime_bmm.impl_48).
VERBOSE: Replacing 7 out of 7 node(s) with delegate (TfLiteXNNPackDelegate) node, yielding 1 partitions for subgraph 227 (odml.rms_norm.impl_98).
VERBOSE: Replacing 7 out of 7 node(s) with delegate (TfLiteXNNPackDelegate) node, yielding 1 partitions for subgraph 228 (odml.rms_norm.impl_99).
VERBOSE: Replacing 7 out of 7 node(s) with delegate (TfLiteXNNPackDelegate) node, yielding 1 partitions for subgraph 229 (odml.rms_norm.impl_100).
VERBOSE: Replacing 7 out of 7 node(s) with delegate (TfLiteXNNPackDelegate) node, yielding 1 partitions for subgraph 230 (odml.rms_norm.impl_101).
VERBOSE: Replacing 16 out of 18 node(s) with delegate (TfLiteXNNPackDelegate) node, yielding 2 partitions for subgraph 231 (odml.rope.impl_49).
VERBOSE: Replacing 16 out of 18 node(s) with delegate (TfLiteXNNPackDelegate) node, yielding 2 partitions for subgraph 232 (odml.rope.impl_50).
VERBOSE: Replacing 3 out of 6 node(s) with delegate (TfLiteXNNPackDelegate) node, yielding 3 partitions for subgraph 233 (odml.cache_update.impl_24).
VERBOSE: Replacing 2 out of 3 node(s) with delegate (TfLiteXNNPackDelegate) node, yielding 3 partitions for subgraph 234 (odml.runtime_bmm.impl_49).
VERBOSE: Replacing 2 out of 3 node(s) with delegate (TfLiteXNNPackDelegate) node, yielding 3 partitions for subgraph 235 (odml.runtime_bmm.impl_50).
VERBOSE: Replacing 7 out of 7 node(s) with delegate (TfLiteXNNPackDelegate) node, yielding 1 partitions for subgraph 236 (odml.rms_norm.impl_102).
VERBOSE: Replacing 7 out of 7 node(s) with delegate (TfLiteXNNPackDelegate) node, yielding 1 partitions for subgraph 237 (odml.rms_norm.impl_103).
VERBOSE: Replacing 7 out of 7 node(s) with delegate (TfLiteXNNPackDelegate) node, yielding 1 partitions for subgraph 238 (odml.rms_norm.impl_104).
VERBOSE: Replacing 7 out of 7 node(s) with delegate (TfLiteXNNPackDelegate) node, yielding 1 partitions for subgraph 239 (odml.rms_norm.impl_105).
VERBOSE: Replacing 16 out of 18 node(s) with delegate (TfLiteXNNPackDelegate) node, yielding 2 partitions for subgraph 240 (odml.rope.impl_51).
VERBOSE: Replacing 16 out of 18 node(s) with delegate (TfLiteXNNPackDelegate) node, yielding 2 partitions for subgraph 241 (odml.rope.impl_52).
VERBOSE: Replacing 3 out of 6 node(s) with delegate (TfLiteXNNPackDelegate) node, yielding 3 partitions for subgraph 242 (odml.cache_update.impl_25).
VERBOSE: Replacing 2 out of 3 node(s) with delegate (TfLiteXNNPackDelegate) node, yielding 3 partitions for subgraph 243 (odml.runtime_bmm.impl_51).
VERBOSE: Replacing 2 out of 3 node(s) with delegate (TfLiteXNNPackDelegate) node, yielding 3 partitions for subgraph 244 (odml.runtime_bmm.impl_52).
VERBOSE: Replacing 7 out of 7 node(s) with delegate (TfLiteXNNPackDelegate) node, yielding 1 partitions for subgraph 245 (odml.rms_norm.impl_106).
VERBOSE: Replacing 7 out of 7 node(s) with delegate (TfLiteXNNPackDelegate) node, yielding 1 partitions for subgraph 246 (odml.rms_norm.impl_107).
VERBOSE: Replacing 7 out of 7 node(s) with delegate (TfLiteXNNPackDelegate) node, yielding 1 partitions for subgraph 247 (odml.rms_norm.impl_108).
VERBOSE: Replacing 16 out of 18 node(s) with delegate (TfLiteXNNPackDelegate) node, yielding 2 partitions for subgraph 248 (odml.rope.impl_53).
VERBOSE: Replacing 3 out of 6 node(s) with delegate (TfLiteXNNPackDelegate) node, yielding 3 partitions for subgraph 249 (odml.cache_update.impl_26).
VERBOSE: Replacing 7 out of 7 node(s) with delegate (TfLiteXNNPackDelegate) node, yielding 1 partitions for subgraph 250 (odml.rms_norm.impl_109).
VERBOSE: Replacing 7 out of 7 node(s) with delegate (TfLiteXNNPackDelegate) node, yielding 1 partitions for subgraph 251 (odml.rms_norm.impl_110).
VERBOSE: Replacing 7 out of 7 node(s) with delegate (TfLiteXNNPackDelegate) node, yielding 1 partitions for subgraph 252 (odml.rms_norm.impl_111).
VERBOSE: Replacing 16 out of 18 node(s) with delegate (TfLiteXNNPackDelegate) node, yielding 2 partitions for subgraph 253 (odml.rope.impl_54).
VERBOSE: Replacing 16 out of 18 node(s) with delegate (TfLiteXNNPackDelegate) node, yielding 2 partitions for subgraph 254 (odml.rope.impl_55).
VERBOSE: Replacing 3 out of 6 node(s) with delegate (TfLiteXNNPackDelegate) node, yielding 3 partitions for subgraph 255 (odml.cache_update.impl_27).
VERBOSE: Replacing 2 out of 3 node(s) with delegate (TfLiteXNNPackDelegate) node, yielding 3 partitions for subgraph 256 (odml.runtime_bmm.impl_53).
VERBOSE: Replacing 2 out of 3 node(s) with delegate (TfLiteXNNPackDelegate) node, yielding 3 partitions for subgraph 257 (odml.runtime_bmm.impl_54).
VERBOSE: Replacing 7 out of 7 node(s) with delegate (TfLiteXNNPackDelegate) node, yielding 1 partitions for subgraph 258 (odml.rms_norm.impl_112).
VERBOSE: Replacing 7 out of 7 node(s) with delegate (TfLiteXNNPackDelegate) node, yielding 1 partitions for subgraph 259 (odml.rms_norm.impl_113).
VERBOSE: Replacing 7 out of 7 node(s) with delegate (TfLiteXNNPackDelegate) node, yielding 1 partitions for subgraph 260 (odml.rms_norm.impl_114).
VERBOSE: Replacing 7 out of 7 node(s) with delegate (TfLiteXNNPackDelegate) node, yielding 1 partitions for subgraph 261 (odml.rms_norm.impl_115).
VERBOSE: Replacing 16 out of 18 node(s) with delegate (TfLiteXNNPackDelegate) node, yielding 2 partitions for subgraph 262 (odml.rope.impl_56).
VERBOSE: Replacing 16 out of 18 node(s) with delegate (TfLiteXNNPackDelegate) node, yielding 2 partitions for subgraph 263 (odml.rope.impl_57).
VERBOSE: Replacing 3 out of 6 node(s) with delegate (TfLiteXNNPackDelegate) node, yielding 3 partitions for subgraph 264 (odml.cache_update.impl_28).
VERBOSE: Replacing 2 out of 3 node(s) with delegate (TfLiteXNNPackDelegate) node, yielding 3 partitions for subgraph 265 (odml.runtime_bmm.impl_55).
VERBOSE: Replacing 2 out of 3 node(s) with delegate (TfLiteXNNPackDelegate) node, yielding 3 partitions for subgraph 266 (odml.runtime_bmm.impl_56).
VERBOSE: Replacing 7 out of 7 node(s) with delegate (TfLiteXNNPackDelegate) node, yielding 1 partitions for subgraph 267 (odml.rms_norm.impl_116).
VERBOSE: Replacing 7 out of 7 node(s) with delegate (TfLiteXNNPackDelegate) node, yielding 1 partitions for subgraph 268 (odml.rms_norm.impl_117).
VERBOSE: Replacing 7 out of 7 node(s) with delegate (TfLiteXNNPackDelegate) node, yielding 1 partitions for subgraph 269 (odml.rms_norm.impl_118).
VERBOSE: Replacing 7 out of 7 node(s) with delegate (TfLiteXNNPackDelegate) node, yielding 1 partitions for subgraph 270 (odml.rms_norm.impl_119).
VERBOSE: Replacing 16 out of 18 node(s) with delegate (TfLiteXNNPackDelegate) node, yielding 2 partitions for subgraph 271 (odml.rope.impl_58).
VERBOSE: Replacing 16 out of 18 node(s) with delegate (TfLiteXNNPackDelegate) node, yielding 2 partitions for subgraph 272 (odml.rope.impl_59).
VERBOSE: Replacing 3 out of 6 node(s) with delegate (TfLiteXNNPackDelegate) node, yielding 3 partitions for subgraph 273 (odml.cache_update.impl_29).
VERBOSE: Replacing 2 out of 3 node(s) with delegate (TfLiteXNNPackDelegate) node, yielding 3 partitions for subgraph 274 (odml.runtime_bmm.impl_57).
VERBOSE: Replacing 2 out of 3 node(s) with delegate (TfLiteXNNPackDelegate) node, yielding 3 partitions for subgraph 275 (odml.runtime_bmm.impl_58).
VERBOSE: Replacing 7 out of 7 node(s) with delegate (TfLiteXNNPackDelegate) node, yielding 1 partitions for subgraph 276 (odml.rms_norm.impl_120).
VERBOSE: Replacing 7 out of 7 node(s) with delegate (TfLiteXNNPackDelegate) node, yielding 1 partitions for subgraph 277 (odml.rms_norm.impl_121).
VERBOSE: Replacing 7 out of 7 node(s) with delegate (TfLiteXNNPackDelegate) node, yielding 1 partitions for subgraph 278 (odml.rms_norm.impl_122).
VERBOSE: Replacing 7 out of 7 node(s) with delegate (TfLiteXNNPackDelegate) node, yielding 1 partitions for subgraph 279 (odml.rms_norm.impl_123).
VERBOSE: Replacing 16 out of 18 node(s) with delegate (TfLiteXNNPackDelegate) node, yielding 2 partitions for subgraph 280 (odml.rope.impl_60).
VERBOSE: Replacing 16 out of 18 node(s) with delegate (TfLiteXNNPackDelegate) node, yielding 2 partitions for subgraph 281 (odml.rope.impl_61).
VERBOSE: Replacing 3 out of 6 node(s) with delegate (TfLiteXNNPackDelegate) node, yielding 3 partitions for subgraph 282 (odml.cache_update.impl_30).
VERBOSE: Replacing 2 out of 3 node(s) with delegate (TfLiteXNNPackDelegate) node, yielding 3 partitions for subgraph 283 (odml.runtime_bmm.impl_59).
VERBOSE: Replacing 2 out of 3 node(s) with delegate (TfLiteXNNPackDelegate) node, yielding 3 partitions for subgraph 284 (odml.runtime_bmm.impl_60).
VERBOSE: Replacing 7 out of 7 node(s) with delegate (TfLiteXNNPackDelegate) node, yielding 1 partitions for subgraph 285 (odml.rms_norm.impl_124).
VERBOSE: Replacing 7 out of 7 node(s) with delegate (TfLiteXNNPackDelegate) node, yielding 1 partitions for subgraph 286 (odml.rms_norm.impl_125).
VERBOSE: Replacing 7 out of 7 node(s) with delegate (TfLiteXNNPackDelegate) node, yielding 1 partitions for subgraph 287 (odml.rms_norm.impl_126).
VERBOSE: Replacing 7 out of 7 node(s) with delegate (TfLiteXNNPackDelegate) node, yielding 1 partitions for subgraph 288 (odml.rms_norm.impl_127).
VERBOSE: Replacing 16 out of 18 node(s) with delegate (TfLiteXNNPackDelegate) node, yielding 2 partitions for subgraph 289 (odml.rope.impl_62).
VERBOSE: Replacing 16 out of 18 node(s) with delegate (TfLiteXNNPackDelegate) node, yielding 2 partitions for subgraph 290 (odml.rope.impl_63).
VERBOSE: Replacing 3 out of 6 node(s) with delegate (TfLiteXNNPackDelegate) node, yielding 3 partitions for subgraph 291 (odml.cache_update.impl_31).
VERBOSE: Replacing 2 out of 3 node(s) with delegate (TfLiteXNNPackDelegate) node, yielding 3 partitions for subgraph 292 (odml.runtime_bmm.impl_61).
VERBOSE: Replacing 2 out of 3 node(s) with delegate (TfLiteXNNPackDelegate) node, yielding 3 partitions for subgraph 293 (odml.runtime_bmm.impl_62).
VERBOSE: Replacing 7 out of 7 node(s) with delegate (TfLiteXNNPackDelegate) node, yielding 1 partitions for subgraph 294 (odml.rms_norm.impl_128).
VERBOSE: Replacing 7 out of 7 node(s) with delegate (TfLiteXNNPackDelegate) node, yielding 1 partitions for subgraph 295 (odml.rms_norm.impl_129).
VERBOSE: Replacing 7 out of 7 node(s) with delegate (TfLiteXNNPackDelegate) node, yielding 1 partitions for subgraph 296 (odml.rms_norm.impl_130).
VERBOSE: Replacing 7 out of 7 node(s) with delegate (TfLiteXNNPackDelegate) node, yielding 1 partitions for subgraph 297 (odml.rms_norm.impl_131).
VERBOSE: Replacing 16 out of 18 node(s) with delegate (TfLiteXNNPackDelegate) node, yielding 2 partitions for subgraph 298 (odml.rope.impl_64).
VERBOSE: Replacing 16 out of 18 node(s) with delegate (TfLiteXNNPackDelegate) node, yielding 2 partitions for subgraph 299 (odml.rope.impl_65).
VERBOSE: Replacing 3 out of 6 node(s) with delegate (TfLiteXNNPackDelegate) node, yielding 3 partitions for subgraph 300 (odml.cache_update.impl_32).
VERBOSE: Replacing 2 out of 3 node(s) with delegate (TfLiteXNNPackDelegate) node, yielding 3 partitions for subgraph 301 (odml.runtime_bmm.impl_63).
VERBOSE: Replacing 2 out of 3 node(s) with delegate (TfLiteXNNPackDelegate) node, yielding 3 partitions for subgraph 302 (odml.runtime_bmm.impl_64).
VERBOSE: Replacing 7 out of 7 node(s) with delegate (TfLiteXNNPackDelegate) node, yielding 1 partitions for subgraph 303 (odml.rms_norm.impl_132).
VERBOSE: Replacing 7 out of 7 node(s) with delegate (TfLiteXNNPackDelegate) node, yielding 1 partitions for subgraph 304 (odml.rms_norm.impl_133).
VERBOSE: Replacing 7 out of 7 node(s) with delegate (TfLiteXNNPackDelegate) node, yielding 1 partitions for subgraph 305 (odml.rms_norm.impl_134).
VERBOSE: Replacing 7 out of 7 node(s) with delegate (TfLiteXNNPackDelegate) node, yielding 1 partitions for subgraph 306 (odml.rms_norm.impl_135).
VERBOSE: Replacing 16 out of 18 node(s) with delegate (TfLiteXNNPackDelegate) node, yielding 2 partitions for subgraph 307 (odml.rope.impl_66).
VERBOSE: Replacing 16 out of 18 node(s) with delegate (TfLiteXNNPackDelegate) node, yielding 2 partitions for subgraph 308 (odml.rope.impl_67).
VERBOSE: Replacing 3 out of 6 node(s) with delegate (TfLiteXNNPackDelegate) node, yielding 3 partitions for subgraph 309 (odml.cache_update.impl_33).
VERBOSE: Replacing 2 out of 3 node(s) with delegate (TfLiteXNNPackDelegate) node, yielding 3 partitions for subgraph 310 (odml.runtime_bmm.impl_65).
VERBOSE: Replacing 2 out of 3 node(s) with delegate (TfLiteXNNPackDelegate) node, yielding 3 partitions for subgraph 311 (odml.runtime_bmm.impl_66).
VERBOSE: Replacing 7 out of 7 node(s) with delegate (TfLiteXNNPackDelegate) node, yielding 1 partitions for subgraph 312 (odml.rms_norm.impl_136).
VERBOSE: Replacing 7 out of 7 node(s) with delegate (TfLiteXNNPackDelegate) node, yielding 1 partitions for subgraph 313 (odml.rms_norm.impl_137).
VERBOSE: Replacing 7 out of 7 node(s) with delegate (TfLiteXNNPackDelegate) node, yielding 1 partitions for subgraph 314 (odml.rms_norm.impl_138).
VERBOSE: Replacing 7 out of 7 node(s) with delegate (TfLiteXNNPackDelegate) node, yielding 1 partitions for subgraph 315 (odml.rms_norm.impl_139).
VERBOSE: Replacing 16 out of 18 node(s) with delegate (TfLiteXNNPackDelegate) node, yielding 2 partitions for subgraph 316 (odml.rope.impl_68).
VERBOSE: Replacing 16 out of 18 node(s) with delegate (TfLiteXNNPackDelegate) node, yielding 2 partitions for subgraph 317 (odml.rope.impl_69).
VERBOSE: Replacing 3 out of 6 node(s) with delegate (TfLiteXNNPackDelegate) node, yielding 3 partitions for subgraph 318 (odml.cache_update.impl_34).
VERBOSE: Replacing 2 out of 3 node(s) with delegate (TfLiteXNNPackDelegate) node, yielding 3 partitions for subgraph 319 (odml.runtime_bmm.impl_67).
VERBOSE: Replacing 2 out of 3 node(s) with delegate (TfLiteXNNPackDelegate) node, yielding 3 partitions for subgraph 320 (odml.runtime_bmm.impl_68).
VERBOSE: Replacing 7 out of 7 node(s) with delegate (TfLiteXNNPackDelegate) node, yielding 1 partitions for subgraph 321 (odml.rms_norm.impl_140).
VERBOSE: Replacing 7 out of 7 node(s) with delegate (TfLiteXNNPackDelegate) node, yielding 1 partitions for subgraph 322 (odml.rms_norm.impl_141).
VERBOSE: Replacing 7 out of 7 node(s) with delegate (TfLiteXNNPackDelegate) node, yielding 1 partitions for subgraph 323 (odml.rms_norm.impl_142).
VERBOSE: Replacing 7 out of 7 node(s) with delegate (TfLiteXNNPackDelegate) node, yielding 1 partitions for subgraph 324 (odml.rms_norm.impl_143).
VERBOSE: Replacing 16 out of 18 node(s) with delegate (TfLiteXNNPackDelegate) node, yielding 2 partitions for subgraph 325 (odml.rope.impl_70).
VERBOSE: Replacing 16 out of 18 node(s) with delegate (TfLiteXNNPackDelegate) node, yielding 2 partitions for subgraph 326 (odml.rope.impl_71).
VERBOSE: Replacing 3 out of 6 node(s) with delegate (TfLiteXNNPackDelegate) node, yielding 3 partitions for subgraph 327 (odml.cache_update.impl_35).
VERBOSE: Replacing 2 out of 3 node(s) with delegate (TfLiteXNNPackDelegate) node, yielding 3 partitions for subgraph 328 (odml.runtime_bmm.impl_69).
VERBOSE: Replacing 2 out of 3 node(s) with delegate (TfLiteXNNPackDelegate) node, yielding 3 partitions for subgraph 329 (odml.runtime_bmm.impl_70).
VERBOSE: Replacing 7 out of 7 node(s) with delegate (TfLiteXNNPackDelegate) node, yielding 1 partitions for subgraph 330 (odml.rms_norm.impl_144).
VERBOSE: Replacing 7 out of 7 node(s) with delegate (TfLiteXNNPackDelegate) node, yielding 1 partitions for subgraph 331 (odml.rms_norm.impl_145).
VERBOSE: Replacing 7 out of 7 node(s) with delegate (TfLiteXNNPackDelegate) node, yielding 1 partitions for subgraph 332 (odml.rms_norm.impl_146).
VERBOSE: Replacing 7 out of 7 node(s) with delegate (TfLiteXNNPackDelegate) node, yielding 1 partitions for subgraph 333 (odml.rms_norm.impl_147).
VERBOSE: Replacing 16 out of 18 node(s) with delegate (TfLiteXNNPackDelegate) node, yielding 2 partitions for subgraph 334 (odml.rope.impl_72).
VERBOSE: Replacing 16 out of 18 node(s) with delegate (TfLiteXNNPackDelegate) node, yielding 2 partitions for subgraph 335 (odml.rope.impl_73).
VERBOSE: Replacing 3 out of 6 node(s) with delegate (TfLiteXNNPackDelegate) node, yielding 3 partitions for subgraph 336 (odml.cache_update.impl_36).
VERBOSE: Replacing 2 out of 3 node(s) with delegate (TfLiteXNNPackDelegate) node, yielding 3 partitions for subgraph 337 (odml.runtime_bmm.impl_71).
VERBOSE: Replacing 2 out of 3 node(s) with delegate (TfLiteXNNPackDelegate) node, yielding 3 partitions for subgraph 338 (odml.runtime_bmm.impl_72).
VERBOSE: Replacing 7 out of 7 node(s) with delegate (TfLiteXNNPackDelegate) node, yielding 1 partitions for subgraph 339 (odml.rms_norm.impl_148).
VERBOSE: Replacing 7 out of 7 node(s) with delegate (TfLiteXNNPackDelegate) node, yielding 1 partitions for subgraph 340 (odml.rms_norm.impl_149).
VERBOSE: Replacing 7 out of 7 node(s) with delegate (TfLiteXNNPackDelegate) node, yielding 1 partitions for subgraph 341 (odml.rms_norm.impl_150).
VERBOSE: Replacing 7 out of 7 node(s) with delegate (TfLiteXNNPackDelegate) node, yielding 1 partitions for subgraph 342 (odml.rms_norm.impl_151).
VERBOSE: Replacing 16 out of 18 node(s) with delegate (TfLiteXNNPackDelegate) node, yielding 2 partitions for subgraph 343 (odml.rope.impl_74).
VERBOSE: Replacing 16 out of 18 node(s) with delegate (TfLiteXNNPackDelegate) node, yielding 2 partitions for subgraph 344 (odml.rope.impl_75).
VERBOSE: Replacing 3 out of 6 node(s) with delegate (TfLiteXNNPackDelegate) node, yielding 3 partitions for subgraph 345 (odml.cache_update.impl_37).
VERBOSE: Replacing 2 out of 3 node(s) with delegate (TfLiteXNNPackDelegate) node, yielding 3 partitions for subgraph 346 (odml.runtime_bmm.impl_73).
VERBOSE: Replacing 2 out of 3 node(s) with delegate (TfLiteXNNPackDelegate) node, yielding 3 partitions for subgraph 347 (odml.runtime_bmm.impl_74).
VERBOSE: Replacing 7 out of 7 node(s) with delegate (TfLiteXNNPackDelegate) node, yielding 1 partitions for subgraph 348 (odml.rms_norm.impl_152).
VERBOSE: Replacing 7 out of 7 node(s) with delegate (TfLiteXNNPackDelegate) node, yielding 1 partitions for subgraph 349 (odml.rms_norm.impl_153).
VERBOSE: Replacing 7 out of 7 node(s) with delegate (TfLiteXNNPackDelegate) node, yielding 1 partitions for subgraph 350 (odml.rms_norm.impl_154).
VERBOSE: Replacing 7 out of 7 node(s) with delegate (TfLiteXNNPackDelegate) node, yielding 1 partitions for subgraph 351 (odml.rms_norm.impl_155).
VERBOSE: Replacing 16 out of 18 node(s) with delegate (TfLiteXNNPackDelegate) node, yielding 2 partitions for subgraph 352 (odml.rope.impl_76).
VERBOSE: Replacing 16 out of 18 node(s) with delegate (TfLiteXNNPackDelegate) node, yielding 2 partitions for subgraph 353 (odml.rope.impl_77).
VERBOSE: Replacing 3 out of 6 node(s) with delegate (TfLiteXNNPackDelegate) node, yielding 3 partitions for subgraph 354 (odml.cache_update.impl_38).
VERBOSE: Replacing 2 out of 3 node(s) with delegate (TfLiteXNNPackDelegate) node, yielding 3 partitions for subgraph 355 (odml.runtime_bmm.impl_75).
VERBOSE: Replacing 2 out of 3 node(s) with delegate (TfLiteXNNPackDelegate) node, yielding 3 partitions for subgraph 356 (odml.runtime_bmm.impl_76).
VERBOSE: Replacing 7 out of 7 node(s) with delegate (TfLiteXNNPackDelegate) node, yielding 1 partitions for subgraph 357 (odml.rms_norm.impl_156).
VERBOSE: Replacing 7 out of 7 node(s) with delegate (TfLiteXNNPackDelegate) node, yielding 1 partitions for subgraph 358 (odml.rms_norm.impl_157).
VERBOSE: Replacing 7 out of 7 node(s) with delegate (TfLiteXNNPackDelegate) node, yielding 1 partitions for subgraph 359 (odml.rms_norm.impl_158).
VERBOSE: Replacing 7 out of 7 node(s) with delegate (TfLiteXNNPackDelegate) node, yielding 1 partitions for subgraph 360 (odml.rms_norm.impl_159).
VERBOSE: Replacing 16 out of 18 node(s) with delegate (TfLiteXNNPackDelegate) node, yielding 2 partitions for subgraph 361 (odml.rope.impl_78).
VERBOSE: Replacing 16 out of 18 node(s) with delegate (TfLiteXNNPackDelegate) node, yielding 2 partitions for subgraph 362 (odml.rope.impl_79).
VERBOSE: Replacing 3 out of 6 node(s) with delegate (TfLiteXNNPackDelegate) node, yielding 3 partitions for subgraph 363 (odml.cache_update.impl_39).
VERBOSE: Replacing 2 out of 3 node(s) with delegate (TfLiteXNNPackDelegate) node, yielding 3 partitions for subgraph 364 (odml.runtime_bmm.impl_77).
VERBOSE: Replacing 2 out of 3 node(s) with delegate (TfLiteXNNPackDelegate) node, yielding 3 partitions for subgraph 365 (odml.runtime_bmm.impl_78).
VERBOSE: Replacing 7 out of 7 node(s) with delegate (TfLiteXNNPackDelegate) node, yielding 1 partitions for subgraph 366 (odml.rms_norm.impl_160).
VERBOSE: Replacing 7 out of 7 node(s) with delegate (TfLiteXNNPackDelegate) node, yielding 1 partitions for subgraph 367 (odml.rms_norm.impl_161).
VERBOSE: Replacing 7 out of 7 node(s) with delegate (TfLiteXNNPackDelegate) node, yielding 1 partitions for subgraph 368 (odml.rms_norm.impl_162).
VERBOSE: Replacing 7 out of 7 node(s) with delegate (TfLiteXNNPackDelegate) node, yielding 1 partitions for subgraph 369 (odml.rms_norm.impl_163).
VERBOSE: Replacing 16 out of 18 node(s) with delegate (TfLiteXNNPackDelegate) node, yielding 2 partitions for subgraph 370 (odml.rope.impl_80).
VERBOSE: Replacing 16 out of 18 node(s) with delegate (TfLiteXNNPackDelegate) node, yielding 2 partitions for subgraph 371 (odml.rope.impl_81).
VERBOSE: Replacing 3 out of 6 node(s) with delegate (TfLiteXNNPackDelegate) node, yielding 3 partitions for subgraph 372 (odml.cache_update.impl_40).
VERBOSE: Replacing 2 out of 3 node(s) with delegate (TfLiteXNNPackDelegate) node, yielding 3 partitions for subgraph 373 (odml.runtime_bmm.impl_79).
VERBOSE: Replacing 2 out of 3 node(s) with delegate (TfLiteXNNPackDelegate) node, yielding 3 partitions for subgraph 374 (odml.runtime_bmm.impl_80).
VERBOSE: Replacing 7 out of 7 node(s) with delegate (TfLiteXNNPackDelegate) node, yielding 1 partitions for subgraph 375 (odml.rms_norm.impl_164).
VERBOSE: Replacing 7 out of 7 node(s) with delegate (TfLiteXNNPackDelegate) node, yielding 1 partitions for subgraph 376 (odml.rms_norm.impl_165).
VERBOSE: Replacing 7 out of 7 node(s) with delegate (TfLiteXNNPackDelegate) node, yielding 1 partitions for subgraph 377 (odml.rms_norm.impl_166).
VERBOSE: Replacing 7 out of 7 node(s) with delegate (TfLiteXNNPackDelegate) node, yielding 1 partitions for subgraph 378 (odml.rms_norm.impl_167).
VERBOSE: Replacing 16 out of 18 node(s) with delegate (TfLiteXNNPackDelegate) node, yielding 2 partitions for subgraph 379 (odml.rope.impl_82).
VERBOSE: Replacing 16 out of 18 node(s) with delegate (TfLiteXNNPackDelegate) node, yielding 2 partitions for subgraph 380 (odml.rope.impl_83).
VERBOSE: Replacing 3 out of 6 node(s) with delegate (TfLiteXNNPackDelegate) node, yielding 3 partitions for subgraph 381 (odml.cache_update.impl_41).
VERBOSE: Replacing 2 out of 3 node(s) with delegate (TfLiteXNNPackDelegate) node, yielding 3 partitions for subgraph 382 (odml.runtime_bmm.impl_81).
VERBOSE: Replacing 2 out of 3 node(s) with delegate (TfLiteXNNPackDelegate) node, yielding 3 partitions for subgraph 383 (odml.runtime_bmm.impl_82).
VERBOSE: Replacing 7 out of 7 node(s) with delegate (TfLiteXNNPackDelegate) node, yielding 1 partitions for subgraph 384 (odml.rms_norm.impl_168).
VERBOSE: Replacing 7 out of 7 node(s) with delegate (TfLiteXNNPackDelegate) node, yielding 1 partitions for subgraph 385 (odml.rms_norm.impl_169).
VERBOSE: Replacing 7 out of 7 node(s) with delegate (TfLiteXNNPackDelegate) node, yielding 1 partitions for subgraph 386 (odml.rms_norm.impl_170).
VERBOSE: Replacing 7 out of 7 node(s) with delegate (TfLiteXNNPackDelegate) node, yielding 1 partitions for subgraph 387 (odml.rms_norm.impl_171).
VERBOSE: Replacing 16 out of 18 node(s) with delegate (TfLiteXNNPackDelegate) node, yielding 2 partitions for subgraph 388 (odml.rope.impl_84).
VERBOSE: Replacing 16 out of 18 node(s) with delegate (TfLiteXNNPackDelegate) node, yielding 2 partitions for subgraph 389 (odml.rope.impl_85).
VERBOSE: Replacing 3 out of 6 node(s) with delegate (TfLiteXNNPackDelegate) node, yielding 3 partitions for subgraph 390 (odml.cache_update.impl_42).
VERBOSE: Replacing 2 out of 3 node(s) with delegate (TfLiteXNNPackDelegate) node, yielding 3 partitions for subgraph 391 (odml.runtime_bmm.impl_83).
VERBOSE: Replacing 2 out of 3 node(s) with delegate (TfLiteXNNPackDelegate) node, yielding 3 partitions for subgraph 392 (odml.runtime_bmm.impl_84).
VERBOSE: Replacing 7 out of 7 node(s) with delegate (TfLiteXNNPackDelegate) node, yielding 1 partitions for subgraph 393 (odml.rms_norm.impl_172).
VERBOSE: Replacing 7 out of 7 node(s) with delegate (TfLiteXNNPackDelegate) node, yielding 1 partitions for subgraph 394 (odml.rms_norm.impl_173).
VERBOSE: Replacing 7 out of 7 node(s) with delegate (TfLiteXNNPackDelegate) node, yielding 1 partitions for subgraph 395 (odml.rms_norm.impl_174).
VERBOSE: Replacing 7 out of 7 node(s) with delegate (TfLiteXNNPackDelegate) node, yielding 1 partitions for subgraph 396 (odml.rms_norm.impl_175).
VERBOSE: Replacing 16 out of 18 node(s) with delegate (TfLiteXNNPackDelegate) node, yielding 2 partitions for subgraph 397 (odml.rope.impl_86).
VERBOSE: Replacing 16 out of 18 node(s) with delegate (TfLiteXNNPackDelegate) node, yielding 2 partitions for subgraph 398 (odml.rope.impl_87).
VERBOSE: Replacing 3 out of 6 node(s) with delegate (TfLiteXNNPackDelegate) node, yielding 3 partitions for subgraph 399 (odml.cache_update.impl_43).
VERBOSE: Replacing 2 out of 3 node(s) with delegate (TfLiteXNNPackDelegate) node, yielding 3 partitions for subgraph 400 (odml.runtime_bmm.impl_85).
VERBOSE: Replacing 2 out of 3 node(s) with delegate (TfLiteXNNPackDelegate) node, yielding 3 partitions for subgraph 401 (odml.runtime_bmm.impl_86).
VERBOSE: Replacing 7 out of 7 node(s) with delegate (TfLiteXNNPackDelegate) node, yielding 1 partitions for subgraph 402 (odml.rms_norm.impl_176).
VERBOSE: Replacing 7 out of 7 node(s) with delegate (TfLiteXNNPackDelegate) node, yielding 1 partitions for subgraph 403 (odml.rms_norm.impl_177).
VERBOSE: Replacing 7 out of 7 node(s) with delegate (TfLiteXNNPackDelegate) node, yielding 1 partitions for subgraph 404 (odml.rms_norm.impl_178).
VERBOSE: Replacing 7 out of 7 node(s) with delegate (TfLiteXNNPackDelegate) node, yielding 1 partitions for subgraph 405 (odml.rms_norm.impl_179).
VERBOSE: Replacing 16 out of 18 node(s) with delegate (TfLiteXNNPackDelegate) node, yielding 2 partitions for subgraph 406 (odml.rope.impl_88).
VERBOSE: Replacing 16 out of 18 node(s) with delegate (TfLiteXNNPackDelegate) node, yielding 2 partitions for subgraph 407 (odml.rope.impl_89).
VERBOSE: Replacing 3 out of 6 node(s) with delegate (TfLiteXNNPackDelegate) node, yielding 3 partitions for subgraph 408 (odml.cache_update.impl_44).
VERBOSE: Replacing 2 out of 3 node(s) with delegate (TfLiteXNNPackDelegate) node, yielding 3 partitions for subgraph 409 (odml.runtime_bmm.impl_87).
VERBOSE: Replacing 2 out of 3 node(s) with delegate (TfLiteXNNPackDelegate) node, yielding 3 partitions for subgraph 410 (odml.runtime_bmm.impl_88).
VERBOSE: Replacing 7 out of 7 node(s) with delegate (TfLiteXNNPackDelegate) node, yielding 1 partitions for subgraph 411 (odml.rms_norm.impl_180).
VERBOSE: Replacing 7 out of 7 node(s) with delegate (TfLiteXNNPackDelegate) node, yielding 1 partitions for subgraph 412 (odml.rms_norm.impl_181).
VERBOSE: Replacing 7 out of 7 node(s) with delegate (TfLiteXNNPackDelegate) node, yielding 1 partitions for subgraph 413 (odml.rms_norm.impl_182).
VERBOSE: Replacing 7 out of 7 node(s) with delegate (TfLiteXNNPackDelegate) node, yielding 1 partitions for subgraph 414 (odml.rms_norm.impl_183).
VERBOSE: Replacing 16 out of 18 node(s) with delegate (TfLiteXNNPackDelegate) node, yielding 2 partitions for subgraph 415 (odml.rope.impl_90).
VERBOSE: Replacing 16 out of 18 node(s) with delegate (TfLiteXNNPackDelegate) node, yielding 2 partitions for subgraph 416 (odml.rope.impl_91).
VERBOSE: Replacing 3 out of 6 node(s) with delegate (TfLiteXNNPackDelegate) node, yielding 3 partitions for subgraph 417 (odml.cache_update.impl_45).
VERBOSE: Replacing 2 out of 3 node(s) with delegate (TfLiteXNNPackDelegate) node, yielding 3 partitions for subgraph 418 (odml.runtime_bmm.impl_89).
VERBOSE: Replacing 2 out of 3 node(s) with delegate (TfLiteXNNPackDelegate) node, yielding 3 partitions for subgraph 419 (odml.runtime_bmm.impl_90).
VERBOSE: Replacing 7 out of 7 node(s) with delegate (TfLiteXNNPackDelegate) node, yielding 1 partitions for subgraph 420 (odml.rms_norm.impl_184).
VERBOSE: Replacing 7 out of 7 node(s) with delegate (TfLiteXNNPackDelegate) node, yielding 1 partitions for subgraph 421 (odml.rms_norm.impl_185).
VERBOSE: Replacing 7 out of 7 node(s) with delegate (TfLiteXNNPackDelegate) node, yielding 1 partitions for subgraph 422 (odml.rms_norm.impl_186).
VERBOSE: Replacing 7 out of 7 node(s) with delegate (TfLiteXNNPackDelegate) node, yielding 1 partitions for subgraph 423 (odml.rms_norm.impl_187).
VERBOSE: Replacing 16 out of 18 node(s) with delegate (TfLiteXNNPackDelegate) node, yielding 2 partitions for subgraph 424 (odml.rope.impl_92).
VERBOSE: Replacing 16 out of 18 node(s) with delegate (TfLiteXNNPackDelegate) node, yielding 2 partitions for subgraph 425 (odml.rope.impl_93).
VERBOSE: Replacing 3 out of 6 node(s) with delegate (TfLiteXNNPackDelegate) node, yielding 3 partitions for subgraph 426 (odml.cache_update.impl_46).
VERBOSE: Replacing 2 out of 3 node(s) with delegate (TfLiteXNNPackDelegate) node, yielding 3 partitions for subgraph 427 (odml.runtime_bmm.impl_91).
VERBOSE: Replacing 2 out of 3 node(s) with delegate (TfLiteXNNPackDelegate) node, yielding 3 partitions for subgraph 428 (odml.runtime_bmm.impl_92).
VERBOSE: Replacing 7 out of 7 node(s) with delegate (TfLiteXNNPackDelegate) node, yielding 1 partitions for subgraph 429 (odml.rms_norm.impl_188).
VERBOSE: Replacing 7 out of 7 node(s) with delegate (TfLiteXNNPackDelegate) node, yielding 1 partitions for subgraph 430 (odml.rms_norm.impl_189).
VERBOSE: Replacing 7 out of 7 node(s) with delegate (TfLiteXNNPackDelegate) node, yielding 1 partitions for subgraph 431 (odml.rms_norm.impl_190).
VERBOSE: Replacing 7 out of 7 node(s) with delegate (TfLiteXNNPackDelegate) node, yielding 1 partitions for subgraph 432 (odml.rms_norm.impl_191).
VERBOSE: Replacing 16 out of 18 node(s) with delegate (TfLiteXNNPackDelegate) node, yielding 2 partitions for subgraph 433 (odml.rope.impl_94).
VERBOSE: Replacing 16 out of 18 node(s) with delegate (TfLiteXNNPackDelegate) node, yielding 2 partitions for subgraph 434 (odml.rope.impl_95).
VERBOSE: Replacing 3 out of 6 node(s) with delegate (TfLiteXNNPackDelegate) node, yielding 3 partitions for subgraph 435 (odml.cache_update.impl_47).
VERBOSE: Replacing 2 out of 3 node(s) with delegate (TfLiteXNNPackDelegate) node, yielding 3 partitions for subgraph 436 (odml.runtime_bmm.impl_93).
VERBOSE: Replacing 2 out of 3 node(s) with delegate (TfLiteXNNPackDelegate) node, yielding 3 partitions for subgraph 437 (odml.runtime_bmm.impl_94).
VERBOSE: Replacing 7 out of 7 node(s) with delegate (TfLiteXNNPackDelegate) node, yielding 1 partitions for subgraph 438 (odml.rms_norm.impl_192).
VERBOSE: Replacing 7 out of 7 node(s) with delegate (TfLiteXNNPackDelegate) node, yielding 1 partitions for subgraph 439 (odml.rms_norm.impl_193).
VERBOSE: Replacing 7 out of 7 node(s) with delegate (TfLiteXNNPackDelegate) node, yielding 1 partitions for subgraph 440 (odml.rms_norm.impl_194).
VERBOSE: Replacing 7 out of 7 node(s) with delegate (TfLiteXNNPackDelegate) node, yielding 1 partitions for subgraph 441 (odml.rms_norm.impl_195).
VERBOSE: Replacing 16 out of 18 node(s) with delegate (TfLiteXNNPackDelegate) node, yielding 2 partitions for subgraph 442 (odml.rope.impl_96).
VERBOSE: Replacing 16 out of 18 node(s) with delegate (TfLiteXNNPackDelegate) node, yielding 2 partitions for subgraph 443 (odml.rope.impl_97).
VERBOSE: Replacing 3 out of 6 node(s) with delegate (TfLiteXNNPackDelegate) node, yielding 3 partitions for subgraph 444 (odml.cache_update.impl_48).
VERBOSE: Replacing 2 out of 3 node(s) with delegate (TfLiteXNNPackDelegate) node, yielding 3 partitions for subgraph 445 (odml.runtime_bmm.impl_95).
VERBOSE: Replacing 2 out of 3 node(s) with delegate (TfLiteXNNPackDelegate) node, yielding 3 partitions for subgraph 446 (odml.runtime_bmm.impl_96).
VERBOSE: Replacing 7 out of 7 node(s) with delegate (TfLiteXNNPackDelegate) node, yielding 1 partitions for subgraph 447 (odml.rms_norm.impl_196).
VERBOSE: Replacing 7 out of 7 node(s) with delegate (TfLiteXNNPackDelegate) node, yielding 1 partitions for subgraph 448 (odml.rms_norm.impl_197).
VERBOSE: Replacing 7 out of 7 node(s) with delegate (TfLiteXNNPackDelegate) node, yielding 1 partitions for subgraph 449 (odml.rms_norm.impl_198).
VERBOSE: Replacing 7 out of 7 node(s) with delegate (TfLiteXNNPackDelegate) node, yielding 1 partitions for subgraph 450 (odml.rms_norm.impl_199).
VERBOSE: Replacing 16 out of 18 node(s) with delegate (TfLiteXNNPackDelegate) node, yielding 2 partitions for subgraph 451 (odml.rope.impl_98).
VERBOSE: Replacing 16 out of 18 node(s) with delegate (TfLiteXNNPackDelegate) node, yielding 2 partitions for subgraph 452 (odml.rope.impl_99).
VERBOSE: Replacing 3 out of 6 node(s) with delegate (TfLiteXNNPackDelegate) node, yielding 3 partitions for subgraph 453 (odml.cache_update.impl_49).
VERBOSE: Replacing 2 out of 3 node(s) with delegate (TfLiteXNNPackDelegate) node, yielding 3 partitions for subgraph 454 (odml.runtime_bmm.impl_97).
VERBOSE: Replacing 2 out of 3 node(s) with delegate (TfLiteXNNPackDelegate) node, yielding 3 partitions for subgraph 455 (odml.runtime_bmm.impl_98).
VERBOSE: Replacing 7 out of 7 node(s) with delegate (TfLiteXNNPackDelegate) node, yielding 1 partitions for subgraph 456 (odml.rms_norm.impl_200).
VERBOSE: Replacing 7 out of 7 node(s) with delegate (TfLiteXNNPackDelegate) node, yielding 1 partitions for subgraph 457 (odml.rms_norm.impl_201).
VERBOSE: Replacing 7 out of 7 node(s) with delegate (TfLiteXNNPackDelegate) node, yielding 1 partitions for subgraph 458 (odml.rms_norm.impl_202).
VERBOSE: Replacing 7 out of 7 node(s) with delegate (TfLiteXNNPackDelegate) node, yielding 1 partitions for subgraph 459 (odml.rms_norm.impl_203).
VERBOSE: Replacing 16 out of 18 node(s) with delegate (TfLiteXNNPackDelegate) node, yielding 2 partitions for subgraph 460 (odml.rope.impl_100).
VERBOSE: Replacing 16 out of 18 node(s) with delegate (TfLiteXNNPackDelegate) node, yielding 2 partitions for subgraph 461 (odml.rope.impl_101).
VERBOSE: Replacing 3 out of 6 node(s) with delegate (TfLiteXNNPackDelegate) node, yielding 3 partitions for subgraph 462 (odml.cache_update.impl_50).
VERBOSE: Replacing 2 out of 3 node(s) with delegate (TfLiteXNNPackDelegate) node, yielding 3 partitions for subgraph 463 (odml.runtime_bmm.impl_99).
VERBOSE: Replacing 2 out of 3 node(s) with delegate (TfLiteXNNPackDelegate) node, yielding 3 partitions for subgraph 464 (odml.runtime_bmm.impl_100).
VERBOSE: Replacing 7 out of 7 node(s) with delegate (TfLiteXNNPackDelegate) node, yielding 1 partitions for subgraph 465 (odml.rms_norm.impl_204).
VERBOSE: Replacing 7 out of 7 node(s) with delegate (TfLiteXNNPackDelegate) node, yielding 1 partitions for subgraph 466 (odml.rms_norm.impl_205).
VERBOSE: Replacing 7 out of 7 node(s) with delegate (TfLiteXNNPackDelegate) node, yielding 1 partitions for subgraph 467 (odml.rms_norm.impl_206).
VERBOSE: Replacing 7 out of 7 node(s) with delegate (TfLiteXNNPackDelegate) node, yielding 1 partitions for subgraph 468 (odml.rms_norm.impl_207).
VERBOSE: Replacing 16 out of 18 node(s) with delegate (TfLiteXNNPackDelegate) node, yielding 2 partitions for subgraph 469 (odml.rope.impl_102).
VERBOSE: Replacing 16 out of 18 node(s) with delegate (TfLiteXNNPackDelegate) node, yielding 2 partitions for subgraph 470 (odml.rope.impl_103).
VERBOSE: Replacing 3 out of 6 node(s) with delegate (TfLiteXNNPackDelegate) node, yielding 3 partitions for subgraph 471 (odml.cache_update.impl_51).
VERBOSE: Replacing 2 out of 3 node(s) with delegate (TfLiteXNNPackDelegate) node, yielding 3 partitions for subgraph 472 (odml.runtime_bmm.impl_101).
VERBOSE: Replacing 2 out of 3 node(s) with delegate (TfLiteXNNPackDelegate) node, yielding 3 partitions for subgraph 473 (odml.runtime_bmm.impl_102).
VERBOSE: Replacing 7 out of 7 node(s) with delegate (TfLiteXNNPackDelegate) node, yielding 1 partitions for subgraph 474 (odml.rms_norm.impl_208).
VERBOSE: Replacing 7 out of 7 node(s) with delegate (TfLiteXNNPackDelegate) node, yielding 1 partitions for subgraph 475 (odml.rms_norm.impl_209).
VERBOSE: Replacing 7 out of 7 node(s) with delegate (TfLiteXNNPackDelegate) node, yielding 1 partitions for subgraph 476 (odml.rms_norm.impl_210).
VERBOSE: Replacing 7 out of 7 node(s) with delegate (TfLiteXNNPackDelegate) node, yielding 1 partitions for subgraph 477 (odml.rms_norm.impl_211).
VERBOSE: Replacing 16 out of 18 node(s) with delegate (TfLiteXNNPackDelegate) node, yielding 2 partitions for subgraph 478 (odml.rope.impl_104).
VERBOSE: Replacing 16 out of 18 node(s) with delegate (TfLiteXNNPackDelegate) node, yielding 2 partitions for subgraph 479 (odml.rope.impl_105).
VERBOSE: Replacing 3 out of 6 node(s) with delegate (TfLiteXNNPackDelegate) node, yielding 3 partitions for subgraph 480 (odml.cache_update.impl_52).
VERBOSE: Replacing 2 out of 3 node(s) with delegate (TfLiteXNNPackDelegate) node, yielding 3 partitions for subgraph 481 (odml.runtime_bmm.impl_103).
VERBOSE: Replacing 2 out of 3 node(s) with delegate (TfLiteXNNPackDelegate) node, yielding 3 partitions for subgraph 482 (odml.runtime_bmm.impl_104).
VERBOSE: Replacing 7 out of 7 node(s) with delegate (TfLiteXNNPackDelegate) node, yielding 1 partitions for subgraph 483 (odml.rms_norm.impl_212).
VERBOSE: Replacing 7 out of 7 node(s) with delegate (TfLiteXNNPackDelegate) node, yielding 1 partitions for subgraph 484 (odml.rms_norm.impl_213).
VERBOSE: Replacing 7 out of 7 node(s) with delegate (TfLiteXNNPackDelegate) node, yielding 1 partitions for subgraph 485 (odml.rms_norm.impl_214).
VERBOSE: Replacing 7 out of 7 node(s) with delegate (TfLiteXNNPackDelegate) node, yielding 1 partitions for subgraph 486 (odml.rms_norm.impl_215).
VERBOSE: Replacing 16 out of 18 node(s) with delegate (TfLiteXNNPackDelegate) node, yielding 2 partitions for subgraph 487 (odml.rope.impl_106).
VERBOSE: Replacing 16 out of 18 node(s) with delegate (TfLiteXNNPackDelegate) node, yielding 2 partitions for subgraph 488 (odml.rope.impl_107).
VERBOSE: Replacing 3 out of 6 node(s) with delegate (TfLiteXNNPackDelegate) node, yielding 3 partitions for subgraph 489 (odml.cache_update.impl_53).
VERBOSE: Replacing 2 out of 3 node(s) with delegate (TfLiteXNNPackDelegate) node, yielding 3 partitions for subgraph 490 (odml.runtime_bmm.impl_105).
VERBOSE: Replacing 2 out of 3 node(s) with delegate (TfLiteXNNPackDelegate) node, yielding 3 partitions for subgraph 491 (odml.runtime_bmm.impl_106).
VERBOSE: Replacing 7 out of 7 node(s) with delegate (TfLiteXNNPackDelegate) node, yielding 1 partitions for subgraph 492 (odml.rms_norm.impl_216).
VERBOSE: Replacing 7 out of 7 node(s) with delegate (TfLiteXNNPackDelegate) node, yielding 1 partitions for subgraph 493 (odml.rms_norm.impl_217).
VERBOSE: Replacing 7 out of 7 node(s) with delegate (TfLiteXNNPackDelegate) node, yielding 1 partitions for subgraph 494 (odml.rms_norm.impl_218).
VERBOSE: Replacing 16 out of 18 node(s) with delegate (TfLiteXNNPackDelegate) node, yielding 2 partitions for subgraph 495 (odml.rope.impl_108).
VERBOSE: Replacing 3 out of 6 node(s) with delegate (TfLiteXNNPackDelegate) node, yielding 3 partitions for subgraph 496 (odml.cache_update.impl_54).
VERBOSE: Replacing 6 out of 6 node(s) with delegate (TfLiteXNNPackDelegate) node, yielding 1 partitions for subgraph 497 (odml.rms_norm.impl_219).
VERBOSE: Replacing 7 out of 7 node(s) with delegate (TfLiteXNNPackDelegate) node, yielding 1 partitions for subgraph 498 (odml.rms_norm.impl_220).
VERBOSE: Replacing 7 out of 7 node(s) with delegate (TfLiteXNNPackDelegate) node, yielding 1 partitions for subgraph 499 (odml.rms_norm.impl_221).
VERBOSE: Replacing 14 out of 16 node(s) with delegate (TfLiteXNNPackDelegate) node, yielding 2 partitions for subgraph 500 (odml.rope.impl_109).
VERBOSE: Replacing 14 out of 16 node(s) with delegate (TfLiteXNNPackDelegate) node, yielding 2 partitions for subgraph 501 (odml.rope.impl_110).
VERBOSE: Replacing 3 out of 6 node(s) with delegate (TfLiteXNNPackDelegate) node, yielding 3 partitions for subgraph 502 (odml.cache_update.impl_55).
VERBOSE: Replacing 2 out of 3 node(s) with delegate (TfLiteXNNPackDelegate) node, yielding 3 partitions for subgraph 503 (odml.runtime_bmm.impl_107).
VERBOSE: Replacing 2 out of 3 node(s) with delegate (TfLiteXNNPackDelegate) node, yielding 3 partitions for subgraph 504 (odml.runtime_bmm.impl_108).
VERBOSE: Replacing 6 out of 6 node(s) with delegate (TfLiteXNNPackDelegate) node, yielding 1 partitions for subgraph 505 (odml.rms_norm.impl_222).
VERBOSE: Replacing 6 out of 6 node(s) with delegate (TfLiteXNNPackDelegate) node, yielding 1 partitions for subgraph 506 (odml.rms_norm.impl_223).
VERBOSE: Replacing 7 out of 7 node(s) with delegate (TfLiteXNNPackDelegate) node, yielding 1 partitions for subgraph 507 (odml.rms_norm.impl_224).
VERBOSE: Replacing 7 out of 7 node(s) with delegate (TfLiteXNNPackDelegate) node, yielding 1 partitions for subgraph 508 (odml.rms_norm.impl_225).
VERBOSE: Replacing 14 out of 16 node(s) with delegate (TfLiteXNNPackDelegate) node, yielding 2 partitions for subgraph 509 (odml.rope.impl_111).
VERBOSE: Replacing 14 out of 16 node(s) with delegate (TfLiteXNNPackDelegate) node, yielding 2 partitions for subgraph 510 (odml.rope.impl_112).
VERBOSE: Replacing 3 out of 6 node(s) with delegate (TfLiteXNNPackDelegate) node, yielding 3 partitions for subgraph 511 (odml.cache_update.impl_56).
VERBOSE: Replacing 2 out of 3 node(s) with delegate (TfLiteXNNPackDelegate) node, yielding 3 partitions for subgraph 512 (odml.runtime_bmm.impl_109).
VERBOSE: Replacing 2 out of 3 node(s) with delegate (TfLiteXNNPackDelegate) node, yielding 3 partitions for subgraph 513 (odml.runtime_bmm.impl_110).
VERBOSE: Replacing 6 out of 6 node(s) with delegate (TfLiteXNNPackDelegate) node, yielding 1 partitions for subgraph 514 (odml.rms_norm.impl_226).
VERBOSE: Replacing 6 out of 6 node(s) with delegate (TfLiteXNNPackDelegate) node, yielding 1 partitions for subgraph 515 (odml.rms_norm.impl_227).
VERBOSE: Replacing 7 out of 7 node(s) with delegate (TfLiteXNNPackDelegate) node, yielding 1 partitions for subgraph 516 (odml.rms_norm.impl_228).
VERBOSE: Replacing 7 out of 7 node(s) with delegate (TfLiteXNNPackDelegate) node, yielding 1 partitions for subgraph 517 (odml.rms_norm.impl_229).
VERBOSE: Replacing 14 out of 16 node(s) with delegate (TfLiteXNNPackDelegate) node, yielding 2 partitions for subgraph 518 (odml.rope.impl_113).
VERBOSE: Replacing 14 out of 16 node(s) with delegate (TfLiteXNNPackDelegate) node, yielding 2 partitions for subgraph 519 (odml.rope.impl_114).
VERBOSE: Replacing 3 out of 6 node(s) with delegate (TfLiteXNNPackDelegate) node, yielding 3 partitions for subgraph 520 (odml.cache_update.impl_57).
VERBOSE: Replacing 2 out of 3 node(s) with delegate (TfLiteXNNPackDelegate) node, yielding 3 partitions for subgraph 521 (odml.runtime_bmm.impl_111).
VERBOSE: Replacing 2 out of 3 node(s) with delegate (TfLiteXNNPackDelegate) node, yielding 3 partitions for subgraph 522 (odml.runtime_bmm.impl_112).
VERBOSE: Replacing 6 out of 6 node(s) with delegate (TfLiteXNNPackDelegate) node, yielding 1 partitions for subgraph 523 (odml.rms_norm.impl_230).
VERBOSE: Replacing 6 out of 6 node(s) with delegate (TfLiteXNNPackDelegate) node, yielding 1 partitions for subgraph 524 (odml.rms_norm.impl_231).
VERBOSE: Replacing 7 out of 7 node(s) with delegate (TfLiteXNNPackDelegate) node, yielding 1 partitions for subgraph 525 (odml.rms_norm.impl_232).
VERBOSE: Replacing 7 out of 7 node(s) with delegate (TfLiteXNNPackDelegate) node, yielding 1 partitions for subgraph 526 (odml.rms_norm.impl_233).
VERBOSE: Replacing 14 out of 16 node(s) with delegate (TfLiteXNNPackDelegate) node, yielding 2 partitions for subgraph 527 (odml.rope.impl_115).
VERBOSE: Replacing 14 out of 16 node(s) with delegate (TfLiteXNNPackDelegate) node, yielding 2 partitions for subgraph 528 (odml.rope.impl_116).
VERBOSE: Replacing 3 out of 6 node(s) with delegate (TfLiteXNNPackDelegate) node, yielding 3 partitions for subgraph 529 (odml.cache_update.impl_58).
VERBOSE: Replacing 2 out of 3 node(s) with delegate (TfLiteXNNPackDelegate) node, yielding 3 partitions for subgraph 530 (odml.runtime_bmm.impl_113).
VERBOSE: Replacing 2 out of 3 node(s) with delegate (TfLiteXNNPackDelegate) node, yielding 3 partitions for subgraph 531 (odml.runtime_bmm.impl_114).
VERBOSE: Replacing 6 out of 6 node(s) with delegate (TfLiteXNNPackDelegate) node, yielding 1 partitions for subgraph 532 (odml.rms_norm.impl_234).
VERBOSE: Replacing 6 out of 6 node(s) with delegate (TfLiteXNNPackDelegate) node, yielding 1 partitions for subgraph 533 (odml.rms_norm.impl_235).
VERBOSE: Replacing 7 out of 7 node(s) with delegate (TfLiteXNNPackDelegate) node, yielding 1 partitions for subgraph 534 (odml.rms_norm.impl_236).
VERBOSE: Replacing 7 out of 7 node(s) with delegate (TfLiteXNNPackDelegate) node, yielding 1 partitions for subgraph 535 (odml.rms_norm.impl_237).
VERBOSE: Replacing 14 out of 16 node(s) with delegate (TfLiteXNNPackDelegate) node, yielding 2 partitions for subgraph 536 (odml.rope.impl_117).
VERBOSE: Replacing 14 out of 16 node(s) with delegate (TfLiteXNNPackDelegate) node, yielding 2 partitions for subgraph 537 (odml.rope.impl_118).
VERBOSE: Replacing 3 out of 6 node(s) with delegate (TfLiteXNNPackDelegate) node, yielding 3 partitions for subgraph 538 (odml.cache_update.impl_59).
VERBOSE: Replacing 2 out of 3 node(s) with delegate (TfLiteXNNPackDelegate) node, yielding 3 partitions for subgraph 539 (odml.runtime_bmm.impl_115).
VERBOSE: Replacing 2 out of 3 node(s) with delegate (TfLiteXNNPackDelegate) node, yielding 3 partitions for subgraph 540 (odml.runtime_bmm.impl_116).
VERBOSE: Replacing 6 out of 6 node(s) with delegate (TfLiteXNNPackDelegate) node, yielding 1 partitions for subgraph 541 (odml.rms_norm.impl_238).
VERBOSE: Replacing 6 out of 6 node(s) with delegate (TfLiteXNNPackDelegate) node, yielding 1 partitions for subgraph 542 (odml.rms_norm.impl_239).
VERBOSE: Replacing 7 out of 7 node(s) with delegate (TfLiteXNNPackDelegate) node, yielding 1 partitions for subgraph 543 (odml.rms_norm.impl_240).
VERBOSE: Replacing 7 out of 7 node(s) with delegate (TfLiteXNNPackDelegate) node, yielding 1 partitions for subgraph 544 (odml.rms_norm.impl_241).
VERBOSE: Replacing 14 out of 16 node(s) with delegate (TfLiteXNNPackDelegate) node, yielding 2 partitions for subgraph 545 (odml.rope.impl_119).
VERBOSE: Replacing 14 out of 16 node(s) with delegate (TfLiteXNNPackDelegate) node, yielding 2 partitions for subgraph 546 (odml.rope.impl_120).
VERBOSE: Replacing 3 out of 6 node(s) with delegate (TfLiteXNNPackDelegate) node, yielding 3 partitions for subgraph 547 (odml.cache_update.impl_60).
VERBOSE: Replacing 2 out of 3 node(s) with delegate (TfLiteXNNPackDelegate) node, yielding 3 partitions for subgraph 548 (odml.runtime_bmm.impl_117).
VERBOSE: Replacing 2 out of 3 node(s) with delegate (TfLiteXNNPackDelegate) node, yielding 3 partitions for subgraph 549 (odml.runtime_bmm.impl_118).
VERBOSE: Replacing 6 out of 6 node(s) with delegate (TfLiteXNNPackDelegate) node, yielding 1 partitions for subgraph 550 (odml.rms_norm.impl_242).
VERBOSE: Replacing 6 out of 6 node(s) with delegate (TfLiteXNNPackDelegate) node, yielding 1 partitions for subgraph 551 (odml.rms_norm.impl_243).
VERBOSE: Replacing 7 out of 7 node(s) with delegate (TfLiteXNNPackDelegate) node, yielding 1 partitions for subgraph 552 (odml.rms_norm.impl_244).
VERBOSE: Replacing 7 out of 7 node(s) with delegate (TfLiteXNNPackDelegate) node, yielding 1 partitions for subgraph 553 (odml.rms_norm.impl_245).
VERBOSE: Replacing 14 out of 16 node(s) with delegate (TfLiteXNNPackDelegate) node, yielding 2 partitions for subgraph 554 (odml.rope.impl_121).
VERBOSE: Replacing 14 out of 16 node(s) with delegate (TfLiteXNNPackDelegate) node, yielding 2 partitions for subgraph 555 (odml.rope.impl_122).
VERBOSE: Replacing 3 out of 6 node(s) with delegate (TfLiteXNNPackDelegate) node, yielding 3 partitions for subgraph 556 (odml.cache_update.impl_61).
VERBOSE: Replacing 2 out of 3 node(s) with delegate (TfLiteXNNPackDelegate) node, yielding 3 partitions for subgraph 557 (odml.runtime_bmm.impl_119).
VERBOSE: Replacing 2 out of 3 node(s) with delegate (TfLiteXNNPackDelegate) node, yielding 3 partitions for subgraph 558 (odml.runtime_bmm.impl_120).
VERBOSE: Replacing 6 out of 6 node(s) with delegate (TfLiteXNNPackDelegate) node, yielding 1 partitions for subgraph 559 (odml.rms_norm.impl_246).
VERBOSE: Replacing 6 out of 6 node(s) with delegate (TfLiteXNNPackDelegate) node, yielding 1 partitions for subgraph 560 (odml.rms_norm.impl_247).
VERBOSE: Replacing 7 out of 7 node(s) with delegate (TfLiteXNNPackDelegate) node, yielding 1 partitions for subgraph 561 (odml.rms_norm.impl_248).
VERBOSE: Replacing 7 out of 7 node(s) with delegate (TfLiteXNNPackDelegate) node, yielding 1 partitions for subgraph 562 (odml.rms_norm.impl_249).
VERBOSE: Replacing 14 out of 16 node(s) with delegate (TfLiteXNNPackDelegate) node, yielding 2 partitions for subgraph 563 (odml.rope.impl_123).
VERBOSE: Replacing 14 out of 16 node(s) with delegate (TfLiteXNNPackDelegate) node, yielding 2 partitions for subgraph 564 (odml.rope.impl_124).
VERBOSE: Replacing 3 out of 6 node(s) with delegate (TfLiteXNNPackDelegate) node, yielding 3 partitions for subgraph 565 (odml.cache_update.impl_62).
VERBOSE: Replacing 2 out of 3 node(s) with delegate (TfLiteXNNPackDelegate) node, yielding 3 partitions for subgraph 566 (odml.runtime_bmm.impl_121).
VERBOSE: Replacing 2 out of 3 node(s) with delegate (TfLiteXNNPackDelegate) node, yielding 3 partitions for subgraph 567 (odml.runtime_bmm.impl_122).
VERBOSE: Replacing 6 out of 6 node(s) with delegate (TfLiteXNNPackDelegate) node, yielding 1 partitions for subgraph 568 (odml.rms_norm.impl_250).
VERBOSE: Replacing 6 out of 6 node(s) with delegate (TfLiteXNNPackDelegate) node, yielding 1 partitions for subgraph 569 (odml.rms_norm.impl_251).
VERBOSE: Replacing 7 out of 7 node(s) with delegate (TfLiteXNNPackDelegate) node, yielding 1 partitions for subgraph 570 (odml.rms_norm.impl_252).
VERBOSE: Replacing 7 out of 7 node(s) with delegate (TfLiteXNNPackDelegate) node, yielding 1 partitions for subgraph 571 (odml.rms_norm.impl_253).
VERBOSE: Replacing 14 out of 16 node(s) with delegate (TfLiteXNNPackDelegate) node, yielding 2 partitions for subgraph 572 (odml.rope.impl_125).
VERBOSE: Replacing 14 out of 16 node(s) with delegate (TfLiteXNNPackDelegate) node, yielding 2 partitions for subgraph 573 (odml.rope.impl_126).
VERBOSE: Replacing 3 out of 6 node(s) with delegate (TfLiteXNNPackDelegate) node, yielding 3 partitions for subgraph 574 (odml.cache_update.impl_63).
VERBOSE: Replacing 2 out of 3 node(s) with delegate (TfLiteXNNPackDelegate) node, yielding 3 partitions for subgraph 575 (odml.runtime_bmm.impl_123).
VERBOSE: Replacing 2 out of 3 node(s) with delegate (TfLiteXNNPackDelegate) node, yielding 3 partitions for subgraph 576 (odml.runtime_bmm.impl_124).
VERBOSE: Replacing 6 out of 6 node(s) with delegate (TfLiteXNNPackDelegate) node, yielding 1 partitions for subgraph 577 (odml.rms_norm.impl_254).
VERBOSE: Replacing 6 out of 6 node(s) with delegate (TfLiteXNNPackDelegate) node, yielding 1 partitions for subgraph 578 (odml.rms_norm.impl_255).
VERBOSE: Replacing 7 out of 7 node(s) with delegate (TfLiteXNNPackDelegate) node, yielding 1 partitions for subgraph 579 (odml.rms_norm.impl_256).
VERBOSE: Replacing 7 out of 7 node(s) with delegate (TfLiteXNNPackDelegate) node, yielding 1 partitions for subgraph 580 (odml.rms_norm.impl_257).
VERBOSE: Replacing 14 out of 16 node(s) with delegate (TfLiteXNNPackDelegate) node, yielding 2 partitions for subgraph 581 (odml.rope.impl_127).
VERBOSE: Replacing 14 out of 16 node(s) with delegate (TfLiteXNNPackDelegate) node, yielding 2 partitions for subgraph 582 (odml.rope.impl_128).
VERBOSE: Replacing 3 out of 6 node(s) with delegate (TfLiteXNNPackDelegate) node, yielding 3 partitions for subgraph 583 (odml.cache_update.impl_64).
VERBOSE: Replacing 2 out of 3 node(s) with delegate (TfLiteXNNPackDelegate) node, yielding 3 partitions for subgraph 584 (odml.runtime_bmm.impl_125).
VERBOSE: Replacing 2 out of 3 node(s) with delegate (TfLiteXNNPackDelegate) node, yielding 3 partitions for subgraph 585 (odml.runtime_bmm.impl_126).
VERBOSE: Replacing 6 out of 6 node(s) with delegate (TfLiteXNNPackDelegate) node, yielding 1 partitions for subgraph 586 (odml.rms_norm.impl_258).
VERBOSE: Replacing 6 out of 6 node(s) with delegate (TfLiteXNNPackDelegate) node, yielding 1 partitions for subgraph 587 (odml.rms_norm.impl_259).
VERBOSE: Replacing 7 out of 7 node(s) with delegate (TfLiteXNNPackDelegate) node, yielding 1 partitions for subgraph 588 (odml.rms_norm.impl_260).
VERBOSE: Replacing 7 out of 7 node(s) with delegate (TfLiteXNNPackDelegate) node, yielding 1 partitions for subgraph 589 (odml.rms_norm.impl_261).
VERBOSE: Replacing 14 out of 16 node(s) with delegate (TfLiteXNNPackDelegate) node, yielding 2 partitions for subgraph 590 (odml.rope.impl_129).
VERBOSE: Replacing 14 out of 16 node(s) with delegate (TfLiteXNNPackDelegate) node, yielding 2 partitions for subgraph 591 (odml.rope.impl_130).
VERBOSE: Replacing 3 out of 6 node(s) with delegate (TfLiteXNNPackDelegate) node, yielding 3 partitions for subgraph 592 (odml.cache_update.impl_65).
VERBOSE: Replacing 2 out of 3 node(s) with delegate (TfLiteXNNPackDelegate) node, yielding 3 partitions for subgraph 593 (odml.runtime_bmm.impl_127).
VERBOSE: Replacing 2 out of 3 node(s) with delegate (TfLiteXNNPackDelegate) node, yielding 3 partitions for subgraph 594 (odml.runtime_bmm.impl_128).
VERBOSE: Replacing 6 out of 6 node(s) with delegate (TfLiteXNNPackDelegate) node, yielding 1 partitions for subgraph 595 (odml.rms_norm.impl_262).
VERBOSE: Replacing 6 out of 6 node(s) with delegate (TfLiteXNNPackDelegate) node, yielding 1 partitions for subgraph 596 (odml.rms_norm.impl_263).
VERBOSE: Replacing 7 out of 7 node(s) with delegate (TfLiteXNNPackDelegate) node, yielding 1 partitions for subgraph 597 (odml.rms_norm.impl_264).
VERBOSE: Replacing 7 out of 7 node(s) with delegate (TfLiteXNNPackDelegate) node, yielding 1 partitions for subgraph 598 (odml.rms_norm.impl_265).
VERBOSE: Replacing 14 out of 16 node(s) with delegate (TfLiteXNNPackDelegate) node, yielding 2 partitions for subgraph 599 (odml.rope.impl_131).
VERBOSE: Replacing 14 out of 16 node(s) with delegate (TfLiteXNNPackDelegate) node, yielding 2 partitions for subgraph 600 (odml.rope.impl_132).
VERBOSE: Replacing 3 out of 6 node(s) with delegate (TfLiteXNNPackDelegate) node, yielding 3 partitions for subgraph 601 (odml.cache_update.impl_66).
VERBOSE: Replacing 2 out of 3 node(s) with delegate (TfLiteXNNPackDelegate) node, yielding 3 partitions for subgraph 602 (odml.runtime_bmm.impl_129).
VERBOSE: Replacing 2 out of 3 node(s) with delegate (TfLiteXNNPackDelegate) node, yielding 3 partitions for subgraph 603 (odml.runtime_bmm.impl_130).
VERBOSE: Replacing 6 out of 6 node(s) with delegate (TfLiteXNNPackDelegate) node, yielding 1 partitions for subgraph 604 (odml.rms_norm.impl_266).
VERBOSE: Replacing 6 out of 6 node(s) with delegate (TfLiteXNNPackDelegate) node, yielding 1 partitions for subgraph 605 (odml.rms_norm.impl_267).
VERBOSE: Replacing 7 out of 7 node(s) with delegate (TfLiteXNNPackDelegate) node, yielding 1 partitions for subgraph 606 (odml.rms_norm.impl_268).
VERBOSE: Replacing 7 out of 7 node(s) with delegate (TfLiteXNNPackDelegate) node, yielding 1 partitions for subgraph 607 (odml.rms_norm.impl_269).
VERBOSE: Replacing 14 out of 16 node(s) with delegate (TfLiteXNNPackDelegate) node, yielding 2 partitions for subgraph 608 (odml.rope.impl_133).
VERBOSE: Replacing 14 out of 16 node(s) with delegate (TfLiteXNNPackDelegate) node, yielding 2 partitions for subgraph 609 (odml.rope.impl_134).
VERBOSE: Replacing 3 out of 6 node(s) with delegate (TfLiteXNNPackDelegate) node, yielding 3 partitions for subgraph 610 (odml.cache_update.impl_67).
VERBOSE: Replacing 2 out of 3 node(s) with delegate (TfLiteXNNPackDelegate) node, yielding 3 partitions for subgraph 611 (odml.runtime_bmm.impl_131).
VERBOSE: Replacing 2 out of 3 node(s) with delegate (TfLiteXNNPackDelegate) node, yielding 3 partitions for subgraph 612 (odml.runtime_bmm.impl_132).
VERBOSE: Replacing 6 out of 6 node(s) with delegate (TfLiteXNNPackDelegate) node, yielding 1 partitions for subgraph 613 (odml.rms_norm.impl_270).
VERBOSE: Replacing 6 out of 6 node(s) with delegate (TfLiteXNNPackDelegate) node, yielding 1 partitions for subgraph 614 (odml.rms_norm.impl_271).
VERBOSE: Replacing 7 out of 7 node(s) with delegate (TfLiteXNNPackDelegate) node, yielding 1 partitions for subgraph 615 (odml.rms_norm.impl_272).
VERBOSE: Replacing 7 out of 7 node(s) with delegate (TfLiteXNNPackDelegate) node, yielding 1 partitions for subgraph 616 (odml.rms_norm.impl_273).
VERBOSE: Replacing 14 out of 16 node(s) with delegate (TfLiteXNNPackDelegate) node, yielding 2 partitions for subgraph 617 (odml.rope.impl_135).
VERBOSE: Replacing 14 out of 16 node(s) with delegate (TfLiteXNNPackDelegate) node, yielding 2 partitions for subgraph 618 (odml.rope.impl_136).
VERBOSE: Replacing 3 out of 6 node(s) with delegate (TfLiteXNNPackDelegate) node, yielding 3 partitions for subgraph 619 (odml.cache_update.impl_68).
VERBOSE: Replacing 2 out of 3 node(s) with delegate (TfLiteXNNPackDelegate) node, yielding 3 partitions for subgraph 620 (odml.runtime_bmm.impl_133).
VERBOSE: Replacing 2 out of 3 node(s) with delegate (TfLiteXNNPackDelegate) node, yielding 3 partitions for subgraph 621 (odml.runtime_bmm.impl_134).
VERBOSE: Replacing 6 out of 6 node(s) with delegate (TfLiteXNNPackDelegate) node, yielding 1 partitions for subgraph 622 (odml.rms_norm.impl_274).
VERBOSE: Replacing 6 out of 6 node(s) with delegate (TfLiteXNNPackDelegate) node, yielding 1 partitions for subgraph 623 (odml.rms_norm.impl_275).
VERBOSE: Replacing 7 out of 7 node(s) with delegate (TfLiteXNNPackDelegate) node, yielding 1 partitions for subgraph 624 (odml.rms_norm.impl_276).
VERBOSE: Replacing 7 out of 7 node(s) with delegate (TfLiteXNNPackDelegate) node, yielding 1 partitions for subgraph 625 (odml.rms_norm.impl_277).
VERBOSE: Replacing 14 out of 16 node(s) with delegate (TfLiteXNNPackDelegate) node, yielding 2 partitions for subgraph 626 (odml.rope.impl_137).
VERBOSE: Replacing 14 out of 16 node(s) with delegate (TfLiteXNNPackDelegate) node, yielding 2 partitions for subgraph 627 (odml.rope.impl_138).
VERBOSE: Replacing 3 out of 6 node(s) with delegate (TfLiteXNNPackDelegate) node, yielding 3 partitions for subgraph 628 (odml.cache_update.impl_69).
VERBOSE: Replacing 2 out of 3 node(s) with delegate (TfLiteXNNPackDelegate) node, yielding 3 partitions for subgraph 629 (odml.runtime_bmm.impl_135).
VERBOSE: Replacing 2 out of 3 node(s) with delegate (TfLiteXNNPackDelegate) node, yielding 3 partitions for subgraph 630 (odml.runtime_bmm.impl_136).
VERBOSE: Replacing 6 out of 6 node(s) with delegate (TfLiteXNNPackDelegate) node, yielding 1 partitions for subgraph 631 (odml.rms_norm.impl_278).
VERBOSE: Replacing 6 out of 6 node(s) with delegate (TfLiteXNNPackDelegate) node, yielding 1 partitions for subgraph 632 (odml.rms_norm.impl_279).
VERBOSE: Replacing 7 out of 7 node(s) with delegate (TfLiteXNNPackDelegate) node, yielding 1 partitions for subgraph 633 (odml.rms_norm.impl_280).
VERBOSE: Replacing 7 out of 7 node(s) with delegate (TfLiteXNNPackDelegate) node, yielding 1 partitions for subgraph 634 (odml.rms_norm.impl_281).
VERBOSE: Replacing 14 out of 16 node(s) with delegate (TfLiteXNNPackDelegate) node, yielding 2 partitions for subgraph 635 (odml.rope.impl_139).
VERBOSE: Replacing 14 out of 16 node(s) with delegate (TfLiteXNNPackDelegate) node, yielding 2 partitions for subgraph 636 (odml.rope.impl_140).
VERBOSE: Replacing 3 out of 6 node(s) with delegate (TfLiteXNNPackDelegate) node, yielding 3 partitions for subgraph 637 (odml.cache_update.impl_70).
VERBOSE: Replacing 2 out of 3 node(s) with delegate (TfLiteXNNPackDelegate) node, yielding 3 partitions for subgraph 638 (odml.runtime_bmm.impl_137).
VERBOSE: Replacing 2 out of 3 node(s) with delegate (TfLiteXNNPackDelegate) node, yielding 3 partitions for subgraph 639 (odml.runtime_bmm.impl_138).
VERBOSE: Replacing 6 out of 6 node(s) with delegate (TfLiteXNNPackDelegate) node, yielding 1 partitions for subgraph 640 (odml.rms_norm.impl_282).
VERBOSE: Replacing 6 out of 6 node(s) with delegate (TfLiteXNNPackDelegate) node, yielding 1 partitions for subgraph 641 (odml.rms_norm.impl_283).
VERBOSE: Replacing 7 out of 7 node(s) with delegate (TfLiteXNNPackDelegate) node, yielding 1 partitions for subgraph 642 (odml.rms_norm.impl_284).
VERBOSE: Replacing 7 out of 7 node(s) with delegate (TfLiteXNNPackDelegate) node, yielding 1 partitions for subgraph 643 (odml.rms_norm.impl_285).
VERBOSE: Replacing 14 out of 16 node(s) with delegate (TfLiteXNNPackDelegate) node, yielding 2 partitions for subgraph 644 (odml.rope.impl_141).
VERBOSE: Replacing 14 out of 16 node(s) with delegate (TfLiteXNNPackDelegate) node, yielding 2 partitions for subgraph 645 (odml.rope.impl_142).
VERBOSE: Replacing 3 out of 6 node(s) with delegate (TfLiteXNNPackDelegate) node, yielding 3 partitions for subgraph 646 (odml.cache_update.impl_71).
VERBOSE: Replacing 2 out of 3 node(s) with delegate (TfLiteXNNPackDelegate) node, yielding 3 partitions for subgraph 647 (odml.runtime_bmm.impl_139).
VERBOSE: Replacing 2 out of 3 node(s) with delegate (TfLiteXNNPackDelegate) node, yielding 3 partitions for subgraph 648 (odml.runtime_bmm.impl_140).
VERBOSE: Replacing 6 out of 6 node(s) with delegate (TfLiteXNNPackDelegate) node, yielding 1 partitions for subgraph 649 (odml.rms_norm.impl_286).
VERBOSE: Replacing 6 out of 6 node(s) with delegate (TfLiteXNNPackDelegate) node, yielding 1 partitions for subgraph 650 (odml.rms_norm.impl_287).
VERBOSE: Replacing 7 out of 7 node(s) with delegate (TfLiteXNNPackDelegate) node, yielding 1 partitions for subgraph 651 (odml.rms_norm.impl_288).
VERBOSE: Replacing 7 out of 7 node(s) with delegate (TfLiteXNNPackDelegate) node, yielding 1 partitions for subgraph 652 (odml.rms_norm.impl_289).
VERBOSE: Replacing 14 out of 16 node(s) with delegate (TfLiteXNNPackDelegate) node, yielding 2 partitions for subgraph 653 (odml.rope.impl_143).
VERBOSE: Replacing 14 out of 16 node(s) with delegate (TfLiteXNNPackDelegate) node, yielding 2 partitions for subgraph 654 (odml.rope.impl_144).
VERBOSE: Replacing 3 out of 6 node(s) with delegate (TfLiteXNNPackDelegate) node, yielding 3 partitions for subgraph 655 (odml.cache_update.impl_72).
VERBOSE: Replacing 2 out of 3 node(s) with delegate (TfLiteXNNPackDelegate) node, yielding 3 partitions for subgraph 656 (odml.runtime_bmm.impl_141).
VERBOSE: Replacing 2 out of 3 node(s) with delegate (TfLiteXNNPackDelegate) node, yielding 3 partitions for subgraph 657 (odml.runtime_bmm.impl_142).
VERBOSE: Replacing 6 out of 6 node(s) with delegate (TfLiteXNNPackDelegate) node, yielding 1 partitions for subgraph 658 (odml.rms_norm.impl_290).
VERBOSE: Replacing 6 out of 6 node(s) with delegate (TfLiteXNNPackDelegate) node, yielding 1 partitions for subgraph 659 (odml.rms_norm.impl_291).
VERBOSE: Replacing 7 out of 7 node(s) with delegate (TfLiteXNNPackDelegate) node, yielding 1 partitions for subgraph 660 (odml.rms_norm.impl_292).
VERBOSE: Replacing 7 out of 7 node(s) with delegate (TfLiteXNNPackDelegate) node, yielding 1 partitions for subgraph 661 (odml.rms_norm.impl_293).
VERBOSE: Replacing 14 out of 16 node(s) with delegate (TfLiteXNNPackDelegate) node, yielding 2 partitions for subgraph 662 (odml.rope.impl_145).
VERBOSE: Replacing 14 out of 16 node(s) with delegate (TfLiteXNNPackDelegate) node, yielding 2 partitions for subgraph 663 (odml.rope.impl_146).
VERBOSE: Replacing 3 out of 6 node(s) with delegate (TfLiteXNNPackDelegate) node, yielding 3 partitions for subgraph 664 (odml.cache_update.impl_73).
VERBOSE: Replacing 2 out of 3 node(s) with delegate (TfLiteXNNPackDelegate) node, yielding 3 partitions for subgraph 665 (odml.runtime_bmm.impl_143).
VERBOSE: Replacing 2 out of 3 node(s) with delegate (TfLiteXNNPackDelegate) node, yielding 3 partitions for subgraph 666 (odml.runtime_bmm.impl_144).
VERBOSE: Replacing 6 out of 6 node(s) with delegate (TfLiteXNNPackDelegate) node, yielding 1 partitions for subgraph 667 (odml.rms_norm.impl_294).
VERBOSE: Replacing 6 out of 6 node(s) with delegate (TfLiteXNNPackDelegate) node, yielding 1 partitions for subgraph 668 (odml.rms_norm.impl_295).
VERBOSE: Replacing 7 out of 7 node(s) with delegate (TfLiteXNNPackDelegate) node, yielding 1 partitions for subgraph 669 (odml.rms_norm.impl_296).
VERBOSE: Replacing 7 out of 7 node(s) with delegate (TfLiteXNNPackDelegate) node, yielding 1 partitions for subgraph 670 (odml.rms_norm.impl_297).
VERBOSE: Replacing 14 out of 16 node(s) with delegate (TfLiteXNNPackDelegate) node, yielding 2 partitions for subgraph 671 (odml.rope.impl_147).
VERBOSE: Replacing 14 out of 16 node(s) with delegate (TfLiteXNNPackDelegate) node, yielding 2 partitions for subgraph 672 (odml.rope.impl_148).
VERBOSE: Replacing 3 out of 6 node(s) with delegate (TfLiteXNNPackDelegate) node, yielding 3 partitions for subgraph 673 (odml.cache_update.impl_74).
VERBOSE: Replacing 2 out of 3 node(s) with delegate (TfLiteXNNPackDelegate) node, yielding 3 partitions for subgraph 674 (odml.runtime_bmm.impl_145).
VERBOSE: Replacing 2 out of 3 node(s) with delegate (TfLiteXNNPackDelegate) node, yielding 3 partitions for subgraph 675 (odml.runtime_bmm.impl_146).
VERBOSE: Replacing 6 out of 6 node(s) with delegate (TfLiteXNNPackDelegate) node, yielding 1 partitions for subgraph 676 (odml.rms_norm.impl_298).
VERBOSE: Replacing 6 out of 6 node(s) with delegate (TfLiteXNNPackDelegate) node, yielding 1 partitions for subgraph 677 (odml.rms_norm.impl_299).
VERBOSE: Replacing 7 out of 7 node(s) with delegate (TfLiteXNNPackDelegate) node, yielding 1 partitions for subgraph 678 (odml.rms_norm.impl_300).
VERBOSE: Replacing 7 out of 7 node(s) with delegate (TfLiteXNNPackDelegate) node, yielding 1 partitions for subgraph 679 (odml.rms_norm.impl_301).
VERBOSE: Replacing 14 out of 16 node(s) with delegate (TfLiteXNNPackDelegate) node, yielding 2 partitions for subgraph 680 (odml.rope.impl_149).
VERBOSE: Replacing 14 out of 16 node(s) with delegate (TfLiteXNNPackDelegate) node, yielding 2 partitions for subgraph 681 (odml.rope.impl_150).
VERBOSE: Replacing 3 out of 6 node(s) with delegate (TfLiteXNNPackDelegate) node, yielding 3 partitions for subgraph 682 (odml.cache_update.impl_75).
VERBOSE: Replacing 2 out of 3 node(s) with delegate (TfLiteXNNPackDelegate) node, yielding 3 partitions for subgraph 683 (odml.runtime_bmm.impl_147).
VERBOSE: Replacing 2 out of 3 node(s) with delegate (TfLiteXNNPackDelegate) node, yielding 3 partitions for subgraph 684 (odml.runtime_bmm.impl_148).
VERBOSE: Replacing 6 out of 6 node(s) with delegate (TfLiteXNNPackDelegate) node, yielding 1 partitions for subgraph 685 (odml.rms_norm.impl_302).
VERBOSE: Replacing 6 out of 6 node(s) with delegate (TfLiteXNNPackDelegate) node, yielding 1 partitions for subgraph 686 (odml.rms_norm.impl_303).
VERBOSE: Replacing 7 out of 7 node(s) with delegate (TfLiteXNNPackDelegate) node, yielding 1 partitions for subgraph 687 (odml.rms_norm.impl_304).
VERBOSE: Replacing 7 out of 7 node(s) with delegate (TfLiteXNNPackDelegate) node, yielding 1 partitions for subgraph 688 (odml.rms_norm.impl_305).
VERBOSE: Replacing 14 out of 16 node(s) with delegate (TfLiteXNNPackDelegate) node, yielding 2 partitions for subgraph 689 (odml.rope.impl_151).
VERBOSE: Replacing 14 out of 16 node(s) with delegate (TfLiteXNNPackDelegate) node, yielding 2 partitions for subgraph 690 (odml.rope.impl_152).
VERBOSE: Replacing 3 out of 6 node(s) with delegate (TfLiteXNNPackDelegate) node, yielding 3 partitions for subgraph 691 (odml.cache_update.impl_76).
VERBOSE: Replacing 2 out of 3 node(s) with delegate (TfLiteXNNPackDelegate) node, yielding 3 partitions for subgraph 692 (odml.runtime_bmm.impl_149).
VERBOSE: Replacing 2 out of 3 node(s) with delegate (TfLiteXNNPackDelegate) node, yielding 3 partitions for subgraph 693 (odml.runtime_bmm.impl_150).
VERBOSE: Replacing 6 out of 6 node(s) with delegate (TfLiteXNNPackDelegate) node, yielding 1 partitions for subgraph 694 (odml.rms_norm.impl_306).
VERBOSE: Replacing 6 out of 6 node(s) with delegate (TfLiteXNNPackDelegate) node, yielding 1 partitions for subgraph 695 (odml.rms_norm.impl_307).
VERBOSE: Replacing 7 out of 7 node(s) with delegate (TfLiteXNNPackDelegate) node, yielding 1 partitions for subgraph 696 (odml.rms_norm.impl_308).
VERBOSE: Replacing 7 out of 7 node(s) with delegate (TfLiteXNNPackDelegate) node, yielding 1 partitions for subgraph 697 (odml.rms_norm.impl_309).
VERBOSE: Replacing 14 out of 16 node(s) with delegate (TfLiteXNNPackDelegate) node, yielding 2 partitions for subgraph 698 (odml.rope.impl_153).
VERBOSE: Replacing 14 out of 16 node(s) with delegate (TfLiteXNNPackDelegate) node, yielding 2 partitions for subgraph 699 (odml.rope.impl_154).
VERBOSE: Replacing 3 out of 6 node(s) with delegate (TfLiteXNNPackDelegate) node, yielding 3 partitions for subgraph 700 (odml.cache_update.impl_77).
VERBOSE: Replacing 2 out of 3 node(s) with delegate (TfLiteXNNPackDelegate) node, yielding 3 partitions for subgraph 701 (odml.runtime_bmm.impl_151).
VERBOSE: Replacing 2 out of 3 node(s) with delegate (TfLiteXNNPackDelegate) node, yielding 3 partitions for subgraph 702 (odml.runtime_bmm.impl_152).
VERBOSE: Replacing 6 out of 6 node(s) with delegate (TfLiteXNNPackDelegate) node, yielding 1 partitions for subgraph 703 (odml.rms_norm.impl_310).
VERBOSE: Replacing 6 out of 6 node(s) with delegate (TfLiteXNNPackDelegate) node, yielding 1 partitions for subgraph 704 (odml.rms_norm.impl_311).
VERBOSE: Replacing 7 out of 7 node(s) with delegate (TfLiteXNNPackDelegate) node, yielding 1 partitions for subgraph 705 (odml.rms_norm.impl_312).
VERBOSE: Replacing 7 out of 7 node(s) with delegate (TfLiteXNNPackDelegate) node, yielding 1 partitions for subgraph 706 (odml.rms_norm.impl_313).
VERBOSE: Replacing 14 out of 16 node(s) with delegate (TfLiteXNNPackDelegate) node, yielding 2 partitions for subgraph 707 (odml.rope.impl_155).
VERBOSE: Replacing 14 out of 16 node(s) with delegate (TfLiteXNNPackDelegate) node, yielding 2 partitions for subgraph 708 (odml.rope.impl_156).
VERBOSE: Replacing 3 out of 6 node(s) with delegate (TfLiteXNNPackDelegate) node, yielding 3 partitions for subgraph 709 (odml.cache_update.impl_78).
VERBOSE: Replacing 2 out of 3 node(s) with delegate (TfLiteXNNPackDelegate) node, yielding 3 partitions for subgraph 710 (odml.runtime_bmm.impl_153).
VERBOSE: Replacing 2 out of 3 node(s) with delegate (TfLiteXNNPackDelegate) node, yielding 3 partitions for subgraph 711 (odml.runtime_bmm.impl_154).
VERBOSE: Replacing 6 out of 6 node(s) with delegate (TfLiteXNNPackDelegate) node, yielding 1 partitions for subgraph 712 (odml.rms_norm.impl_314).
VERBOSE: Replacing 6 out of 6 node(s) with delegate (TfLiteXNNPackDelegate) node, yielding 1 partitions for subgraph 713 (odml.rms_norm.impl_315).
VERBOSE: Replacing 7 out of 7 node(s) with delegate (TfLiteXNNPackDelegate) node, yielding 1 partitions for subgraph 714 (odml.rms_norm.impl_316).
VERBOSE: Replacing 7 out of 7 node(s) with delegate (TfLiteXNNPackDelegate) node, yielding 1 partitions for subgraph 715 (odml.rms_norm.impl_317).
VERBOSE: Replacing 14 out of 16 node(s) with delegate (TfLiteXNNPackDelegate) node, yielding 2 partitions for subgraph 716 (odml.rope.impl_157).
VERBOSE: Replacing 14 out of 16 node(s) with delegate (TfLiteXNNPackDelegate) node, yielding 2 partitions for subgraph 717 (odml.rope.impl_158).
VERBOSE: Replacing 3 out of 6 node(s) with delegate (TfLiteXNNPackDelegate) node, yielding 3 partitions for subgraph 718 (odml.cache_update.impl_79).
VERBOSE: Replacing 2 out of 3 node(s) with delegate (TfLiteXNNPackDelegate) node, yielding 3 partitions for subgraph 719 (odml.runtime_bmm.impl_155).
VERBOSE: Replacing 2 out of 3 node(s) with delegate (TfLiteXNNPackDelegate) node, yielding 3 partitions for subgraph 720 (odml.runtime_bmm.impl_156).
VERBOSE: Replacing 6 out of 6 node(s) with delegate (TfLiteXNNPackDelegate) node, yielding 1 partitions for subgraph 721 (odml.rms_norm.impl_318).
VERBOSE: Replacing 6 out of 6 node(s) with delegate (TfLiteXNNPackDelegate) node, yielding 1 partitions for subgraph 722 (odml.rms_norm.impl_319).
VERBOSE: Replacing 7 out of 7 node(s) with delegate (TfLiteXNNPackDelegate) node, yielding 1 partitions for subgraph 723 (odml.rms_norm.impl_320).
VERBOSE: Replacing 7 out of 7 node(s) with delegate (TfLiteXNNPackDelegate) node, yielding 1 partitions for subgraph 724 (odml.rms_norm.impl_321).
VERBOSE: Replacing 14 out of 16 node(s) with delegate (TfLiteXNNPackDelegate) node, yielding 2 partitions for subgraph 725 (odml.rope.impl_159).
VERBOSE: Replacing 14 out of 16 node(s) with delegate (TfLiteXNNPackDelegate) node, yielding 2 partitions for subgraph 726 (odml.rope.impl_160).
VERBOSE: Replacing 3 out of 6 node(s) with delegate (TfLiteXNNPackDelegate) node, yielding 3 partitions for subgraph 727 (odml.cache_update.impl_80).
VERBOSE: Replacing 2 out of 3 node(s) with delegate (TfLiteXNNPackDelegate) node, yielding 3 partitions for subgraph 728 (odml.runtime_bmm.impl_157).
VERBOSE: Replacing 2 out of 3 node(s) with delegate (TfLiteXNNPackDelegate) node, yielding 3 partitions for subgraph 729 (odml.runtime_bmm.impl_158).
VERBOSE: Replacing 6 out of 6 node(s) with delegate (TfLiteXNNPackDelegate) node, yielding 1 partitions for subgraph 730 (odml.rms_norm.impl_322).
VERBOSE: Replacing 6 out of 6 node(s) with delegate (TfLiteXNNPackDelegate) node, yielding 1 partitions for subgraph 731 (odml.rms_norm.impl_323).
VERBOSE: Replacing 7 out of 7 node(s) with delegate (TfLiteXNNPackDelegate) node, yielding 1 partitions for subgraph 732 (odml.rms_norm.impl_324).
VERBOSE: Replacing 7 out of 7 node(s) with delegate (TfLiteXNNPackDelegate) node, yielding 1 partitions for subgraph 733 (odml.rms_norm.impl_325).
VERBOSE: Replacing 14 out of 16 node(s) with delegate (TfLiteXNNPackDelegate) node, yielding 2 partitions for subgraph 734 (odml.rope.impl_161).
VERBOSE: Replacing 14 out of 16 node(s) with delegate (TfLiteXNNPackDelegate) node, yielding 2 partitions for subgraph 735 (odml.rope.impl_162).
VERBOSE: Replacing 3 out of 6 node(s) with delegate (TfLiteXNNPackDelegate) node, yielding 3 partitions for subgraph 736 (odml.cache_update.impl_81).
VERBOSE: Replacing 2 out of 3 node(s) with delegate (TfLiteXNNPackDelegate) node, yielding 3 partitions for subgraph 737 (odml.runtime_bmm.impl_159).
VERBOSE: Replacing 2 out of 3 node(s) with delegate (TfLiteXNNPackDelegate) node, yielding 3 partitions for subgraph 738 (odml.runtime_bmm.impl_160).
VERBOSE: Replacing 6 out of 6 node(s) with delegate (TfLiteXNNPackDelegate) node, yielding 1 partitions for subgraph 739 (odml.rms_norm.impl_326).
VERBOSE: Replacing 6 out of 6 node(s) with delegate (TfLiteXNNPackDelegate) node, yielding 1 partitions for subgraph 740 (odml.rms_norm.impl_327).
VERBOSE: Replacing 7 out of 7 node(s) with delegate (TfLiteXNNPackDelegate) node, yielding 1 partitions for subgraph 741 (odml.rms_norm.impl_328).
VERBOSE: Replacing 7 out of 7 node(s) with delegate (TfLiteXNNPackDelegate) node, yielding 1 partitions for subgraph 742 (odml.rms_norm.impl_329).
VERBOSE: Replacing 14 out of 16 node(s) with delegate (TfLiteXNNPackDelegate) node, yielding 2 partitions for subgraph 743 (odml.rope.impl_163).
VERBOSE: Replacing 14 out of 16 node(s) with delegate (TfLiteXNNPackDelegate) node, yielding 2 partitions for subgraph 744 (odml.rope.impl_164).
VERBOSE: Replacing 3 out of 6 node(s) with delegate (TfLiteXNNPackDelegate) node, yielding 3 partitions for subgraph 745 (odml.cache_update.impl_82).
VERBOSE: Replacing 2 out of 3 node(s) with delegate (TfLiteXNNPackDelegate) node, yielding 3 partitions for subgraph 746 (odml.runtime_bmm.impl_161).
VERBOSE: Replacing 2 out of 3 node(s) with delegate (TfLiteXNNPackDelegate) node, yielding 3 partitions for subgraph 747 (odml.runtime_bmm.impl_162).
VERBOSE: Replacing 6 out of 6 node(s) with delegate (TfLiteXNNPackDelegate) node, yielding 1 partitions for subgraph 748 (odml.rms_norm.impl_330).
VERBOSE: Replacing 6 out of 6 node(s) with delegate (TfLiteXNNPackDelegate) node, yielding 1 partitions for subgraph 749 (odml.rms_norm.impl_331).
INFO: [environment.cc:36] Creating LiteRT environment with options
WARNING: [npu_registry.cc:34] NPU accelerator could not be loaded and registered: kLiteRtStatusErrorInvalidArgument.
INFO: [gpu_registry.cc:101] Attempting to load GPU accelerator(libLiteRtGpuAccelerator.so).
INFO: [accelerator_registry.cc:54] RegisterAccelerator: ptr=0xb400006fdd625510, name=LiteRT GPU
INFO: [gpu_registry.cc:109] Dynamically loaded GPU accelerator(libLiteRtGpuAccelerator.so) registered.
INFO: [accelerator_registry.cc:54] RegisterAccelerator: ptr=0xb400006fdd626050, name=CpuAccelerator
INFO: [cpu_registry.cc:75] XNNPACK CPU accelerator registered.
W0000 00:00:1789111113.036702     781 litert_lm_loader.cc:291] Section not found: 
W0000 00:00:1789111113.037167     781 litert_lm_loader.h:129] TFLite model for type: TF_LITE_END_OF_AUDIO not found. Skipping.
W0000 00:00:1789111113.037330     781 litert_lm_loader.cc:291] Section not found: 
W0000 00:00:1789111113.037334     781 litert_lm_loader.h:129] TFLite model for type: TF_LITE_END_OF_VISION not found. Skipping.
W0000 00:00:1789111113.037337     781 litert_lm_loader.cc:291] Section not found: 
W0000 00:00:1789111113.037340     781 litert_lm_loader.h:129] TFLite model for type: TF_LITE_EMBEDDER not found. Skipping.
W0000 00:00:1789111113.037343     781 litert_lm_loader.cc:291] Section not found: 
W0000 00:00:1789111113.037346     781 litert_lm_loader.h:129] TFLite model for type: TF_LITE_PER_LAYER_EMBEDDER not found. Skipping.
W0000 00:00:1789111113.037427     781 litert_lm_loader.h:158] TFLite model type: TF_LITE_VISION_ENCODER not found for backend constraints. Skipping.
W0000 00:00:1789111113.037431     781 litert_lm_loader.h:158] TFLite model type: TF_LITE_AUDIO_ENCODER_HW not found for backend constraints. Skipping.
W0000 00:00:1789111113.037435     781 litert_lm_loader.h:174] TFLite model type: TF_LITE_VISION_ENCODER not found for prefer activation type. Use system's default backend activation type. System's default activation type for Text decoder is fp16. Vision encoder and audio encoder default is fp32.
W0000 00:00:1789111113.037438     781 litert_lm_loader.h:174] TFLite model type: TF_LITE_AUDIO_ENCODER_HW not found for prefer activation type. Use system's default backend activation type. System's default activation type for Text decoder is fp16. Vision encoder and audio encoder default is fp32.
I0000 00:00:1789111113.042408     781 litert_lm_lib.cc:856] Creating conversation
I0000 00:00:1789111113.046787     781 litert_lm_lib.cc:868] Running single-turn conversation
VERBOSE: Replacing 2553 out of 2837 node(s) with delegate (TfLiteXNNPackDelegate) node, yielding 111 partitions for subgraph 0 (prefill_128).
W0000 00:00:1789111118.792699     781 tasks.cc:490] Failed to get prefill profile summary: INVALID_ARGUMENT: ERROR: [runtime/executor/llm_litert_compiled_model_executor.cc:1655]
└ ERROR: [external/litert/litert/cc/litert_profiler.h:91]
=== Source Location Trace: === 
external/litert/litert/cc/litert_macros.h:547

VERBOSE: Replacing 2361 out of 2649 node(s) with delegate (TfLiteXNNPackDelegate) node, yielding 114 partitions for subgraph 2 (decode).
W0000 00:00:1789111326.491020     781 tasks.cc:672] Failed to get decode profile summary: INVALID_ARGUMENT: ERROR: [runtime/executor/llm_litert_compiled_model_executor.cc:1655]
└ ERROR: [external/litert/litert/cc/litert_profiler.h:91]
=== Source Location Trace: === 
external/litert/litert/cc/litert_macros.h:547

BenchmarkInfo:
  Init Phases (7):
    - Init Conversation: 0.01 ms
    - Init Executor: 2620.13 ms
    - Init LLM metadata: 0.02 ms
    - Init Model assets: 1.35 ms
    - Init Tokenizer: 339.13 ms
    - Init Total: 2626.65 ms
--------------------------------------------------
  Time to first token: 6.56 s
--------------------------------------------------
  Prefill Turns (Total 1 turns):
    Prefill Turn 1: Processed 128 tokens in 5.743849477s duration.
      Prefill Speed: 22.28 tokens/sec.
--------------------------------------------------
  Decode Turns (Total 1 turns):
    Decode Turn 1: Processed 256 tokens in 3m27.693883098s duration.
      Decode Speed: 1.23 tokens/sec.
--------------------------------------------------
  TextToTokenIds Turns (Total 1 turns):
    Turn 1: 135.313us, 128 tokens
--------------------------------------------------
--------------------------------------------------
INFO: [accelerator_registry.cc:43] DestroyAccelerator: ptr=0xb400006fdd6157f0, name=CpuAccelerator
INFO: [accelerator_registry.cc:43] DestroyAccelerator: ptr=0xb400006fdd614830, name=LiteRT GPU
INFO: [accelerator_registry.cc:43] DestroyAccelerator: ptr=0xb400006fdd626050, name=CpuAccelerator
INFO: [accelerator_registry.cc:43] DestroyAccelerator: ptr=0xb400006fdd625510, name=LiteRT GPU
EXIT_CODE=0
