VmRSS:	  553592 kB
VmRSS:	  878028 kB
VmRSS:	  764476 kB
VmRSS:	  721300 kB
VmRSS:	  807228 kB
VmRSS:	  874700 kB
VmRSS:	  960572 kB
VmRSS:	 1049644 kB
VmRSS:	 1119892 kB
VmRSS:	 1197572 kB
VmRSS:	 1265020 kB
VmRSS:	 1340868 kB
VmRSS:	 1413056 kB
VmRSS:	 1493196 kB
VmRSS:	 1562316 kB
VmRSS:	 1675328 kB
VmRSS:	 1818232 kB
VmRSS:	 1847140 kB
VmRSS:	 1847140 kB
VmRSS:	 1847140 kB
VmRSS:	 1847140 kB
VmRSS:	 1847140 kB
VmRSS:	 1873964 kB
VmRSS:	 1917232 kB
VmRSS:	 1926644 kB
VmRSS:	 1938428 kB
VmRSS:	 1949812 kB
VmRSS:	 1961088 kB
VmRSS:	 1972896 kB
VmRSS:	 1981820 kB
VmRSS:	 1994588 kB
VmRSS:	 2004932 kB
VmRSS:	 2016152 kB
VmRSS:	 2027500 kB
VmRSS:	 2038640 kB
VmRSS:	 2049836 kB
VmRSS:	 2060444 kB
VmRSS:	 2072152 kB
VmRSS:	 2083100 kB
VmRSS:	 2094360 kB
VmRSS:	 2105556 kB
VmRSS:	 2116784 kB
VmRSS:	 2128688 kB
VmRSS:	 2139988 kB
VmRSS:	 2150904 kB
VmRSS:	 2162072 kB
VmRSS:	 2173028 kB
VmRSS:	 2183176 kB
VmRSS:	 2185436 kB
VmRSS:	 2185152 kB
VmRSS:	 2184308 kB
VmRSS:	 2184360 kB
VmRSS:	 2179068 kB
VmRSS:	 2179068 kB
VmRSS:	 2178836 kB
VmRSS:	 2178836 kB
VmRSS:	 2178836 kB
VmRSS:	 2183352 kB
VmRSS:	 2311300 kB
VmRSS:	 2426688 kB
VmRSS:	 2550356 kB
VmRSS:	 2666080 kB
VmRSS:	 2777464 kB
VmRSS:	 2905652 kB
VmRSS:	 3006164 kB
VmRSS:	 3005200 kB
VmRSS:	 3009092 kB
VmRSS:	 3009192 kB
VmRSS:	 3009644 kB
VmRSS:	 3010060 kB
VmRSS:	 3009136 kB
VmRSS:	 3007204 kB
VmRSS:	 3010100 kB
VmRSS:	 3010228 kB
VmRSS:	 3010712 kB
VmRSS:	 3010660 kB
VmRSS:	 3009108 kB
VmRSS:	 3010268 kB
VmRSS:	 3010792 kB
VmRSS:	 3010792 kB
VmRSS:	 3010776 kB
VmRSS:	 3010972 kB
VmRSS:	 3009124 kB
VmRSS:	 3010888 kB
VmRSS:	 3010960 kB
VmRSS:	 3011408 kB
VmRSS:	 3011408 kB
VmRSS:	 3011404 kB
VmRSS:	 3005460 kB
VmRSS:	 3011264 kB
VmRSS:	 3011128 kB
VmRSS:	 3011320 kB
VmRSS:	 3011404 kB
VmRSS:	 3011520 kB
VmRSS:	 3009816 kB
VmRSS:	 3011424 kB
VmRSS:	 3011412 kB
VmRSS:	 3011584 kB
VmRSS:	 3011544 kB
VmRSS:	 3011516 kB
VmRSS:	 3007068 kB
VmRSS:	 3011428 kB
VmRSS:	 3011692 kB
VmRSS:	 3011584 kB
VmRSS:	 3011584 kB
VmRSS:	 3011584 kB
VmRSS:	 3008412 kB
VmRSS:	 3011576 kB
VmRSS:	 3011224 kB
VmRSS:	 3011188 kB
VmRSS:	 3011184 kB
VmRSS:	 3011164 kB
VmRSS:	 3006244 kB
VmRSS:	 3011260 kB
VmRSS:	 3011192 kB
VmRSS:	 3011192 kB
VmRSS:	 3011080 kB
VmRSS:	 3011552 kB
VmRSS:	 3007400 kB
VmRSS:	 3011192 kB
VmRSS:	 3011452 kB
VmRSS:	 3011580 kB
VmRSS:	 3011512 kB
VmRSS:	 3011508 kB
VmRSS:	 3006980 kB
VmRSS:	 3011620 kB
VmRSS:	 3011620 kB
VmRSS:	 3011564 kB
VmRSS:	 3011976 kB
VmRSS:	 3012404 kB
VmRSS:	 3007896 kB
VmRSS:	 3012284 kB
VmRSS:	 3012492 kB
VmRSS:	 3012456 kB
VmRSS:	 3012468 kB
VmRSS:	 3012468 kB
VmRSS:	 3008772 kB
VmRSS:	 3012468 kB
VmRSS:	 3012460 kB
VmRSS:	 3012444 kB
VmRSS:	 3012668 kB
VmRSS:	 3012668 kB
VmRSS:	 3010240 kB
VmRSS:	 3012468 kB
VmRSS:	 3012812 kB
VmRSS:	 3012956 kB
VmRSS:	 3012880 kB
VmRSS:	 3012796 kB
VmRSS:	 3009720 kB
VmRSS:	 3012828 kB
VmRSS:	 3012732 kB
VmRSS:	 3012780 kB
VmRSS:	 3012776 kB
VmRSS:	 3012776 kB
VmRSS:	 3007752 kB
VmRSS:	 3012768 kB
VmRSS:	 3012848 kB
VmRSS:	 3013288 kB
VmRSS:	 3013496 kB
VmRSS:	 3013400 kB
VmRSS:	 3009252 kB
VmRSS:	 3013896 kB
VmRSS:	 3014248 kB
VmRSS:	 3014424 kB
VmRSS:	 3014424 kB
VmRSS:	 3014852 kB
VmRSS:	 3013216 kB
VmRSS:	 3014868 kB
VmRSS:	 3015116 kB
VmRSS:	 3014992 kB
VmRSS:	 3015088 kB
VmRSS:	 3015088 kB
VmRSS:	 3013564 kB
VmRSS:	 3014304 kB
VmRSS:	 3015352 kB
VmRSS:	 3015352 kB
VmRSS:	 3015388 kB
VmRSS:	 3015376 kB
VmRSS:	 3013536 kB
VmRSS:	 3014240 kB
VmRSS:	 3015460 kB
VmRSS:	 3015460 kB
VmRSS:	 3015460 kB
VmRSS:	 3015456 kB
VmRSS:	 3014600 kB
VmRSS:	 3014324 kB
VmRSS:	 3015568 kB
VmRSS:	 3015568 kB
VmRSS:	 3015708 kB
VmRSS:	 3015676 kB
VmRSS:	 3015404 kB
VmRSS:	 3013252 kB
VmRSS:	 3015616 kB
VmRSS:	 3015536 kB
VmRSS:	 3015532 kB
VmRSS:	 3015508 kB
VmRSS:	 3015392 kB
VmRSS:	 3014020 kB
VmRSS:	 3015500 kB
VmRSS:	 3015660 kB
VmRSS:	 3015652 kB
VmRSS:	 3015776 kB
VmRSS:	 3013364 kB
VmRSS:	 3015532 kB
VmRSS:	 3015664 kB
VmRSS:	 3015404 kB
VmRSS:	 3015668 kB
VmRSS:	 3015592 kB
VmRSS:	 3015244 kB
VmRSS:	 3011140 kB
VmRSS:	 3014536 kB
VmRSS:	 3014528 kB
VmRSS:	 3014484 kB
VmRSS:	 3014480 kB
VmRSS:	 3014480 kB
VmRSS:	 3010116 kB
VmRSS:	 3014600 kB
VmRSS:	 3014560 kB
VmRSS:	 3014560 kB
VmRSS:	 3014560 kB
VmRSS:	 3014556 kB
VmRSS:	 3011032 kB
VmRSS:	 3014652 kB
VmRSS:	 3014652 kB
VmRSS:	 3014640 kB
VmRSS:	 3014652 kB
VmRSS:	 3014564 kB
VmRSS:	 3010020 kB
VmRSS:	 3014584 kB
VmRSS:	 3014708 kB
VmRSS:	 3014700 kB
VmRSS:	 3014700 kB
VmRSS:	 3014740 kB
VmRSS:	 3010816 kB
VmRSS:	 3014512 kB
VmRSS:	 3014512 kB
VmRSS:	 3014776 kB
VmRSS:	 3014768 kB
VmRSS:	 3015476 kB
VmRSS:	 3012920 kB
VmRSS:	 3015672 kB
VmRSS:	 3016216 kB
VmRSS:	 3016216 kB
VmRSS:	 3016136 kB
VmRSS:	 3016060 kB
VmRSS:	 3012572 kB
VmRSS:	 3016004 kB
VmRSS:	 3016132 kB
VmRSS:	 3016280 kB
VmRSS:	 3016280 kB
VmRSS:	 3016164 kB
VmRSS:	 3011456 kB
VmRSS:	 3016208 kB
VmRSS:	 3016112 kB
VmRSS:	 3016112 kB
VmRSS:	 3016108 kB
VmRSS:	 3016324 kB
VmRSS:	 3014096 kB
VmRSS:	 3016160 kB
VmRSS:	 3016308 kB
VmRSS:	 3016364 kB
VmRSS:	 3016364 kB
VmRSS:	 3016356 kB
VmRSS:	 3011012 kB
VmRSS:	 3016292 kB
VmRSS:	 3016276 kB
VmRSS:	 3016252 kB
VmRSS:	 3015912 kB
VmRSS:	 3016160 kB
VmRSS:	 3012476 kB
VmRSS:	 3015452 kB
VmRSS:	 3016244 kB
VmRSS:	 3016236 kB
VmRSS:	 3016220 kB
VmRSS:	 3016216 kB
VmRSS:	 3012464 kB
VmRSS:	 3016160 kB
VmRSS:	 3016276 kB
VmRSS:	 3016276 kB
VmRSS:	 3016268 kB
VmRSS:	 3016516 kB
VmRSS:	 3012368 kB
VmRSS:	 3016328 kB
VmRSS:	 3016592 kB
VmRSS:	 3016576 kB
VmRSS:	 3016424 kB
VmRSS:	 3016404 kB
VmRSS:	 3013296 kB
VmRSS:	 3016544 kB
VmRSS:	 3016416 kB
VmRSS:	 3016572 kB
VmRSS:	 3016548 kB
VmRSS:	 3016240 kB
VmRSS:	 3015148 kB
VmRSS:	 3016468 kB
VmRSS:	 3016652 kB
VmRSS:	 3016536 kB
VmRSS:	 3016528 kB
VmRSS:	 3016732 kB
VmRSS:	 3013996 kB
VmRSS:	 3016572 kB
VmRSS:	 3016572 kB
VmRSS:	 3016572 kB
VmRSS:	 3016568 kB
VmRSS:	 3016552 kB
VmRSS:	 3012712 kB
VmRSS:	 3016640 kB
VmRSS:	 3016640 kB
VmRSS:	 3016564 kB
VmRSS:	 3016556 kB
VmRSS:	 3016556 kB
VmRSS:	 3011776 kB
VmRSS:	 3016528 kB
VmRSS:	 3016524 kB
VmRSS:	 3016480 kB
VmRSS:	 3016468 kB
VmRSS:	 3016400 kB
VmRSS:	 3011880 kB
VmRSS:	 3016368 kB
VmRSS:	 3016564 kB
VmRSS:	 3016564 kB
VmRSS:	 3016564 kB
VmRSS:	 3016548 kB
VmRSS:	 3013224 kB
VmRSS:	 3016336 kB
VmRSS:	 3016336 kB
VmRSS:	 3016376 kB
VmRSS:	 3016376 kB
VmRSS:	 3017092 kB
VmRSS:	 3012356 kB
VmRSS:	 3017776 kB
VmRSS:	 3017836 kB
VmRSS:	 3017964 kB
VmRSS:	 3017912 kB
VmRSS:	 3017952 kB
VmRSS:	 3015616 kB
VmRSS:	 3018148 kB
VmRSS:	 3018096 kB
VmRSS:	 3018156 kB
VmRSS:	 3018096 kB
VmRSS:	 3018092 kB
VmRSS:	 3015220 kB
VmRSS:	 3018120 kB
VmRSS:	 3018120 kB
VmRSS:	 3018116 kB
VmRSS:	 3018104 kB
VmRSS:	 3018368 kB
VmRSS:	 3014204 kB
VmRSS:	 3018164 kB
VmRSS:	 3018112 kB
VmRSS:	 3018292 kB
VmRSS:	 3018292 kB
VmRSS:	 3018292 kB
VmRSS:	 3014316 kB
VmRSS:	 3018484 kB
VmRSS:	 3018400 kB
VmRSS:	 3018400 kB
VmRSS:	 3018396 kB
VmRSS:	 3018392 kB
VmRSS:	 3013904 kB
VmRSS:	 3018592 kB
VmRSS:	 3018420 kB
VmRSS:	 3018428 kB
VmRSS:	 3018384 kB
VmRSS:	 3018380 kB
VmRSS:	 3014792 kB
VmRSS:	 3018452 kB
VmRSS:	 3018452 kB
VmRSS:	 3018456 kB
VmRSS:	 3018452 kB
VmRSS:	 3018556 kB
VmRSS:	 3013588 kB
VmRSS:	 3018372 kB
VmRSS:	 3018636 kB
VmRSS:	 3018504 kB
VmRSS:	 3018504 kB
VmRSS:	 3018480 kB
VmRSS:	 3014208 kB
VmRSS:	 3018672 kB
VmRSS:	 3018432 kB
VmRSS:	 3018416 kB
VmRSS:	 3018676 kB
VmRSS:	 3018600 kB
VmRSS:	 3014752 kB
VmRSS:	 3018344 kB
VmRSS:	 3018548 kB
VmRSS:	 3018660 kB
VmRSS:	 3018616 kB
VmRSS:	 3018612 kB
VmRSS:	 3015420 kB
VmRSS:	 3018440 kB
VmRSS:	 3018564 kB
VmRSS:	 3018476 kB
VmRSS:	 3018132 kB
VmRSS:	 3018640 kB
VmRSS:	 3013888 kB
VmRSS:	 3018376 kB
VmRSS:	 3018428 kB
VmRSS:	 3018616 kB
VmRSS:	 3018568 kB
VmRSS:	 3018568 kB
VmRSS:	 3013860 kB
VmRSS:	 3018552 kB
VmRSS:	 3018652 kB
VmRSS:	 3018624 kB
VmRSS:	 3018616 kB
VmRSS:	 3018616 kB
VmRSS:	 3013180 kB
VmRSS:	 3018440 kB
VmRSS:	 3018696 kB
VmRSS:	 3018696 kB
VmRSS:	 3018588 kB
VmRSS:	 3018028 kB
VmRSS:	 3016804 kB
VmRSS:	 3018444 kB
VmRSS:	 3018576 kB
VmRSS:	 3018520 kB
VmRSS:	 3018344 kB
VmRSS:	 3018536 kB
VmRSS:	 3014776 kB
VmRSS:	 3018416 kB
VmRSS:	 3018416 kB
VmRSS:	 3018364 kB
VmRSS:	 3018508 kB
VmRSS:	 3018508 kB
VmRSS:	 3013988 kB
VmRSS:	 3018476 kB
VmRSS:	 3018472 kB
VmRSS:	 3018472 kB
VmRSS:	 3018468 kB
VmRSS:	 3018456 kB
VmRSS:	 3013308 kB
VmRSS:	 3018260 kB
VmRSS:	 3018388 kB
VmRSS:	 3018588 kB
VmRSS:	 3018588 kB
VmRSS:	 3018720 kB
VmRSS:	 3016768 kB
VmRSS:	 3018640 kB
VmRSS:	 3018760 kB
VmRSS:	 3018668 kB
VmRSS:	 3018776 kB
VmRSS:	 3018760 kB
VmRSS:	 3013576 kB
VmRSS:	 3018588 kB
VmRSS:	 3018700 kB
VmRSS:	 3018728 kB
VmRSS:	 3018884 kB
VmRSS:	 3018812 kB
VmRSS:	 3016632 kB
VmRSS:	 3018912 kB
VmRSS:	 3018908 kB
VmRSS:	 3018908 kB
VmRSS:	 3018900 kB
VmRSS:	 3019060 kB
VmRSS:	 3017400 kB
VmRSS:	 3018952 kB
VmRSS:	 3018864 kB
VmRSS:	 3018824 kB
VmRSS:	 3018836 kB
VmRSS:	 3018808 kB
VmRSS:	 3017996 kB
VmRSS:	 3017248 kB
VmRSS:	 3018832 kB
VmRSS:	 3018888 kB
VmRSS:	 3018996 kB
VmRSS:	 3018996 kB
VmRSS:	 3018968 kB
VmRSS:	 3014140 kB
VmRSS:	 3018892 kB
VmRSS:	 3018864 kB
VmRSS:	 3018804 kB
VmRSS:	 3019032 kB
VmRSS:	 3019032 kB
VmRSS:	 3014948 kB
VmRSS:	 3018844 kB
VmRSS:	 3018992 kB
VmRSS:	 3018964 kB
VmRSS:	 3018952 kB
VmRSS:	 3018952 kB
VmRSS:	 3014868 kB
VmRSS:	 3019028 kB
VmRSS:	 3018924 kB
VmRSS:	 3019152 kB
VmRSS:	 3019104 kB
VmRSS:	 3019100 kB
VmRSS:	 3016988 kB
VmRSS:	 3018956 kB
VmRSS:	 3019084 kB
VmRSS:	 3019028 kB
VmRSS:	 3019012 kB
VmRSS:	 3019008 kB
VmRSS:	 3016668 kB
VmRSS:	 3019044 kB
VmRSS:	 3019044 kB
VmRSS:	 3019080 kB
VmRSS:	 3019032 kB
VmRSS:	 3019196 kB
VmRSS:	 3015192 kB
VmRSS:	 3019072 kB
VmRSS:	 3019264 kB
VmRSS:	 3019212 kB
VmRSS:	 3019212 kB
VmRSS:	 3019284 kB
VmRSS:	 3015692 kB
VmRSS:	 3019240 kB
VmRSS:	 3019264 kB
VmRSS:	 3019176 kB
VmRSS:	 3019176 kB
VmRSS:	 3017540 kB
VmRSS:	 3018008 kB
VmRSS:	 3019148 kB
VmRSS:	 3019364 kB
VmRSS:	 3019236 kB
VmRSS:	 3019176 kB
VmRSS:	 3019368 kB
VmRSS:	 3015632 kB
VmRSS:	 3019212 kB
VmRSS:	 3019328 kB
VmRSS:	 3019264 kB
VmRSS:	 3019220 kB
VmRSS:	 3019028 kB
VmRSS:	 3014928 kB
VmRSS:	 3019140 kB
VmRSS:	 3019492 kB
VmRSS:	 3019364 kB
VmRSS:	 3019348 kB
VmRSS:	 3018520 kB
VmRSS:	 3015596 kB
VmRSS:	 3019472 kB
VmRSS:	 3019472 kB
VmRSS:	 3019472 kB
VmRSS:	 3019468 kB
VmRSS:	 3019464 kB
VmRSS:	 3015296 kB
VmRSS:	 3019256 kB
VmRSS:	 3019252 kB
VmRSS:	 3019180 kB
VmRSS:	 3019484 kB
VmRSS:	 3019124 kB
VmRSS:	 3015348 kB
VmRSS:	 3019184 kB
VmRSS:	 3019148 kB
VmRSS:	 3019148 kB
VmRSS:	 3019248 kB
VmRSS:	 3019192 kB
VmRSS:	 3015272 kB
VmRSS:	 3018992 kB
VmRSS:	 3019208 kB
VmRSS:	 3019120 kB
VmRSS:	 3019092 kB
VmRSS:	 3019080 kB
VmRSS:	 3016992 kB
VmRSS:	 3019000 kB
VmRSS:	 3019256 kB
VmRSS:	 3019240 kB
VmRSS:	 3019096 kB
VmRSS:	 3019092 kB
VmRSS:	 3014084 kB
VmRSS:	 3019052 kB
VmRSS:	 3019036 kB
VmRSS:	 3019156 kB
VmRSS:	 3019140 kB
VmRSS:	 3019140 kB
VmRSS:	 3016444 kB
VmRSS:	 3019168 kB
VmRSS:	 3019168 kB
VmRSS:	 3019248 kB
VmRSS:	 3019244 kB
VmRSS:	 3019124 kB
VmRSS:	 3016656 kB
VmRSS:	 3019028 kB
VmRSS:	 3019220 kB
VmRSS:	 3019124 kB
VmRSS:	 3019368 kB
VmRSS:	 3019192 kB
VmRSS:	 3017608 kB
VmRSS:	 3019192 kB
VmRSS:	 3019116 kB
VmRSS:	 3019116 kB
VmRSS:	 3019080 kB
VmRSS:	 3019340 kB
VmRSS:	 3017324 kB
VmRSS:	 3019112 kB
VmRSS:	 3019256 kB
VmRSS:	 3019224 kB
VmRSS:	 3019224 kB
VmRSS:	 3018848 kB
VmRSS:	 3017136 kB
VmRSS:	 3019352 kB
VmRSS:	 3019352 kB
VmRSS:	 3019280 kB
VmRSS:	 3019224 kB
VmRSS:	 3019216 kB
VmRSS:	 3018656 kB
VmRSS:	 3017608 kB
VmRSS:	 3019188 kB
VmRSS:	 3019376 kB
VmRSS:	 3019224 kB
VmRSS:	 3019224 kB
VmRSS:	 3019176 kB
VmRSS:	 3018840 kB
VmRSS:	 3019364 kB
VmRSS:	 3019364 kB
VmRSS:	 3019228 kB
VmRSS:	 3019200 kB
VmRSS:	 3019012 kB
VmRSS:	 3016704 kB
VmRSS:	 3019344 kB
VmRSS:	 3019328 kB
VmRSS:	 3019300 kB
VmRSS:	 3019284 kB
VmRSS:	 3018048 kB
VmRSS:	 3018312 kB
VmRSS:	 3019236 kB
VmRSS:	 3019216 kB
VmRSS:	 3019480 kB
VmRSS:	 3019480 kB
VmRSS:	 3018168 kB
VmRSS:	 3016736 kB
VmRSS:	 3019308 kB
VmRSS:	 3019308 kB
VmRSS:	 3019280 kB
VmRSS:	 3019408 kB
VmRSS:	 3019100 kB
VmRSS:	 3014868 kB
VmRSS:	 3019452 kB
VmRSS:	 3019428 kB
VmRSS:	 3019428 kB
VmRSS:	 3019836 kB
VmRSS:	 3019836 kB
VmRSS:	 3015668 kB
VmRSS:	 3019628 kB
VmRSS:	 3019844 kB
VmRSS:	 3019812 kB
VmRSS:	 3019792 kB
VmRSS:	 3019652 kB
VmRSS:	 3014972 kB
VmRSS:	 3019724 kB
VmRSS:	 3019704 kB
VmRSS:	 3019744 kB
VmRSS:	 3019944 kB
VmRSS:	 3019944 kB
VmRSS:	 3015084 kB
VmRSS:	 3019848 kB
VmRSS:	 3019804 kB
VmRSS:	 3019868 kB
VmRSS:	 3019868 kB
VmRSS:	 3019868 kB
VmRSS:	 3014892 kB
VmRSS:	 3019644 kB
VmRSS:	 3019840 kB
VmRSS:	 3019892 kB
VmRSS:	 3019892 kB
VmRSS:	 3019860 kB
VmRSS:	 3015764 kB
VmRSS:	 3019864 kB
VmRSS:	 3019896 kB
VmRSS:	 3019896 kB
VmRSS:	 3019820 kB
VmRSS:	 3019800 kB
VmRSS:	 3015044 kB
VmRSS:	 3019748 kB
VmRSS:	 3019880 kB
VmRSS:	 3019932 kB
VmRSS:	 3019900 kB
VmRSS:	 3019808 kB
VmRSS:	 3015912 kB
VmRSS:	 3020020 kB
VmRSS:	 3020488 kB
VmRSS:	 3020412 kB
VmRSS:	 3020388 kB
VmRSS:	 3020488 kB
VmRSS:	 3016072 kB
VmRSS:	 3020296 kB
VmRSS:	 3020268 kB
VmRSS:	 3020368 kB
VmRSS:	 3020364 kB
VmRSS:	 3020320 kB
VmRSS:	 3015404 kB
VmRSS:	 3019928 kB
VmRSS:	 3020376 kB
VmRSS:	 3020360 kB
VmRSS:	 3020340 kB
VmRSS:	 3020276 kB
VmRSS:	 3019280 kB
VmRSS:	 3019148 kB
VmRSS:	 3020468 kB
VmRSS:	 3020100 kB
VmRSS:	 3020352 kB
VmRSS:	 3020528 kB
VmRSS:	 3018864 kB
VmRSS:	 3018828 kB
VmRSS:	 3020672 kB
VmRSS:	 3020672 kB
VmRSS:	 3020668 kB
VmRSS:	 3020636 kB
VmRSS:	 3020536 kB
VmRSS:	 3017336 kB
VmRSS:	 3020504 kB
VmRSS:	 3020508 kB
VmRSS:	 3020496 kB
VmRSS:	 3020480 kB
VmRSS:	 3020564 kB
VmRSS:	 3015716 kB
VmRSS:	 3020440 kB
VmRSS:	 3020704 kB
VmRSS:	 3020620 kB
VmRSS:	 3020620 kB
VmRSS:	 3020552 kB
VmRSS:	 3016688 kB
VmRSS:	 3020528 kB
VmRSS:	 3020772 kB
VmRSS:	 3020756 kB
VmRSS:	 3020492 kB
VmRSS:	 3020752 kB
VmRSS:	 3018016 kB
VmRSS:	 3020544 kB
VmRSS:	 3020700 kB
VmRSS:	 3020656 kB
VmRSS:	 3020628 kB
VmRSS:	 3020604 kB
VmRSS:	 3016104 kB
VmRSS:	 3020788 kB
VmRSS:	 3020676 kB
VmRSS:	 3020672 kB
VmRSS:	 3020764 kB
VmRSS:	 3020688 kB
VmRSS:	 3019064 kB
VmRSS:	 3020512 kB
VmRSS:	 3020612 kB
VmRSS:	 3020828 kB
VmRSS:	 3020852 kB
VmRSS:	 3020852 kB
VmRSS:	 3019312 kB
VmRSS:	 3020824 kB
VmRSS:	 3020824 kB
VmRSS:	 3020712 kB
VmRSS:	 3020712 kB
VmRSS:	 3020640 kB
VmRSS:	 3018176 kB
VmRSS:	 3020568 kB
VmRSS:	 3020388 kB
VmRSS:	 3020652 kB
VmRSS:	 3020416 kB
VmRSS:	 3020576 kB
VmRSS:	 3019460 kB
VmRSS:	 3020288 kB
VmRSS:	 3020432 kB
VmRSS:	 3020680 kB
VmRSS:	 3020612 kB
VmRSS:	 3020612 kB
VmRSS:	 3018292 kB
VmRSS:	 3017844 kB
VmRSS:	 3020604 kB
VmRSS:	 3020604 kB
VmRSS:	 3020596 kB
VmRSS:	 3020596 kB
VmRSS:	 3019316 kB
VmRSS:	 3017844 kB
VmRSS:	 3020484 kB
VmRSS:	 3020744 kB
VmRSS:	 3020696 kB
VmRSS:	 3020688 kB
VmRSS:	 3020688 kB
VmRSS:	 3018100 kB
VmRSS:	 3020652 kB
VmRSS:	 3020552 kB
VmRSS:	 3020808 kB
VmRSS:	 3020764 kB
VmRSS:	 3020756 kB
VmRSS:	 3017928 kB
VmRSS:	 3020568 kB
VmRSS:	 3020804 kB
VmRSS:	 3020792 kB
VmRSS:	 3020776 kB
VmRSS:	 3020776 kB
VmRSS:	 3015996 kB
VmRSS:	 3020228 kB
VmRSS:	 3020756 kB
VmRSS:	 3020692 kB
VmRSS:	 3020632 kB
VmRSS:	 3020632 kB
VmRSS:	 3016100 kB
VmRSS:	 3020528 kB
VmRSS:	 3020772 kB
VmRSS:	 3020768 kB
VmRSS:	 3020556 kB
VmRSS:	 3020512 kB
VmRSS:	 3016520 kB
VmRSS:	 3020372 kB
VmRSS:	 3020636 kB
VmRSS:	 3020608 kB
VmRSS:	 3020716 kB
VmRSS:	 3020884 kB
VmRSS:	 3018772 kB
VmRSS:	 3020728 kB
VmRSS:	 3020728 kB
VmRSS:	 3020728 kB
VmRSS:	 3020696 kB
VmRSS:	 3020680 kB
VmRSS:	 3019204 kB
VmRSS:	 3020708 kB
VmRSS:	 3020708 kB
VmRSS:	 3020708 kB
VmRSS:	 3020752 kB
VmRSS:	 3020724 kB
VmRSS:	 3020228 kB
VmRSS:	 3019664 kB
VmRSS:	 3020820 kB
VmRSS:	 3020744 kB
VmRSS:	 3020924 kB
VmRSS:	 3020708 kB
VmRSS:	 3020700 kB
VmRSS:	 3018124 kB
VmRSS:	 3020552 kB
VmRSS:	 3020812 kB
VmRSS:	 3020696 kB
VmRSS:	 3020940 kB
VmRSS:	 3020892 kB
VmRSS:	 3018112 kB
VmRSS:	 3020720 kB
VmRSS:	 3020896 kB
VmRSS:	 3020892 kB
VmRSS:	 3020908 kB
VmRSS:	 3020908 kB
VmRSS:	 3016464 kB
VmRSS:	 3020688 kB
VmRSS:	 3020952 kB
VmRSS:	 3020800 kB
VmRSS:	 3020912 kB
VmRSS:	 3020820 kB
VmRSS:	 3018124 kB
VmRSS:	 3020760 kB
VmRSS:	 3020952 kB
VmRSS:	 3020836 kB
VmRSS:	 3020996 kB
VmRSS:	 3020960 kB
VmRSS:	 3016732 kB
VmRSS:	 3020944 kB
VmRSS:	 3020908 kB
VmRSS:	 3020944 kB
VmRSS:	 3020944 kB
VmRSS:	 3020836 kB
VmRSS:	 3019388 kB
VmRSS:	 3020816 kB
VmRSS:	 3021044 kB
VmRSS:	 3021028 kB
VmRSS:	 3021004 kB
VmRSS:	 3020968 kB
VmRSS:	 3020456 kB
VmRSS:	 3019024 kB
VmRSS:	 3020792 kB
VmRSS:	 3020792 kB
VmRSS:	 3021024 kB
VmRSS:	 3020680 kB
VmRSS:	 3020936 kB
VmRSS:	 3017048 kB
VmRSS:	 3020744 kB
VmRSS:	 3020916 kB
VmRSS:	 3020916 kB
VmRSS:	 3020844 kB
VmRSS:	 3020840 kB
VmRSS:	 3016528 kB
VmRSS:	 3020708 kB
VmRSS:	 3021020 kB
VmRSS:	 3021016 kB
VmRSS:	 3020968 kB
VmRSS:	 3020968 kB
VmRSS:	 3016160 kB
VmRSS:	 3020912 kB
VmRSS:	 3020912 kB
VmRSS:	 3020840 kB
VmRSS:	 3020840 kB
VmRSS:	 3020832 kB
VmRSS:	 3016828 kB
VmRSS:	 3020788 kB
VmRSS:	 3020788 kB
VmRSS:	 3020772 kB
VmRSS:	 3020772 kB
VmRSS:	 3020972 kB
VmRSS:	 3017344 kB
VmRSS:	 3020872 kB
VmRSS:	 3020840 kB
VmRSS:	 3020924 kB
VmRSS:	 3020924 kB
VmRSS:	 3020868 kB
VmRSS:	 3018520 kB
VmRSS:	 3020844 kB
VmRSS:	 3021056 kB
VmRSS:	 3021040 kB
VmRSS:	 3021028 kB
VmRSS:	 3021016 kB
VmRSS:	 3018420 kB
VmRSS:	 3019444 kB
VmRSS:	 3021028 kB
VmRSS:	 3021012 kB
VmRSS:	 3020916 kB
VmRSS:	 3020916 kB
VmRSS:	 3018756 kB
VmRSS:	 3019896 kB
VmRSS:	 3020812 kB
VmRSS:	 3021076 kB
VmRSS:	 3021036 kB
VmRSS:	 3021032 kB
VmRSS:	 3019372 kB
VmRSS:	 3020220 kB
VmRSS:	 3020968 kB
VmRSS:	 3021172 kB
VmRSS:	 3021136 kB
VmRSS:	 3021136 kB
VmRSS:	 3018644 kB
VmRSS:	 3020256 kB
VmRSS:	 3021048 kB
VmRSS:	 3021284 kB
VmRSS:	 3021284 kB
VmRSS:	 3021284 kB
VmRSS:	 3021480 kB
VmRSS:	 3018052 kB
VmRSS:	 3021432 kB
VmRSS:	 3021320 kB
VmRSS:	 3021404 kB
VmRSS:	 3021404 kB
VmRSS:	 3021396 kB
VmRSS:	 3017156 kB
VmRSS:	 3021380 kB
VmRSS:	 3021640 kB
VmRSS:	 3021556 kB
VmRSS:	 3021540 kB
VmRSS:	 3021508 kB
VmRSS:	 3017840 kB
VmRSS:	 3021448 kB
VmRSS:	 3021656 kB
VmRSS:	 3021652 kB
VmRSS:	 3021612 kB
VmRSS:	 3021556 kB
VmRSS:	 3017180 kB
VmRSS:	 3021668 kB
VmRSS:	 3021664 kB
VmRSS:	 3021628 kB
VmRSS:	 3021612 kB
VmRSS:	 3021640 kB
VmRSS:	 3017412 kB
VmRSS:	 3021680 kB
VmRSS:	 3021676 kB
VmRSS:	 3021676 kB
VmRSS:	 3021644 kB
VmRSS:	 3021620 kB
VmRSS:	 3016408 kB
VmRSS:	 3021684 kB
VmRSS:	 3021728 kB
VmRSS:	 3021728 kB
VmRSS:	 3021728 kB
VmRSS:	 3021728 kB
VmRSS:	 3016472 kB
VmRSS:	 3021696 kB
VmRSS:	 3021696 kB
VmRSS:	 3021696 kB
VmRSS:	 3021676 kB
VmRSS:	 3021676 kB
VmRSS:	 3018952 kB
VmRSS:	 3020760 kB
VmRSS:	 3021788 kB
VmRSS:	 3021756 kB
VmRSS:	 3021776 kB
VmRSS:	 3021720 kB
VmRSS:	 3020540 kB
VmRSS:	 3021508 kB
VmRSS:	 3021760 kB
VmRSS:	 3021756 kB
VmRSS:	 3021752 kB
VmRSS:	 3021600 kB
VmRSS:	 3021592 kB
VmRSS:	 3018628 kB
VmRSS:	 3021796 kB
VmRSS:	 3021796 kB
VmRSS:	 3021820 kB
VmRSS:	 3021760 kB
VmRSS:	 3021748 kB
VmRSS:	 3017432 kB
VmRSS:	 3021656 kB
VmRSS:	 3021652 kB
VmRSS:	 3021832 kB
VmRSS:	 3021816 kB
VmRSS:	 3021812 kB
VmRSS:	 3017324 kB
VmRSS:	 3021548 kB
VmRSS:	 3021796 kB
VmRSS:	 3021796 kB
VmRSS:	 3021756 kB
VmRSS:	 3021764 kB
VmRSS:	 3016532 kB
VmRSS:	 3021812 kB
VmRSS:	 3021808 kB
VmRSS:	 3021784 kB
VmRSS:	 3021872 kB
VmRSS:	 3021804 kB
VmRSS:	 3019328 kB
VmRSS:	 3021640 kB
VmRSS:	 3021904 kB
VmRSS:	 3021796 kB
VmRSS:	 3021780 kB
VmRSS:	 3021780 kB
VmRSS:	 3017164 kB
VmRSS:	 3021652 kB
VmRSS:	 3021448 kB
VmRSS:	 3021960 kB
VmRSS:	 3021960 kB
VmRSS:	 3021932 kB
VmRSS:	 3020108 kB
VmRSS:	 3021952 kB
VmRSS:	 3021936 kB
VmRSS:	 3022192 kB
VmRSS:	 3022048 kB
VmRSS:	 3022048 kB
VmRSS:	 3021272 kB
VmRSS:	 3021196 kB
VmRSS:	 3021952 kB
VmRSS:	 3021952 kB
VmRSS:	 3022148 kB
VmRSS:	 3022136 kB
VmRSS:	 3020988 kB
VmRSS:	 3020624 kB
VmRSS:	 3021944 kB
VmRSS:	 3022208 kB
VmRSS:	 3022012 kB
VmRSS:	 3022204 kB
VmRSS:	 3022068 kB
VmRSS:	 3017936 kB
VmRSS:	 3022132 kB
VmRSS:	 3022132 kB
VmRSS:	 3022024 kB
VmRSS:	 3022024 kB
VmRSS:	 3022004 kB
VmRSS:	 3018616 kB
VmRSS:	 3022048 kB
VmRSS:	 3022048 kB
VmRSS:	 3022048 kB
VmRSS:	 3022100 kB
VmRSS:	 3022100 kB
VmRSS:	 3017176 kB
VmRSS:	 3021880 kB
VmRSS:	 3022144 kB
VmRSS:	 3022280 kB
VmRSS:	 3022280 kB
VmRSS:	 3022268 kB
VmRSS:	 3019804 kB
VmRSS:	 3022056 kB
VmRSS:	 3022232 kB
VmRSS:	 3022108 kB
VmRSS:	 3022108 kB
VmRSS:	 3022284 kB
VmRSS:	 3022284 kB
VmRSS:	 3018468 kB
VmRSS:	 3022148 kB
VmRSS:	 3022344 kB
VmRSS:	 3022272 kB
VmRSS:	 3022068 kB
VmRSS:	 3022068 kB
VmRSS:	 3018080 kB
VmRSS:	 3022232 kB
VmRSS:	 3022232 kB
VmRSS:	 3022180 kB
VmRSS:	 3022180 kB
VmRSS:	 3022172 kB
VmRSS:	 3018088 kB
VmRSS:	 3022232 kB
VmRSS:	 3022232 kB
VmRSS:	 3022216 kB
VmRSS:	 3022200 kB
VmRSS:	 3021988 kB
VmRSS:	 3019844 kB
VmRSS:	 3021976 kB
VmRSS:	 3022040 kB
VmRSS:	 3022188 kB
VmRSS:	 3022164 kB
VmRSS:	 3022160 kB
VmRSS:	 3020880 kB
VmRSS:	 3021632 kB
VmRSS:	 3022204 kB
VmRSS:	 3022156 kB
VmRSS:	 3022156 kB
VmRSS:	 3022140 kB
VmRSS:	 3022124 kB
VmRSS:	 3020156 kB
VmRSS:	 3021984 kB
VmRSS:	 3022244 kB
VmRSS:	 3022212 kB
VmRSS:	 3022264 kB
VmRSS:	 3022140 kB
VmRSS:	 3018684 kB
VmRSS:	 3022116 kB
VmRSS:	 3021952 kB
VmRSS:	 3021940 kB
VmRSS:	 3021940 kB
VmRSS:	 3021924 kB
VmRSS:	 3017780 kB
VmRSS:	 3021892 kB
VmRSS:	 3022144 kB
VmRSS:	 3022144 kB
VmRSS:	 3022064 kB
VmRSS:	 3022016 kB
VmRSS:	 3017812 kB
VmRSS:	 3021968 kB
VmRSS:	 3021968 kB
VmRSS:	 3021960 kB
VmRSS:	 3021988 kB
VmRSS:	 3022200 kB
VmRSS:	 3017624 kB
VmRSS:	 3021860 kB
VmRSS:	 3022200 kB
VmRSS:	 3022200 kB
VmRSS:	 3022216 kB
VmRSS:	 3022216 kB
VmRSS:	 3018760 kB
VmRSS:	 3022188 kB
VmRSS:	 3022152 kB
VmRSS:	 3022128 kB
VmRSS:	 3022108 kB
VmRSS:	 3022300 kB
VmRSS:	 3016840 kB
VmRSS:	 3022116 kB
VmRSS:	 3022368 kB
VmRSS:	 3022320 kB
VmRSS:	 3022244 kB
VmRSS:	 3022232 kB
VmRSS:	 3019880 kB
VmRSS:	 3021964 kB
VmRSS:	 3022228 kB
VmRSS:	 3022564 kB
VmRSS:	 3022540 kB
VmRSS:	 3022524 kB
VmRSS:	 3020768 kB
VmRSS:	 3019652 kB
VmRSS:	 3022556 kB
VmRSS:	 3022540 kB
VmRSS:	 3022376 kB
VmRSS:	 3022372 kB
VmRSS:	 3022388 kB
VmRSS:	 3020596 kB
VmRSS:	 3022368 kB
VmRSS:	 3022348 kB
VmRSS:	 3022492 kB
VmRSS:	 3022456 kB
VmRSS:	 3022388 kB
VmRSS:	 3019428 kB
VmRSS:	 3022332 kB
VmRSS:	 3022592 kB
VmRSS:	 3022584 kB
VmRSS:	 3022580 kB
VmRSS:	 3022544 kB
VmRSS:	 3018096 kB
VmRSS:	 3022292 kB
VmRSS:	 3022276 kB
VmRSS:	 3022504 kB
VmRSS:	 3022384 kB
VmRSS:	 3022380 kB
VmRSS:	 3019248 kB
VmRSS:	 3022624 kB
VmRSS:	 3022464 kB
VmRSS:	 3022452 kB
VmRSS:	 3022444 kB
VmRSS:	 3022424 kB
VmRSS:	 3019824 kB
VmRSS:	 3022460 kB
VmRSS:	 3022652 kB
VmRSS:	 3022540 kB
VmRSS:	 3022540 kB
VmRSS:	 3022528 kB
VmRSS:	 3017616 kB
VmRSS:	 3022488 kB
VmRSS:	 3022488 kB
VmRSS:	 3022012 kB
VmRSS:	 3022528 kB
VmRSS:	 3022524 kB
VmRSS:	 3020268 kB
VmRSS:	 3022376 kB
VmRSS:	 3022376 kB
VmRSS:	 3022352 kB
VmRSS:	 3022352 kB
VmRSS:	 3022352 kB
VmRSS:	 3020100 kB
VmRSS:	 3019980 kB
VmRSS:	 3022344 kB
VmRSS:	 3022532 kB
VmRSS:	 3022416 kB
VmRSS:	 3022352 kB
VmRSS:	 3022536 kB
VmRSS:	 3019648 kB
VmRSS:	 3022552 kB
VmRSS:	 3022552 kB
VmRSS:	 3022480 kB
VmRSS:	 3022480 kB
VmRSS:	 3022460 kB
VmRSS:	 3018716 kB
VmRSS:	 3022392 kB
VmRSS:	 3022392 kB
VmRSS:	 3022644 kB
VmRSS:	 3022628 kB
VmRSS:	 3022568 kB
VmRSS:	 3019512 kB
VmRSS:	 3022416 kB
VmRSS:	 3022672 kB
VmRSS:	 3022652 kB
VmRSS:	 3022652 kB
VmRSS:	 3022628 kB
VmRSS:	 3020048 kB
VmRSS:	 3022424 kB
VmRSS:	 3022676 kB
VmRSS:	 3022676 kB
VmRSS:	 3022676 kB
VmRSS:	 3022644 kB
VmRSS:	 3017876 kB
VmRSS:	 3022628 kB
VmRSS:	 3022624 kB
VmRSS:	 3022512 kB
VmRSS:	 3022760 kB
VmRSS:	 3022560 kB
VmRSS:	 3017572 kB
VmRSS:	 3022548 kB
VmRSS:	 3022548 kB
VmRSS:	 3022780 kB
VmRSS:	 3022748 kB
VmRSS:	 3022748 kB
VmRSS:	 3018500 kB
VmRSS:	 3022460 kB
VmRSS:	 3022456 kB
VmRSS:	 3022668 kB
VmRSS:	 3022668 kB
VmRSS:	 3022668 kB
VmRSS:	 3017812 kB
VmRSS:	 3022564 kB
VmRSS:	 3022564 kB
VmRSS:	 3022776 kB
VmRSS:	 3022772 kB
VmRSS:	 3022756 kB
VmRSS:	 3019272 kB
VmRSS:	 3022436 kB
VmRSS:	 3022700 kB
VmRSS:	 3022684 kB
VmRSS:	 3022684 kB
VmRSS:	 3022680 kB
VmRSS:	 3020376 kB
VmRSS:	 3022748 kB
VmRSS:	 3022560 kB
VmRSS:	 3022816 kB
VmRSS:	 3022816 kB
VmRSS:	 3022748 kB
VmRSS:	 3021648 kB
VmRSS:	 3020756 kB
VmRSS:	 3022816 kB
VmRSS:	 3022816 kB
VmRSS:	 3022732 kB
VmRSS:	 3022736 kB
VmRSS:	 3022732 kB
VmRSS:	 3018260 kB
VmRSS:	 3022660 kB
VmRSS:	 3022660 kB
VmRSS:	 3022864 kB
VmRSS:	 3022848 kB
VmRSS:	 3022828 kB
VmRSS:	 3017816 kB
VmRSS:	 3022812 kB
VmRSS:	 3022812 kB
VmRSS:	 3022812 kB
VmRSS:	 3022668 kB
VmRSS:	 3022640 kB
VmRSS:	 3019924 kB
VmRSS:	 3022640 kB
VmRSS:	 3022640 kB
VmRSS:	 3022632 kB
VmRSS:	 3022668 kB
VmRSS:	 3022668 kB
VmRSS:	 3020804 kB
VmRSS:	 3021804 kB
VmRSS:	 3022760 kB
VmRSS:	 3022816 kB
VmRSS:	 3022580 kB
VmRSS:	 3022708 kB
VmRSS:	 3020356 kB
VmRSS:	 3021380 kB
VmRSS:	 3022804 kB
VmRSS:	 3022800 kB
VmRSS:	 3022756 kB
VmRSS:	 3022744 kB
VmRSS:	 3022392 kB
VmRSS:	 3019684 kB
VmRSS:	 3022804 kB
VmRSS:	 3022804 kB
VmRSS:	 3022852 kB
VmRSS:	 3022852 kB
VmRSS:	 3022852 kB
VmRSS:	 3018708 kB
VmRSS:	 3022636 kB
VmRSS:	 3022872 kB
VmRSS:	 3022824 kB
VmRSS:	 3022800 kB
VmRSS:	 3022796 kB
VmRSS:	 3018480 kB
VmRSS:	 3022704 kB
VmRSS:	 3022948 kB
VmRSS:	 3022924 kB
VmRSS:	 3022920 kB
VmRSS:	 3022868 kB
VmRSS:	 3017040 kB
VmRSS:	 3022580 kB
VmRSS:	 3022780 kB
VmRSS:	 3022792 kB
VmRSS:	 3022792 kB
VmRSS:	 3022928 kB
VmRSS:	 3017556 kB
VmRSS:	 3022972 kB
VmRSS:	 3022944 kB
VmRSS:	 3022796 kB
VmRSS:	 3023060 kB
VmRSS:	 3022892 kB
VmRSS:	 3021112 kB
VmRSS:	 3022812 kB
VmRSS:	 3022800 kB
VmRSS:	 3022892 kB
VmRSS:	 3022880 kB
VmRSS:	 3022880 kB
VmRSS:	 3021652 kB
VmRSS:	 3020288 kB
VmRSS:	 3022664 kB
VmRSS:	 3022800 kB
VmRSS:	 3022624 kB
VmRSS:	 3022624 kB
VmRSS:	 3022740 kB
VmRSS:	 3019176 kB
VmRSS:	 3022404 kB
VmRSS:	 3022740 kB
VmRSS:	 3022720 kB
VmRSS:	 3022700 kB
VmRSS:	 3022640 kB
VmRSS:	 3018776 kB
VmRSS:	 3022736 kB
VmRSS:	 3022708 kB
VmRSS:	 3022652 kB
VmRSS:	 3022640 kB
VmRSS:	 3022880 kB
VmRSS:	 3018056 kB
VmRSS:	 3022484 kB
VmRSS:	 3022744 kB
VmRSS:	 3022828 kB
VmRSS:	 3022808 kB
VmRSS:	 3022804 kB
VmRSS:	 3018312 kB
VmRSS:	 3022532 kB
VmRSS:	 3022704 kB
VmRSS:	 3021560 kB
VmRSS:	 3022260 kB
VmRSS:	 3022788 kB
VmRSS:	 3020216 kB
VmRSS:	 3020640 kB
VmRSS:	 3022736 kB
VmRSS:	 3022648 kB
VmRSS:	 3022808 kB
VmRSS:	 3022788 kB
VmRSS:	 3022860 kB
VmRSS:	 3020472 kB
VmRSS:	 3022848 kB
VmRSS:	 3023112 kB
VmRSS:	 3023076 kB
VmRSS:	 3022976 kB
VmRSS:	 3022968 kB
VmRSS:	 3019080 kB
VmRSS:	 3022776 kB
VmRSS:	 3023024 kB
VmRSS:	 3023024 kB
VmRSS:	 3022932 kB
VmRSS:	 3022932 kB
VmRSS:	 3018780 kB
VmRSS:	 3022740 kB
VmRSS:	 3023004 kB
VmRSS:	 3023060 kB
VmRSS:	 3023152 kB
VmRSS:	 3023152 kB
VmRSS:	 3018928 kB
VmRSS:	 3022888 kB
VmRSS:	 3023000 kB
VmRSS:	 3022940 kB
VmRSS:	 3022940 kB
VmRSS:	 3023176 kB
VmRSS:	 3021104 kB
VmRSS:	 3022916 kB
VmRSS:	 3023176 kB
VmRSS:	 3023176 kB
VmRSS:	 3023124 kB
VmRSS:	 3023748 kB
VmRSS:	 3024252 kB
VmRSS:	 3020540 kB
VmRSS:	 3024372 kB
VmRSS:	 3024304 kB
VmRSS:	 3024404 kB
VmRSS:	 3024380 kB
VmRSS:	 3024340 kB
VmRSS:	 3021960 kB
VmRSS:	 3024292 kB
VmRSS:	 3024292 kB
VmRSS:	 3024532 kB
VmRSS:	 3024452 kB
VmRSS:	 3024452 kB
VmRSS:	 3019316 kB
VmRSS:	 3024332 kB
VmRSS:	 3024332 kB
VmRSS:	 3024528 kB
VmRSS:	 3024512 kB
VmRSS:	 3024512 kB
VmRSS:	 3019812 kB
VmRSS:	 3024564 kB
VmRSS:	 3024552 kB
VmRSS:	 3024516 kB
VmRSS:	 3024516 kB
VmRSS:	 3024516 kB
VmRSS:	 3019228 kB
VmRSS:	 3024380 kB
VmRSS:	 3024380 kB
VmRSS:	 3024612 kB
VmRSS:	 3024612 kB
VmRSS:	 3024568 kB
VmRSS:	 3022920 kB
VmRSS:	 3024260 kB
VmRSS:	 3024524 kB
VmRSS:	 3024508 kB
VmRSS:	 3024444 kB
VmRSS:	 3024444 kB
VmRSS:	 3022580 kB
VmRSS:	 3020716 kB
VmRSS:	 3024372 kB
VmRSS:	 3024416 kB
VmRSS:	 3024628 kB
VmRSS:	 3024564 kB
VmRSS:	 3024560 kB
VmRSS:	 3019928 kB
VmRSS:	 3024404 kB
VmRSS:	 3024404 kB
VmRSS:	 3024600 kB
VmRSS:	 3024532 kB
VmRSS:	 3024852 kB
VmRSS:	 3022992 kB
VmRSS:	 3024608 kB
VmRSS:	 3024760 kB
VmRSS:	 3024688 kB
VmRSS:	 3024584 kB
VmRSS:	 3024816 kB
VmRSS:	 3024156 kB
VmRSS:	 3024124 kB
VmRSS:	 3024780 kB
VmRSS:	 3024780 kB
VmRSS:	 3024836 kB
VmRSS:	 3024724 kB
VmRSS:	 3024732 kB
VmRSS:	 3020476 kB
VmRSS:	 3024672 kB
VmRSS:	 3024924 kB
VmRSS:	 3024804 kB
VmRSS:	 3024756 kB
VmRSS:	 3024688 kB
VmRSS:	 3021292 kB
VmRSS:	 3024672 kB
VmRSS:	 3024672 kB
VmRSS:	 3024880 kB
VmRSS:	 3024820 kB
VmRSS:	 3024864 kB
VmRSS:	 3020132 kB
VmRSS:	 3024752 kB
VmRSS:	 3024780 kB
VmRSS:	 3024932 kB
VmRSS:	 3024916 kB
VmRSS:	 3024904 kB
VmRSS:	 3022900 kB
VmRSS:	 3024668 kB
VmRSS:	 3024668 kB
VmRSS:	 3024924 kB
VmRSS:	 3024924 kB
VmRSS:	 3024912 kB
VmRSS:	 3023328 kB
VmRSS:	 3022312 kB
VmRSS:	 3024688 kB
VmRSS:	 3024668 kB
VmRSS:	 3024900 kB
VmRSS:	 3024884 kB
VmRSS:	 3024884 kB
VmRSS:	 3021676 kB
VmRSS:	 3024844 kB
VmRSS:	 3024720 kB
VmRSS:	 3024948 kB
VmRSS:	 3024944 kB
VmRSS:	 3024892 kB
VmRSS:	 3021592 kB
VmRSS:	 3024892 kB
VmRSS:	 3024884 kB
VmRSS:	 3024768 kB
VmRSS:	 3024764 kB
VmRSS:	 3024764 kB
VmRSS:	 3019984 kB
VmRSS:	 3024736 kB
VmRSS:	 3025024 kB
VmRSS:	 3024944 kB
VmRSS:	 3024916 kB
VmRSS:	 3024912 kB
VmRSS:	 3020112 kB
VmRSS:	 3024864 kB
VmRSS:	 3024860 kB
VmRSS:	 3024840 kB
VmRSS:	 3024140 kB
VmRSS:	 3024916 kB
VmRSS:	 3022532 kB
VmRSS:	 3024884 kB
VmRSS:	 3024860 kB
VmRSS:	 3024912 kB
VmRSS:	 3024880 kB
VmRSS:	 3024872 kB
VmRSS:	 3024856 kB
VmRSS:	 3022156 kB
VmRSS:	 3024940 kB
VmRSS:	 3024936 kB
VmRSS:	 3024892 kB
VmRSS:	 3024784 kB
VmRSS:	 3025048 kB
VmRSS:	 3021724 kB
VmRSS:	 3024984 kB
VmRSS:	 3024900 kB
VmRSS:	 3025064 kB
VmRSS:	 3024956 kB
VmRSS:	 3024940 kB
VmRSS:	 3020340 kB
VmRSS:	 3024760 kB
VmRSS:	 3024976 kB
VmRSS:	 3025100 kB
VmRSS:	 3025072 kB
VmRSS:	 3025072 kB
VmRSS:	 3019412 kB
VmRSS:	 3024952 kB
VmRSS:	 3024904 kB
VmRSS:	 3025048 kB
VmRSS:	 3025024 kB
VmRSS:	 3025024 kB
VmRSS:	 3024324 kB
VmRSS:	 3025068 kB
VmRSS:	 3025036 kB
VmRSS:	 3024948 kB
VmRSS:	 3024948 kB
VmRSS:	 3024940 kB
VmRSS:	 3022904 kB
VmRSS:	 3024976 kB
VmRSS:	 3024948 kB
VmRSS:	 3024872 kB
VmRSS:	 3025020 kB
VmRSS:	 3024984 kB
VmRSS:	 3025240 kB
VmRSS:	 3021680 kB
VmRSS:	 3025096 kB
VmRSS:	 3025096 kB
VmRSS:	 3024920 kB
VmRSS:	 3025124 kB
VmRSS:	 3025016 kB
VmRSS:	 3022832 kB
VmRSS:	 3024228 kB
VmRSS:	 3025020 kB
VmRSS:	 3025012 kB
VmRSS:	 3025012 kB
VmRSS:	 3024984 kB
VmRSS:	 3023004 kB
VmRSS:	 3024852 kB
VmRSS:	 3025116 kB
VmRSS:	 3025020 kB
VmRSS:	 3025020 kB
VmRSS:	 3025232 kB
VmRSS:	 3025200 kB
VmRSS:	 3020924 kB
VmRSS:	 3025144 kB
VmRSS:	 3025144 kB
VmRSS:	 3025160 kB
VmRSS:	 3025360 kB
VmRSS:	 3025400 kB
VmRSS:	 3021116 kB
VmRSS:	 3025340 kB
VmRSS:	 3025340 kB
VmRSS:	 3025164 kB
VmRSS:	 3025408 kB
VmRSS:	 3025396 kB
VmRSS:	 3020684 kB
VmRSS:	 3025172 kB
VmRSS:	 3025164 kB
VmRSS:	 3025288 kB
VmRSS:	 3025288 kB
VmRSS:	 3025284 kB
VmRSS:	 3023152 kB
VmRSS:	 3025136 kB
VmRSS:	 3025400 kB
VmRSS:	 3025376 kB
VmRSS:	 3025372 kB
VmRSS:	 3025360 kB
VmRSS:	 3023880 kB
VmRSS:	 3025312 kB
VmRSS:	 3025468 kB
VmRSS:	 3025524 kB
VmRSS:	 3025512 kB
VmRSS:	 3025508 kB
VmRSS:	 3023316 kB
VmRSS:	 3024672 kB
VmRSS:	 3025460 kB
VmRSS:	 3025528 kB
VmRSS:	 3025564 kB
VmRSS:	 3025556 kB
VmRSS:	 3023428 kB
VmRSS:	 3025376 kB
VmRSS:	 3025376 kB
VmRSS:	 3025372 kB
VmRSS:	 3025428 kB
VmRSS:	 3025428 kB
VmRSS:	 3024976 kB
VmRSS:	 3022900 kB
VmRSS:	 3025276 kB
VmRSS:	 3025276 kB
VmRSS:	 3025320 kB
VmRSS:	 3025236 kB
VmRSS:	 3025484 kB
VmRSS:	 3024508 kB
VmRSS:	 1030208 kB
===ENGINE_OUTPUT===
WARNING: All log messages before absl::InitializeLog() is called are written to STDERR
I0000 00:00:1789343878.047388   12123 litert_lm_lib.cc:499] Choose backend: gpu
I0000 00:00:1789343878.047676   12123 litert_lm_lib.cc:652] executor_settings: backend: GPU
backend_config:
max_top_k: 64

max_tokens: 1024
activation_data_type: Not set
max_num_images: 0
lora_rank: 0
cache_dir: 
cache_file: Not set
litert_dispatch_lib_dir: Not set
model_assets: model_path: /data/local/tmp/llmbench/models/litert-local_Qwen3-1.7B-wi4b32-gpuflags_Qwen3-1.7B_wi4b32_gpuflags.litertlm
fake_weights_mode: FAKE_WEIGHTS_NONE

attention_mask_settings:
attention_mask_policy: Causal
local_attention_mask_policy: Not set
sliding_window_size: Not set
advanced_settings: prefill_batch_sizes: [128]
num_output_candidates: 1
configure_magic_numbers: true
verify_magic_numbers: false
clear_kv_cache_before_prefill: true
num_logits_to_print_after_decode: 0
gpu_madvise_original_shared_tensors: true
gpu_enable_metal_residency_set: false
is_benchmark: true
enable_profiling: true
preferred_device_substr: 
num_threads_to_upload: -1
num_threads_to_compile: -1
convert_weights_on_gpu: true
wait_for_weights_conversion_complete_in_benchmark: true
optimize_shader_compilation: true
cache_compiled_shaders_only: false
share_constant_tensors: true
sampler_handles_input: true
allow_src_quantized_fc_conv_ops: Not set
hint_waiting_for_completion: Not set
gpu_context_low_priority: Not set
enable_speculative_decoding: false
disable_delegate_clustering: false
hint_kernel_batch_size: Not set
error_on_invalid_sampled_token_id: false


I0000 00:00:1789343878.047820   12123 litert_lm_lib.cc:659] vision_executor_settings: not set
I0000 00:00:1789343878.047831   12123 litert_lm_lib.cc:665] audio_executor_settings: not set
I0000 00:00:1789343878.047842   12123 litert_lm_lib.cc:688] Creating engine
W0000 00:00:1789343878.048106   12123 litert_lm_loader.h:158] TFLite model type: TF_LITE_VISION_ENCODER not found for backend constraints. Skipping.
W0000 00:00:1789343878.048128   12123 litert_lm_loader.h:158] TFLite model type: TF_LITE_AUDIO_ENCODER_HW not found for backend constraints. Skipping.
W0000 00:00:1789343878.048140   12123 litert_lm_loader.h:174] TFLite model type: TF_LITE_VISION_ENCODER not found for prefer activation type. Use system's default backend activation type. System's default activation type for Text decoder is fp16. Vision encoder and audio encoder default is fp32.
W0000 00:00:1789343878.048149   12123 litert_lm_loader.h:174] TFLite model type: TF_LITE_AUDIO_ENCODER_HW not found for prefer activation type. Use system's default backend activation type. System's default activation type for Text decoder is fp16. Vision encoder and audio encoder default is fp32.
INFO: [environment.cc:36] Creating LiteRT environment with options
WARNING: [npu_registry.cc:34] NPU accelerator could not be loaded and registered: kLiteRtStatusErrorInvalidArgument.
INFO: [gpu_registry.cc:101] Attempting to load GPU accelerator(libLiteRtGpuAccelerator.so).
W0000 00:00:1789343878.048237   12124 litert_lm_loader.cc:291] Section not found: 
INFO: [accelerator_registry.cc:54] RegisterAccelerator: ptr=0xb40000728362f9b0, name=LiteRT GPU
INFO: [gpu_registry.cc:109] Dynamically loaded GPU accelerator(libLiteRtGpuAccelerator.so) registered.
INFO: [accelerator_registry.cc:54] RegisterAccelerator: ptr=0xb40000728362f470, name=CpuAccelerator
INFO: [cpu_registry.cc:75] XNNPACK CPU accelerator registered.
W0000 00:00:1789343878.121633   12123 magic_number_configs_helper.cc:337] Too many prefill batch sizes=1 for magic numbers of prefill lengths=0. 1 small prefill batch sizes won't be used.
INFO: [environment.cc:36] Creating LiteRT environment with options
WARNING: [npu_registry.cc:34] NPU accelerator could not be loaded and registered: kLiteRtStatusErrorInvalidArgument.
INFO: [gpu_registry.cc:101] Attempting to load GPU accelerator(libLiteRtGpuAccelerator.so).
INFO: [accelerator_registry.cc:54] RegisterAccelerator: ptr=0xb400007283631c30, name=LiteRT GPU
INFO: [gpu_registry.cc:109] Dynamically loaded GPU accelerator(libLiteRtGpuAccelerator.so) registered.
INFO: [accelerator_registry.cc:54] RegisterAccelerator: ptr=0xb400007283632950, name=CpuAccelerator
INFO: [cpu_registry.cc:75] XNNPACK CPU accelerator registered.
INFO: [magic_number_utils.cc:101] Loaded: num_subgraphs=508, num_signatures=2
INFO: [magic_number_utils.cc:109]   signature=prefill_1024, subgraph_index=0, num_tensors=1471, num_inputs=60, num_outputs=57, num_ops=1022
INFO: [magic_number_utils.cc:109]   signature=decode, subgraph_index=1, num_tensors=1383, num_inputs=60, num_outputs=57, num_ops=936
INFO: [magic_number_utils.cc:113] Magic number configs: num_configs=1
INFO: [magic_number_utils.cc:120]   config[0]: magic_number=4099, target_number=1024, signature_prefix=null
INFO: [magic_number_utils.cc:536] 482 tensors of signature prefill_1024 have been updated for magic number  4099 to target number 1024
INFO: [magic_number_utils.cc:536] 482 tensors of signature decode have been updated for magic number  4099 to target number 1024
INFO: [compiled_model.cc:815] Flatbuffer model initialized directly from incoming litert model.
INFO: Initialized TensorFlow Lite runtime.
I0000 00:00:1789343878.474753   12123 delegate_opencl.cc:603] options->hint_waiting_for_completion: false
I0000 00:00:1789343878.475086   12123 delegate_opencl.cc:605] options->kernel_batch_size: -1
INFO: [environment.cc:47] Adding options to the existing LiteRT environment
INFO: Loaded OpenCL library with dlopen.
INFO: [gpu_environment.cc:220] Created OpenCL device from provided device id and platform id.
INFO: [gpu_environment.cc:283] Reusing provided EGL environment.
INFO: [gpu_environment.h:155] Created LiteRT GpuEnvironment.
INFO: [environment.cc:47] Adding options to the existing LiteRT environment
VERBOSE: Replacing 1022 out of 1022 node(s) with delegate (LITERT_CL) node, yielding 1 partitions for subgraph 0 (prefill_1024).
W0000 00:00:1789343878.586167   12123 gpu_model_builder.cc:4299] Weights preparation on Gpu is disabled for PowerVR, Broadcom, Mali GPUs and non-OpenCL/WebGPU/Metal backends.
I0000 00:00:1789343887.270081   12123 delegate_kernel.cc:325] Total 58 external tensors are used for delegate inputs and outputs
I0000 00:00:1789343887.270185   12123 delegate_kernel.cc:877] Initializing OpenCL-based API from serialized data.
VERBOSE: Replacing 936 out of 936 node(s) with delegate (LITERT_CL) node, yielding 1 partitions for subgraph 1 (decode).
I0000 00:00:1789343887.899131   12123 delegate_kernel.cc:325] Total 58 external tensors are used for delegate inputs and outputs
I0000 00:00:1789343887.899183   12123 delegate_kernel.cc:877] Initializing OpenCL-based API from serialized data.
INFO: [environment.cc:36] Creating LiteRT environment with options
WARNING: [npu_registry.cc:34] NPU accelerator could not be loaded and registered: kLiteRtStatusErrorInvalidArgument.
INFO: [gpu_registry.cc:101] Attempting to load GPU accelerator(libLiteRtGpuAccelerator.so).
INFO: [accelerator_registry.cc:54] RegisterAccelerator: ptr=0xb400007283637930, name=LiteRT GPU
INFO: [gpu_registry.cc:109] Dynamically loaded GPU accelerator(libLiteRtGpuAccelerator.so) registered.
INFO: [accelerator_registry.cc:54] RegisterAccelerator: ptr=0xb4000072839f9a30, name=CpuAccelerator
INFO: [cpu_registry.cc:75] XNNPACK CPU accelerator registered.
W0000 00:00:1789343888.369212   12123 litert_lm_loader.cc:291] Section not found: 
W0000 00:00:1789343888.369288   12123 litert_lm_loader.h:129] TFLite model for type: TF_LITE_END_OF_AUDIO not found. Skipping.
W0000 00:00:1789343888.369299   12123 litert_lm_loader.cc:291] Section not found: 
W0000 00:00:1789343888.369303   12123 litert_lm_loader.h:129] TFLite model for type: TF_LITE_END_OF_VISION not found. Skipping.
W0000 00:00:1789343888.369307   12123 litert_lm_loader.cc:291] Section not found: 
W0000 00:00:1789343888.369312   12123 litert_lm_loader.h:129] TFLite model for type: TF_LITE_EMBEDDER not found. Skipping.
W0000 00:00:1789343888.369316   12123 litert_lm_loader.cc:291] Section not found: 
W0000 00:00:1789343888.369320   12123 litert_lm_loader.h:129] TFLite model for type: TF_LITE_PER_LAYER_EMBEDDER not found. Skipping.
W0000 00:00:1789343888.369380   12123 litert_lm_loader.h:158] TFLite model type: TF_LITE_VISION_ENCODER not found for backend constraints. Skipping.
W0000 00:00:1789343888.369387   12123 litert_lm_loader.h:158] TFLite model type: TF_LITE_AUDIO_ENCODER_HW not found for backend constraints. Skipping.
W0000 00:00:1789343888.369392   12123 litert_lm_loader.h:174] TFLite model type: TF_LITE_VISION_ENCODER not found for prefer activation type. Use system's default backend activation type. System's default activation type for Text decoder is fp16. Vision encoder and audio encoder default is fp32.
W0000 00:00:1789343888.369396   12123 litert_lm_loader.h:174] TFLite model type: TF_LITE_AUDIO_ENCODER_HW not found for prefer activation type. Use system's default backend activation type. System's default activation type for Text decoder is fp16. Vision encoder and audio encoder default is fp32.
I0000 00:00:1789343888.369926   12123 litert_lm_lib.cc:856] Creating conversation
I0000 00:00:1789343888.371378   12123 litert_lm_lib.cc:868] Running single-turn conversation
W0000 00:00:1789343917.453883   12123 sampler_factory.cc:401] OpenCL sampler not available, falling back to statically linked C API: UNAVAILABLE: ERROR: [runtime/components/sampler_factory.cc:317]
└ Could not load shared library libLiteRtTopKOpenClSampler.so: dlopen failed: cannot locate symbol "kLiteRtRuntimeBuiltin" referenced by "/data/local/tmp/llmbench/libLiteRtTopKOpenClSampler.so"....
=== Source Location Trace: === 
external/litert/litert/cc/litert_macros.h:573

W0000 00:00:1789343917.460785   12123 sampler_factory.cc:484] WebGPU sampler not available, falling back to statically linked C API: UNAVAILABLE: ERROR: [runtime/components/sampler_factory.cc:317]
└ Could not load shared library libLiteRtTopKWebGpuSampler.so: dlopen failed: cannot locate symbol "kLiteRtRuntimeBuiltin" referenced by "/data/local/tmp/llmbench/libLiteRtTopKWebGpuSampler.so"....
=== Source Location Trace: === 
external/litert/litert/cc/litert_macros.h:573

W0000 00:00:1789343917.460977   12123 sampler_factory.cc:764] GPU sampler unavailable. Falling back to CPU sampling. To use GPU sampling, please make sure libLiteRtTopKWebGpuSampler.so or libLiteRtTopKOpenClSampler.so is available at LD_LIBRARY_PATH on device. You can find the shared library under prebuilt/
BenchmarkInfo:
  Init Phases (7):
    - Init Conversation: 0.04 ms
    - Init Executor: 10321.20 ms
    - Init LLM metadata: 0.04 ms
    - Init Model assets: 0.04 ms
    - Init Tokenizer: 581.62 ms
    - Init Total: 10321.99 ms
--------------------------------------------------
  Time to first token: 28.23 s
--------------------------------------------------
  Prefill Turns (Total 1 turns):
    Prefill Turn 1: Processed 128 tokens in 24.611084566s duration.
      Prefill Speed: 5.20 tokens/sec.
--------------------------------------------------
  Decode Turns (Total 1 turns):
    Decode Turn 1: Processed 256 tokens in 15m27.027248418s duration.
      Decode Speed: 0.28 tokens/sec.
--------------------------------------------------
  TextToTokenIds Turns (Total 1 turns):
    Turn 1: 88.379us, 128 tokens
--------------------------------------------------
--------------------------------------------------
  Profile Summary:
===================================================================== Run Order ======================================================================
                                                 [node type]    [start]    [first]   [avg ms]        [%]     [cdf%]   [mem KB] [times called]   [Name]
                           Delegate/UploadOrBindTensorBuffer      0.000      5.295      5.295     0.025%     0.025%      0.000              1   [Delegate]:0
                                            Delegate/reshape      0.000      0.025      0.025     0.000%     0.026%      0.000              1   [Delegate]:0
                                            Delegate/reshape      0.000      0.013      0.013     0.000%     0.026%      0.000              1   [Delegate]:1
                                   Delegate/embedding_lookup      0.000      0.195      0.195     0.001%     0.027%      0.000              1   [Delegate]:2
                                            Delegate/reshape      0.000      0.301      0.301     0.001%     0.028%      0.000              1   [Delegate]:3
                           Delegate/rms_normalization -> mul      0.000      0.458      0.458     0.002%     0.030%      0.000              1   [Delegate]:4
                   Delegate/weights_convert_uint4_to_float16      0.000      0.710      0.710     0.003%     0.034%      0.000              1   [Delegate]:5
                          Delegate/convolution(conv_generic)      0.000     18.741     18.741     0.090%     0.124%      0.000              1   [Delegate]:6
                                      Delegate/strided_slice      0.000      0.210      0.210     0.001%     0.125%      0.000              1   [Delegate]:7
                                      Delegate/strided_slice      0.000      0.084      0.084     0.000%     0.125%      0.000              1   [Delegate]:8
                                      Delegate/strided_slice      0.000      0.073      0.073     0.000%     0.126%      0.000              1   [Delegate]:9
                                            Delegate/reshape      0.000      0.289      0.289     0.001%     0.127%      0.000              1   [Delegate]:10
                           Delegate/rms_normalization -> mul      0.000      0.302      0.302     0.001%     0.129%      0.000              1   [Delegate]:11
                                          Delegate/transpose      0.000      0.948      0.948     0.005%     0.133%      0.000              1   [Delegate]:12
                                            Delegate/reshape      0.000      0.123      0.123     0.001%     0.134%      0.000              1   [Delegate]:13
                           Delegate/rms_normalization -> mul      0.000      0.151      0.151     0.001%     0.134%      0.000              1   [Delegate]:14
                                          Delegate/transpose      0.000      0.486      0.486     0.002%     0.137%      0.000              1   [Delegate]:15
                             Delegate/SplitRoPEConcat -> mul      0.000      0.263      0.263     0.001%     0.138%      0.000              1   [Delegate]:16
                                    Delegate/SplitRoPEConcat      0.000      0.126      0.126     0.001%     0.139%      0.000              1   [Delegate]:17
                                      Delegate/strided_slice      0.000      0.006      0.006     0.000%     0.139%      0.000              1   [Delegate]:18
                                       Delegate/concat_batch      0.000      0.007      0.007     0.000%     0.139%      0.000              1   [Delegate]:19
                                       Delegate/concat_batch      0.000      0.007      0.007     0.000%     0.139%      0.000              1   [Delegate]:20
                               Delegate/reshape -> transpose      0.000      0.075      0.075     0.000%     0.139%      0.000              1   [Delegate]:21
                                Delegate/add_values_to_cache      0.000      0.021      0.021     0.000%     0.139%      0.000              1   [Delegate]:22
                                            Delegate/reshape      0.000      0.205      0.205     0.001%     0.140%      0.000              1   [Delegate]:23
                                               Delegate/cast      0.000      0.076      0.076     0.000%     0.141%      0.000              1   [Delegate]:24
                                               Delegate/copy      0.000      0.080      0.080     0.000%     0.141%      0.000              1   [Delegate]:25
                         Delegate/concat_height -> not_equal      0.000      0.158      0.158     0.001%     0.142%      0.000              1   [Delegate]:26
                                            Delegate/reshape      0.000      0.138      0.138     0.001%     0.142%      0.000              1   [Delegate]:27
                 Delegate/weights_convert_float16_to_float16      0.000      0.029      0.029     0.000%     0.142%      0.000              1   [Delegate]:28
                          Delegate/convolution(conv_generic)      0.000      0.580      0.580     0.003%     0.145%      0.000              1   [Delegate]:29
                    Delegate/select_v2 -> maximum -> minimum      0.000      1.726      1.726     0.008%     0.154%      0.000              1   [Delegate]:30
                                   Delegate/softmax (reduce)      0.000      1.191      1.191     0.006%     0.159%      0.000              1   [Delegate]:31
                              Delegate/softmax (elementwise)      0.000      1.670      1.670     0.008%     0.167%      0.000              1   [Delegate]:32
                 Delegate/weights_convert_float16_to_float16      0.000      0.031      0.031     0.000%     0.167%      0.000              1   [Delegate]:33
                          Delegate/convolution(conv_generic)      0.000      0.540      0.540     0.003%     0.170%      0.000              1   [Delegate]:34
                    Delegate/reshape -> transpose -> reshape      0.000      0.225      0.225     0.001%     0.171%      0.000              1   [Delegate]:35
                   Delegate/weights_convert_uint4_to_float16      0.000      0.344      0.344     0.002%     0.173%      0.000              1   [Delegate]:36
                   Delegate/convolution(conv_generic) -> add      0.000      9.417      9.417     0.045%     0.218%      0.000              1   [Delegate]:37
                           Delegate/rms_normalization -> mul      0.000      0.316      0.316     0.002%     0.220%      0.000              1   [Delegate]:38
                   Delegate/weights_convert_uint4_to_float16      0.000      2.225      2.225     0.011%     0.230%      0.000              1   [Delegate]:39
                          Delegate/convolution(conv_generic)      0.000     52.917     52.917     0.255%     0.485%      0.000              1   [Delegate]:40
                    Delegate/strided_slice -> sigmoid -> mul      0.000      0.660      0.660     0.003%     0.488%      0.000              1   [Delegate]:41
                                      Delegate/strided_slice      0.000      0.671      0.671     0.003%     0.492%      0.000              1   [Delegate]:42
                                                Delegate/mul      0.000      0.887      0.887     0.004%     0.496%      0.000              1   [Delegate]:43
                   Delegate/weights_convert_uint4_to_float16      0.000      0.969      0.969     0.005%     0.501%      0.000              1   [Delegate]:44
                   Delegate/convolution(conv_generic) -> add      0.000     28.513     28.513     0.137%     0.638%      0.000              1   [Delegate]:45
                           Delegate/rms_normalization -> mul      0.000      0.294      0.294     0.001%     0.639%      0.000              1   [Delegate]:46
                   Delegate/weights_convert_uint4_to_float16      0.000      0.680      0.680     0.003%     0.642%      0.000              1   [Delegate]:47
                          Delegate/convolution(conv_generic)      0.000     17.102     17.102     0.082%     0.725%      0.000              1   [Delegate]:48
                                      Delegate/strided_slice      0.000      0.149      0.149     0.001%     0.726%      0.000              1   [Delegate]:49
                                      Delegate/strided_slice      0.000      0.069      0.069     0.000%     0.726%      0.000              1   [Delegate]:50
                                      Delegate/strided_slice      0.000      0.065      0.065     0.000%     0.726%      0.000              1   [Delegate]:51
                                            Delegate/reshape      0.000      0.271      0.271     0.001%     0.727%      0.000              1   [Delegate]:52
                           Delegate/rms_normalization -> mul      0.000      0.242      0.242     0.001%     0.729%      0.000              1   [Delegate]:53
                                          Delegate/transpose      0.000      0.792      0.792     0.004%     0.732%      0.000              1   [Delegate]:54
                                            Delegate/reshape      0.000      0.091      0.091     0.000%     0.733%      0.000              1   [Delegate]:55
                           Delegate/rms_normalization -> mul      0.000      0.102      0.102     0.000%     0.733%      0.000              1   [Delegate]:56
                                          Delegate/transpose      0.000      0.374      0.374     0.002%     0.735%      0.000              1   [Delegate]:57
                             Delegate/SplitRoPEConcat -> mul      0.000      0.244      0.244     0.001%     0.736%      0.000              1   [Delegate]:58
                                    Delegate/SplitRoPEConcat      0.000      0.097      0.097     0.000%     0.737%      0.000              1   [Delegate]:59
                               Delegate/reshape -> transpose      0.000      0.071      0.071     0.000%     0.737%      0.000              1   [Delegate]:60
                                Delegate/add_values_to_cache      0.000      0.021      0.021     0.000%     0.737%      0.000              1   [Delegate]:61
                                            Delegate/reshape      0.000      0.194      0.194     0.001%     0.738%      0.000              1   [Delegate]:62
                 Delegate/weights_convert_float16_to_float16      0.000      0.027      0.027     0.000%     0.738%      0.000              1   [Delegate]:63
                          Delegate/convolution(conv_generic)      0.000      0.568      0.568     0.003%     0.741%      0.000              1   [Delegate]:64
                    Delegate/select_v2 -> maximum -> minimum      0.000      1.598      1.598     0.008%     0.749%      0.000              1   [Delegate]:65
                                   Delegate/softmax (reduce)      0.000      1.148      1.148     0.006%     0.754%      0.000              1   [Delegate]:66
                              Delegate/softmax (elementwise)      0.000      1.552      1.552     0.007%     0.762%      0.000              1   [Delegate]:67
                 Delegate/weights_convert_float16_to_float16      0.000      0.028      0.028     0.000%     0.762%      0.000              1   [Delegate]:68
                          Delegate/convolution(conv_generic)      0.000      0.522      0.522     0.003%     0.764%      0.000              1   [Delegate]:69
                    Delegate/reshape -> transpose -> reshape      0.000      0.184      0.184     0.001%     0.765%      0.000              1   [Delegate]:70
                   Delegate/weights_convert_uint4_to_float16      0.000      0.327      0.327     0.002%     0.767%      0.000              1   [Delegate]:71
                   Delegate/convolution(conv_generic) -> add      0.000      8.996      8.996     0.043%     0.810%      0.000              1   [Delegate]:72
                           Delegate/rms_normalization -> mul      0.000      0.311      0.311     0.001%     0.812%      0.000              1   [Delegate]:73
                   Delegate/weights_convert_uint4_to_float16      0.000      2.172      2.172     0.010%     0.822%      0.000              1   [Delegate]:74
                          Delegate/convolution(conv_generic)      0.000     53.043     53.043     0.255%     1.077%      0.000              1   [Delegate]:75
                    Delegate/strided_slice -> sigmoid -> mul      0.000      0.660      0.660     0.003%     1.081%      0.000              1   [Delegate]:76
                                      Delegate/strided_slice      0.000      0.590      0.590     0.003%     1.083%      0.000              1   [Delegate]:77
                                                Delegate/mul      0.000      0.851      0.851     0.004%     1.088%      0.000              1   [Delegate]:78
                   Delegate/weights_convert_uint4_to_float16      0.000      1.014      1.014     0.005%     1.092%      0.000              1   [Delegate]:79
                   Delegate/convolution(conv_generic) -> add      0.000     28.525     28.525     0.137%     1.230%      0.000              1   [Delegate]:80
                           Delegate/rms_normalization -> mul      0.000      0.297      0.297     0.001%     1.231%      0.000              1   [Delegate]:81
                   Delegate/weights_convert_uint4_to_float16      0.000      0.684      0.684     0.003%     1.235%      0.000              1   [Delegate]:82
                          Delegate/convolution(conv_generic)      0.000     17.121     17.121     0.082%     1.317%      0.000              1   [Delegate]:83
                                      Delegate/strided_slice      0.000      0.150      0.150     0.001%     1.318%      0.000              1   [Delegate]:84
                                      Delegate/strided_slice      0.000      0.069      0.069     0.000%     1.318%      0.000              1   [Delegate]:85
                                      Delegate/strided_slice      0.000      0.063      0.063     0.000%     1.318%      0.000              1   [Delegate]:86
                                            Delegate/reshape      0.000      0.237      0.237     0.001%     1.319%      0.000              1   [Delegate]:87
                           Delegate/rms_normalization -> mul      0.000      0.278      0.278     0.001%     1.321%      0.000              1   [Delegate]:88
                                          Delegate/transpose      0.000      0.771      0.771     0.004%     1.324%      0.000              1   [Delegate]:89
                                            Delegate/reshape      0.000      0.092      0.092     0.000%     1.325%      0.000              1   [Delegate]:90
                           Delegate/rms_normalization -> mul      0.000      0.099      0.099     0.000%     1.325%      0.000              1   [Delegate]:91
                                          Delegate/transpose      0.000      0.352      0.352     0.002%     1.327%      0.000              1   [Delegate]:92
                             Delegate/SplitRoPEConcat -> mul      0.000      0.238      0.238     0.001%     1.328%      0.000              1   [Delegate]:93
                                    Delegate/SplitRoPEConcat      0.000      0.097      0.097     0.000%     1.329%      0.000              1   [Delegate]:94
                               Delegate/reshape -> transpose      0.000      0.069      0.069     0.000%     1.329%      0.000              1   [Delegate]:95
                                Delegate/add_values_to_cache      0.000      0.021      0.021     0.000%     1.329%      0.000              1   [Delegate]:96
                                            Delegate/reshape      0.000      0.189      0.189     0.001%     1.330%      0.000              1   [Delegate]:97
                 Delegate/weights_convert_float16_to_float16      0.000      0.027      0.027     0.000%     1.330%      0.000              1   [Delegate]:98
                          Delegate/convolution(conv_generic)      0.000      0.572      0.572     0.003%     1.333%      0.000              1   [Delegate]:99
                    Delegate/select_v2 -> maximum -> minimum      0.000      1.652      1.652     0.008%     1.341%      0.000              1   [Delegate]:100
                                   Delegate/softmax (reduce)      0.000      1.156      1.156     0.006%     1.346%      0.000              1   [Delegate]:101
                              Delegate/softmax (elementwise)      0.000      1.540      1.540     0.007%     1.354%      0.000              1   [Delegate]:102
                 Delegate/weights_convert_float16_to_float16      0.000      0.028      0.028     0.000%     1.354%      0.000              1   [Delegate]:103
                          Delegate/convolution(conv_generic)      0.000      0.525      0.525     0.003%     1.357%      0.000              1   [Delegate]:104
                    Delegate/reshape -> transpose -> reshape      0.000      0.174      0.174     0.001%     1.357%      0.000              1   [Delegate]:105
                   Delegate/weights_convert_uint4_to_float16      0.000      0.335      0.335     0.002%     1.359%      0.000              1   [Delegate]:106
                   Delegate/convolution(conv_generic) -> add      0.000      8.982      8.982     0.043%     1.402%      0.000              1   [Delegate]:107
                           Delegate/rms_normalization -> mul      0.000      0.311      0.311     0.001%     1.404%      0.000              1   [Delegate]:108
                   Delegate/weights_convert_uint4_to_float16      0.000      2.212      2.212     0.011%     1.414%      0.000              1   [Delegate]:109
                          Delegate/convolution(conv_generic)      0.000     53.018     53.018     0.255%     1.670%      0.000              1   [Delegate]:110
                    Delegate/strided_slice -> sigmoid -> mul      0.000      0.670      0.670     0.003%     1.673%      0.000              1   [Delegate]:111
                                      Delegate/strided_slice      0.000      0.629      0.629     0.003%     1.676%      0.000              1   [Delegate]:112
                                                Delegate/mul      0.000      0.849      0.849     0.004%     1.680%      0.000              1   [Delegate]:113
                   Delegate/weights_convert_uint4_to_float16      0.000      0.978      0.978     0.005%     1.685%      0.000              1   [Delegate]:114
                   Delegate/convolution(conv_generic) -> add      0.000     28.526     28.526     0.137%     1.822%      0.000              1   [Delegate]:115
                           Delegate/rms_normalization -> mul      0.000      0.298      0.298     0.001%     1.823%      0.000              1   [Delegate]:116
                   Delegate/weights_convert_uint4_to_float16      0.000      0.666      0.666     0.003%     1.827%      0.000              1   [Delegate]:117
                          Delegate/convolution(conv_generic)      0.000     17.384     17.384     0.084%     1.910%      0.000              1   [Delegate]:118
                                      Delegate/strided_slice      0.000      0.151      0.151     0.001%     1.911%      0.000              1   [Delegate]:119
                                      Delegate/strided_slice      0.000      0.069      0.069     0.000%     1.911%      0.000              1   [Delegate]:120
                                      Delegate/strided_slice      0.000      0.062      0.062     0.000%     1.912%      0.000              1   [Delegate]:121
                                            Delegate/reshape      0.000      0.251      0.251     0.001%     1.913%      0.000              1   [Delegate]:122
                           Delegate/rms_normalization -> mul      0.000      0.270      0.270     0.001%     1.914%      0.000              1   [Delegate]:123
                                          Delegate/transpose      0.000      0.771      0.771     0.004%     1.918%      0.000              1   [Delegate]:124
                                            Delegate/reshape      0.000      0.092      0.092     0.000%     1.918%      0.000              1   [Delegate]:125
                           Delegate/rms_normalization -> mul      0.000      0.102      0.102     0.000%     1.919%      0.000              1   [Delegate]:126
                                          Delegate/transpose      0.000      0.399      0.399     0.002%     1.921%      0.000              1   [Delegate]:127
                             Delegate/SplitRoPEConcat -> mul      0.000      0.211      0.211     0.001%     1.922%      0.000              1   [Delegate]:128
                                    Delegate/SplitRoPEConcat      0.000      0.109      0.109     0.001%     1.922%      0.000              1   [Delegate]:129
                               Delegate/reshape -> transpose      0.000      0.063      0.063     0.000%     1.923%      0.000              1   [Delegate]:130
                                Delegate/add_values_to_cache      0.000      0.020      0.020     0.000%     1.923%      0.000              1   [Delegate]:131
                                            Delegate/reshape      0.000      0.193      0.193     0.001%     1.924%      0.000              1   [Delegate]:132
                 Delegate/weights_convert_float16_to_float16      0.000      0.027      0.027     0.000%     1.924%      0.000              1   [Delegate]:133
                          Delegate/convolution(conv_generic)      0.000      0.572      0.572     0.003%     1.926%      0.000              1   [Delegate]:134
                    Delegate/select_v2 -> maximum -> minimum      0.000      1.617      1.617     0.008%     1.934%      0.000              1   [Delegate]:135
                                   Delegate/softmax (reduce)      0.000      1.155      1.155     0.006%     1.940%      0.000              1   [Delegate]:136
                              Delegate/softmax (elementwise)      0.000      1.539      1.539     0.007%     1.947%      0.000              1   [Delegate]:137
                 Delegate/weights_convert_float16_to_float16      0.000      0.028      0.028     0.000%     1.947%      0.000              1   [Delegate]:138
                          Delegate/convolution(conv_generic)      0.000      0.525      0.525     0.003%     1.950%      0.000              1   [Delegate]:139
                    Delegate/reshape -> transpose -> reshape      0.000      0.175      0.175     0.001%     1.951%      0.000              1   [Delegate]:140
                   Delegate/weights_convert_uint4_to_float16      0.000      0.335      0.335     0.002%     1.952%      0.000              1   [Delegate]:141
                   Delegate/convolution(conv_generic) -> add      0.000      8.966      8.966     0.043%     1.996%      0.000              1   [Delegate]:142
                           Delegate/rms_normalization -> mul      0.000      0.312      0.312     0.002%     1.997%      0.000              1   [Delegate]:143
                   Delegate/weights_convert_uint4_to_float16      0.000      2.202      2.202     0.011%     2.008%      0.000              1   [Delegate]:144
                          Delegate/convolution(conv_generic)      0.000     53.028     53.028     0.255%     2.263%      0.000              1   [Delegate]:145
                    Delegate/strided_slice -> sigmoid -> mul      0.000      0.673      0.673     0.003%     2.266%      0.000              1   [Delegate]:146
                                      Delegate/strided_slice      0.000      0.633      0.633     0.003%     2.269%      0.000              1   [Delegate]:147
                                                Delegate/mul      0.000      0.849      0.849     0.004%     2.273%      0.000              1   [Delegate]:148
                   Delegate/weights_convert_uint4_to_float16      0.000      0.988      0.988     0.005%     2.278%      0.000              1   [Delegate]:149
                   Delegate/convolution(conv_generic) -> add      0.000     28.530     28.530     0.137%     2.415%      0.000              1   [Delegate]:150
                           Delegate/rms_normalization -> mul      0.000      0.300      0.300     0.001%     2.417%      0.000              1   [Delegate]:151
                   Delegate/weights_convert_uint4_to_float16      0.000      0.681      0.681     0.003%     2.420%      0.000              1   [Delegate]:152
                          Delegate/convolution(conv_generic)      0.000     17.303     17.303     0.083%     2.503%      0.000              1   [Delegate]:153
                                      Delegate/strided_slice      0.000      0.151      0.151     0.001%     2.504%      0.000              1   [Delegate]:154
                                      Delegate/strided_slice      0.000      0.070      0.070     0.000%     2.504%      0.000              1   [Delegate]:155
                                      Delegate/strided_slice      0.000      0.062      0.062     0.000%     2.505%      0.000              1   [Delegate]:156
                                            Delegate/reshape      0.000      0.252      0.252     0.001%     2.506%      0.000              1   [Delegate]:157
                           Delegate/rms_normalization -> mul      0.000      0.266      0.266     0.001%     2.507%      0.000              1   [Delegate]:158
                                          Delegate/transpose      0.000      0.769      0.769     0.004%     2.511%      0.000              1   [Delegate]:159
                                            Delegate/reshape      0.000      0.094      0.094     0.000%     2.511%      0.000              1   [Delegate]:160
                           Delegate/rms_normalization -> mul      0.000      0.103      0.103     0.000%     2.512%      0.000              1   [Delegate]:161
                                          Delegate/transpose      0.000      0.391      0.391     0.002%     2.514%      0.000              1   [Delegate]:162
                             Delegate/SplitRoPEConcat -> mul      0.000      0.207      0.207     0.001%     2.515%      0.000              1   [Delegate]:163
                                    Delegate/SplitRoPEConcat      0.000      0.108      0.108     0.001%     2.515%      0.000              1   [Delegate]:164
                               Delegate/reshape -> transpose      0.000      0.063      0.063     0.000%     2.516%      0.000              1   [Delegate]:165
                                Delegate/add_values_to_cache      0.000      0.020      0.020     0.000%     2.516%      0.000              1   [Delegate]:166
                                            Delegate/reshape      0.000      0.185      0.185     0.001%     2.517%      0.000              1   [Delegate]:167
                 Delegate/weights_convert_float16_to_float16      0.000      0.027      0.027     0.000%     2.517%      0.000              1   [Delegate]:168
                          Delegate/convolution(conv_generic)      0.000      0.571      0.571     0.003%     2.519%      0.000              1   [Delegate]:169
                    Delegate/select_v2 -> maximum -> minimum      0.000      1.645      1.645     0.008%     2.527%      0.000              1   [Delegate]:170
                                   Delegate/softmax (reduce)      0.000      1.136      1.136     0.005%     2.533%      0.000              1   [Delegate]:171
                              Delegate/softmax (elementwise)      0.000      1.540      1.540     0.007%     2.540%      0.000              1   [Delegate]:172
                 Delegate/weights_convert_float16_to_float16      0.000      0.028      0.028     0.000%     2.540%      0.000              1   [Delegate]:173
                          Delegate/convolution(conv_generic)      0.000      0.524      0.524     0.003%     2.543%      0.000              1   [Delegate]:174
                    Delegate/reshape -> transpose -> reshape      0.000      0.173      0.173     0.001%     2.544%      0.000              1   [Delegate]:175
                   Delegate/weights_convert_uint4_to_float16      0.000      0.334      0.334     0.002%     2.545%      0.000              1   [Delegate]:176
                   Delegate/convolution(conv_generic) -> add      0.000      8.955      8.955     0.043%     2.589%      0.000              1   [Delegate]:177
                           Delegate/rms_normalization -> mul      0.000      0.312      0.312     0.002%     2.590%      0.000              1   [Delegate]:178
                   Delegate/weights_convert_uint4_to_float16      0.000      2.170      2.170     0.010%     2.600%      0.000              1   [Delegate]:179
                          Delegate/convolution(conv_generic)      0.000     53.167     53.167     0.256%     2.856%      0.000              1   [Delegate]:180
                    Delegate/strided_slice -> sigmoid -> mul      0.000      0.672      0.672     0.003%     2.860%      0.000              1   [Delegate]:181
                                      Delegate/strided_slice      0.000      0.602      0.602     0.003%     2.863%      0.000              1   [Delegate]:182
                                                Delegate/mul      0.000      0.849      0.849     0.004%     2.867%      0.000              1   [Delegate]:183
                   Delegate/weights_convert_uint4_to_float16      0.000      0.987      0.987     0.005%     2.871%      0.000              1   [Delegate]:184
                   Delegate/convolution(conv_generic) -> add      0.000     28.519     28.519     0.137%     3.009%      0.000              1   [Delegate]:185
                           Delegate/rms_normalization -> mul      0.000      0.302      0.302     0.001%     3.010%      0.000              1   [Delegate]:186
                   Delegate/weights_convert_uint4_to_float16      0.000      0.659      0.659     0.003%     3.013%      0.000              1   [Delegate]:187
                          Delegate/convolution(conv_generic)      0.000     17.380     17.380     0.084%     3.097%      0.000              1   [Delegate]:188
                                      Delegate/strided_slice      0.000      0.151      0.151     0.001%     3.098%      0.000              1   [Delegate]:189
                                      Delegate/strided_slice      0.000      0.069      0.069     0.000%     3.098%      0.000              1   [Delegate]:190
                                      Delegate/strided_slice      0.000      0.061      0.061     0.000%     3.098%      0.000              1   [Delegate]:191
                                            Delegate/reshape      0.000      0.267      0.267     0.001%     3.100%      0.000              1   [Delegate]:192
                           Delegate/rms_normalization -> mul      0.000      0.248      0.248     0.001%     3.101%      0.000              1   [Delegate]:193
                                          Delegate/transpose      0.000      0.787      0.787     0.004%     3.105%      0.000              1   [Delegate]:194
                                            Delegate/reshape      0.000      0.093      0.093     0.000%     3.105%      0.000              1   [Delegate]:195
                           Delegate/rms_normalization -> mul      0.000      0.101      0.101     0.000%     3.106%      0.000              1   [Delegate]:196
                                          Delegate/transpose      0.000      0.371      0.371     0.002%     3.107%      0.000              1   [Delegate]:197
                             Delegate/SplitRoPEConcat -> mul      0.000      0.238      0.238     0.001%     3.108%      0.000              1   [Delegate]:198
                                    Delegate/SplitRoPEConcat      0.000      0.097      0.097     0.000%     3.109%      0.000              1   [Delegate]:199
                               Delegate/reshape -> transpose      0.000      0.068      0.068     0.000%     3.109%      0.000              1   [Delegate]:200
                                Delegate/add_values_to_cache      0.000      0.021      0.021     0.000%     3.109%      0.000              1   [Delegate]:201
                                            Delegate/reshape      0.000      0.186      0.186     0.001%     3.110%      0.000              1   [Delegate]:202
                 Delegate/weights_convert_float16_to_float16      0.000      0.027      0.027     0.000%     3.110%      0.000              1   [Delegate]:203
                          Delegate/convolution(conv_generic)      0.000      0.567      0.567     0.003%     3.113%      0.000              1   [Delegate]:204
                    Delegate/select_v2 -> maximum -> minimum      0.000      1.611      1.611     0.008%     3.121%      0.000              1   [Delegate]:205
                                   Delegate/softmax (reduce)      0.000      1.131      1.131     0.005%     3.126%      0.000              1   [Delegate]:206
                              Delegate/softmax (elementwise)      0.000      1.559      1.559     0.008%     3.134%      0.000              1   [Delegate]:207
                 Delegate/weights_convert_float16_to_float16      0.000      0.028      0.028     0.000%     3.134%      0.000              1   [Delegate]:208
                          Delegate/convolution(conv_generic)      0.000      0.520      0.520     0.003%     3.136%      0.000              1   [Delegate]:209
                    Delegate/reshape -> transpose -> reshape      0.000      0.175      0.175     0.001%     3.137%      0.000              1   [Delegate]:210
                   Delegate/weights_convert_uint4_to_float16      0.000      0.338      0.338     0.002%     3.139%      0.000              1   [Delegate]:211
                   Delegate/convolution(conv_generic) -> add      0.000      8.948      8.948     0.043%     3.182%      0.000              1   [Delegate]:212
                           Delegate/rms_normalization -> mul      0.000      0.315      0.315     0.002%     3.184%      0.000              1   [Delegate]:213
                   Delegate/weights_convert_uint4_to_float16      0.000      2.188      2.188     0.011%     3.194%      0.000              1   [Delegate]:214
                          Delegate/convolution(conv_generic)      0.000     52.973     52.973     0.255%     3.449%      0.000              1   [Delegate]:215
                    Delegate/strided_slice -> sigmoid -> mul      0.000      0.673      0.673     0.003%     3.452%      0.000              1   [Delegate]:216
                                      Delegate/strided_slice      0.000      0.655      0.655     0.003%     3.455%      0.000              1   [Delegate]:217
                                                Delegate/mul      0.000      0.849      0.849     0.004%     3.460%      0.000              1   [Delegate]:218
                   Delegate/weights_convert_uint4_to_float16      0.000      1.020      1.020     0.005%     3.464%      0.000              1   [Delegate]:219
                   Delegate/convolution(conv_generic) -> add      0.000     28.540     28.540     0.137%     3.602%      0.000              1   [Delegate]:220
                           Delegate/rms_normalization -> mul      0.000      0.301      0.301     0.001%     3.603%      0.000              1   [Delegate]:221
                   Delegate/weights_convert_uint4_to_float16      0.000      0.662      0.662     0.003%     3.606%      0.000              1   [Delegate]:222
                          Delegate/convolution(conv_generic)      0.000     17.410     17.410     0.084%     3.690%      0.000              1   [Delegate]:223
                                      Delegate/strided_slice      0.000      0.152      0.152     0.001%     3.691%      0.000              1   [Delegate]:224
                                      Delegate/strided_slice      0.000      0.062      0.062     0.000%     3.691%      0.000              1   [Delegate]:225
                                      Delegate/strided_slice      0.000      0.067      0.067     0.000%     3.692%      0.000              1   [Delegate]:226
                                            Delegate/reshape      0.000      0.272      0.272     0.001%     3.693%      0.000              1   [Delegate]:227
                           Delegate/rms_normalization -> mul      0.000      0.235      0.235     0.001%     3.694%      0.000              1   [Delegate]:228
                                          Delegate/transpose      0.000      0.794      0.794     0.004%     3.698%      0.000              1   [Delegate]:229
                                            Delegate/reshape      0.000      0.092      0.092     0.000%     3.698%      0.000              1   [Delegate]:230
                           Delegate/rms_normalization -> mul      0.000      0.105      0.105     0.001%     3.699%      0.000              1   [Delegate]:231
                                          Delegate/transpose      0.000      0.368      0.368     0.002%     3.701%      0.000              1   [Delegate]:232
                             Delegate/SplitRoPEConcat -> mul      0.000      0.245      0.245     0.001%     3.702%      0.000              1   [Delegate]:233
                                    Delegate/SplitRoPEConcat      0.000      0.097      0.097     0.000%     3.702%      0.000              1   [Delegate]:234
                               Delegate/reshape -> transpose      0.000      0.068      0.068     0.000%     3.703%      0.000              1   [Delegate]:235
                                Delegate/add_values_to_cache      0.000      0.020      0.020     0.000%     3.703%      0.000              1   [Delegate]:236
                                            Delegate/reshape      0.000      0.193      0.193     0.001%     3.704%      0.000              1   [Delegate]:237
                 Delegate/weights_convert_float16_to_float16      0.000      0.027      0.027     0.000%     3.704%      0.000              1   [Delegate]:238
                          Delegate/convolution(conv_generic)      0.000      0.569      0.569     0.003%     3.707%      0.000              1   [Delegate]:239
                    Delegate/select_v2 -> maximum -> minimum      0.000      1.605      1.605     0.008%     3.714%      0.000              1   [Delegate]:240
                                   Delegate/softmax (reduce)      0.000      1.142      1.142     0.005%     3.720%      0.000              1   [Delegate]:241
                              Delegate/softmax (elementwise)      0.000      1.543      1.543     0.007%     3.727%      0.000              1   [Delegate]:242
                 Delegate/weights_convert_float16_to_float16      0.000      0.028      0.028     0.000%     3.727%      0.000              1   [Delegate]:243
                          Delegate/convolution(conv_generic)      0.000      0.526      0.526     0.003%     3.730%      0.000              1   [Delegate]:244
                    Delegate/reshape -> transpose -> reshape      0.000      0.188      0.188     0.001%     3.731%      0.000              1   [Delegate]:245
                   Delegate/weights_convert_uint4_to_float16      0.000      0.329      0.329     0.002%     3.732%      0.000              1   [Delegate]:246
                   Delegate/convolution(conv_generic) -> add      0.000      8.972      8.972     0.043%     3.776%      0.000              1   [Delegate]:247
                           Delegate/rms_normalization -> mul      0.000      0.309      0.309     0.001%     3.777%      0.000              1   [Delegate]:248
                   Delegate/weights_convert_uint4_to_float16      0.000      2.194      2.194     0.011%     3.788%      0.000              1   [Delegate]:249
                          Delegate/convolution(conv_generic)      0.000     53.054     53.054     0.255%     4.043%      0.000              1   [Delegate]:250
                    Delegate/strided_slice -> sigmoid -> mul      0.000      0.673      0.673     0.003%     4.046%      0.000              1   [Delegate]:251
                                      Delegate/strided_slice      0.000      0.635      0.635     0.003%     4.049%      0.000              1   [Delegate]:252
                                                Delegate/mul      0.000      0.852      0.852     0.004%     4.053%      0.000              1   [Delegate]:253
                   Delegate/weights_convert_uint4_to_float16      0.000      0.979      0.979     0.005%     4.058%      0.000              1   [Delegate]:254
                   Delegate/convolution(conv_generic) -> add      0.000     28.583     28.583     0.138%     4.196%      0.000              1   [Delegate]:255
                           Delegate/rms_normalization -> mul      0.000      0.302      0.302     0.001%     4.197%      0.000              1   [Delegate]:256
                   Delegate/weights_convert_uint4_to_float16      0.000      0.684      0.684     0.003%     4.200%      0.000              1   [Delegate]:257
                          Delegate/convolution(conv_generic)      0.000     17.184     17.184     0.083%     4.283%      0.000              1   [Delegate]:258
                                      Delegate/strided_slice      0.000      0.151      0.151     0.001%     4.284%      0.000              1   [Delegate]:259
                                      Delegate/strided_slice      0.000      0.071      0.071     0.000%     4.284%      0.000              1   [Delegate]:260
                                      Delegate/strided_slice      0.000      0.064      0.064     0.000%     4.285%      0.000              1   [Delegate]:261
                                            Delegate/reshape      0.000      0.238      0.238     0.001%     4.286%      0.000              1   [Delegate]:262
                           Delegate/rms_normalization -> mul      0.000      0.269      0.269     0.001%     4.287%      0.000              1   [Delegate]:263
                                          Delegate/transpose      0.000      0.769      0.769     0.004%     4.291%      0.000              1   [Delegate]:264
                                            Delegate/reshape      0.000      0.094      0.094     0.000%     4.291%      0.000              1   [Delegate]:265
                           Delegate/rms_normalization -> mul      0.000      0.101      0.101     0.000%     4.292%      0.000              1   [Delegate]:266
                                          Delegate/transpose      0.000      0.405      0.405     0.002%     4.294%      0.000              1   [Delegate]:267
                             Delegate/SplitRoPEConcat -> mul      0.000      0.206      0.206     0.001%     4.295%      0.000              1   [Delegate]:268
                                    Delegate/SplitRoPEConcat      0.000      0.109      0.109     0.001%     4.295%      0.000              1   [Delegate]:269
                               Delegate/reshape -> transpose      0.000      0.062      0.062     0.000%     4.295%      0.000              1   [Delegate]:270
                                Delegate/add_values_to_cache      0.000      0.020      0.020     0.000%     4.295%      0.000              1   [Delegate]:271
                                            Delegate/reshape      0.000      0.186      0.186     0.001%     4.296%      0.000              1   [Delegate]:272
                 Delegate/weights_convert_float16_to_float16      0.000      0.027      0.027     0.000%     4.297%      0.000              1   [Delegate]:273
                          Delegate/convolution(conv_generic)      0.000      0.572      0.572     0.003%     4.299%      0.000              1   [Delegate]:274
                    Delegate/select_v2 -> maximum -> minimum      0.000      1.630      1.630     0.008%     4.307%      0.000              1   [Delegate]:275
                                   Delegate/softmax (reduce)      0.000      1.165      1.165     0.006%     4.313%      0.000              1   [Delegate]:276
                              Delegate/softmax (elementwise)      0.000      1.538      1.538     0.007%     4.320%      0.000              1   [Delegate]:277
                 Delegate/weights_convert_float16_to_float16      0.000      0.028      0.028     0.000%     4.320%      0.000              1   [Delegate]:278
                          Delegate/convolution(conv_generic)      0.000      0.523      0.523     0.003%     4.323%      0.000              1   [Delegate]:279
                    Delegate/reshape -> transpose -> reshape      0.000      0.176      0.176     0.001%     4.324%      0.000              1   [Delegate]:280
                   Delegate/weights_convert_uint4_to_float16      0.000      0.333      0.333     0.002%     4.325%      0.000              1   [Delegate]:281
                   Delegate/convolution(conv_generic) -> add      0.000      8.968      8.968     0.043%     4.368%      0.000              1   [Delegate]:282
                           Delegate/rms_normalization -> mul      0.000      0.312      0.312     0.002%     4.370%      0.000              1   [Delegate]:283
                   Delegate/weights_convert_uint4_to_float16      0.000      2.199      2.199     0.011%     4.380%      0.000              1   [Delegate]:284
                          Delegate/convolution(conv_generic)      0.000     53.031     53.031     0.255%     4.636%      0.000              1   [Delegate]:285
                    Delegate/strided_slice -> sigmoid -> mul      0.000      0.671      0.671     0.003%     4.639%      0.000              1   [Delegate]:286
                                      Delegate/strided_slice      0.000      0.625      0.625     0.003%     4.642%      0.000              1   [Delegate]:287
                                                Delegate/mul      0.000      0.853      0.853     0.004%     4.646%      0.000              1   [Delegate]:288
                   Delegate/weights_convert_uint4_to_float16      0.000      0.977      0.977     0.005%     4.651%      0.000              1   [Delegate]:289
                   Delegate/convolution(conv_generic) -> add      0.000     28.561     28.561     0.137%     4.788%      0.000              1   [Delegate]:290
                           Delegate/rms_normalization -> mul      0.000      0.303      0.303     0.001%     4.790%      0.000              1   [Delegate]:291
                   Delegate/weights_convert_uint4_to_float16      0.000      0.689      0.689     0.003%     4.793%      0.000              1   [Delegate]:292
                          Delegate/convolution(conv_generic)      0.000     17.146     17.146     0.083%     4.876%      0.000              1   [Delegate]:293
                                      Delegate/strided_slice      0.000      0.151      0.151     0.001%     4.876%      0.000              1   [Delegate]:294
                                      Delegate/strided_slice      0.000      0.069      0.069     0.000%     4.877%      0.000              1   [Delegate]:295
                                      Delegate/strided_slice      0.000      0.065      0.065     0.000%     4.877%      0.000              1   [Delegate]:296
                                            Delegate/reshape      0.000      0.245      0.245     0.001%     4.878%      0.000              1   [Delegate]:297
                           Delegate/rms_normalization -> mul      0.000      0.276      0.276     0.001%     4.880%      0.000              1   [Delegate]:298
                                          Delegate/transpose      0.000      0.770      0.770     0.004%     4.883%      0.000              1   [Delegate]:299
                                            Delegate/reshape      0.000      0.094      0.094     0.000%     4.884%      0.000              1   [Delegate]:300
                           Delegate/rms_normalization -> mul      0.000      0.101      0.101     0.000%     4.884%      0.000              1   [Delegate]:301
                                          Delegate/transpose      0.000      0.406      0.406     0.002%     4.886%      0.000              1   [Delegate]:302
                             Delegate/SplitRoPEConcat -> mul      0.000      0.217      0.217     0.001%     4.887%      0.000              1   [Delegate]:303
                                    Delegate/SplitRoPEConcat      0.000      0.110      0.110     0.001%     4.888%      0.000              1   [Delegate]:304
                               Delegate/reshape -> transpose      0.000      0.065      0.065     0.000%     4.888%      0.000              1   [Delegate]:305
                                Delegate/add_values_to_cache      0.000      0.019      0.019     0.000%     4.888%      0.000              1   [Delegate]:306
                                            Delegate/reshape      0.000      0.190      0.190     0.001%     4.889%      0.000              1   [Delegate]:307
                 Delegate/weights_convert_float16_to_float16      0.000      0.027      0.027     0.000%     4.889%      0.000              1   [Delegate]:308
                          Delegate/convolution(conv_generic)      0.000      0.575      0.575     0.003%     4.892%      0.000              1   [Delegate]:309
                    Delegate/select_v2 -> maximum -> minimum      0.000      1.604      1.604     0.008%     4.900%      0.000              1   [Delegate]:310
                                   Delegate/softmax (reduce)      0.000      1.156      1.156     0.006%     4.905%      0.000              1   [Delegate]:311
                              Delegate/softmax (elementwise)      0.000      1.537      1.537     0.007%     4.913%      0.000              1   [Delegate]:312
                 Delegate/weights_convert_float16_to_float16      0.000      0.028      0.028     0.000%     4.913%      0.000              1   [Delegate]:313
                          Delegate/convolution(conv_generic)      0.000      0.527      0.527     0.003%     4.915%      0.000              1   [Delegate]:314
                    Delegate/reshape -> transpose -> reshape      0.000      0.176      0.176     0.001%     4.916%      0.000              1   [Delegate]:315
                   Delegate/weights_convert_uint4_to_float16      0.000      0.333      0.333     0.002%     4.918%      0.000              1   [Delegate]:316
                   Delegate/convolution(conv_generic) -> add      0.000      8.935      8.935     0.043%     4.961%      0.000              1   [Delegate]:317
                           Delegate/rms_normalization -> mul      0.000      0.309      0.309     0.001%     4.962%      0.000              1   [Delegate]:318
                   Delegate/weights_convert_uint4_to_float16      0.000      2.216      2.216     0.011%     4.973%      0.000              1   [Delegate]:319
                          Delegate/convolution(conv_generic)      0.000     52.679     52.679     0.254%     5.227%      0.000              1   [Delegate]:320
                    Delegate/strided_slice -> sigmoid -> mul      0.000      0.672      0.672     0.003%     5.230%      0.000              1   [Delegate]:321
                                      Delegate/strided_slice      0.000      0.674      0.674     0.003%     5.233%      0.000              1   [Delegate]:322
                                                Delegate/mul      0.000      0.984      0.984     0.005%     5.238%      0.000              1   [Delegate]:323
                   Delegate/weights_convert_uint4_to_float16      0.000      0.986      0.986     0.005%     5.242%      0.000              1   [Delegate]:324
                   Delegate/convolution(conv_generic) -> add      0.000     28.538     28.538     0.137%     5.380%      0.000              1   [Delegate]:325
                           Delegate/rms_normalization -> mul      0.000      0.319      0.319     0.002%     5.381%      0.000              1   [Delegate]:326
                   Delegate/weights_convert_uint4_to_float16      0.000      0.672      0.672     0.003%     5.385%      0.000              1   [Delegate]:327
                          Delegate/convolution(conv_generic)      0.000     17.150     17.150     0.083%     5.467%      0.000              1   [Delegate]:328
                                      Delegate/strided_slice      0.000      0.174      0.174     0.001%     5.468%      0.000              1   [Delegate]:329
                                      Delegate/strided_slice      0.000      0.064      0.064     0.000%     5.468%      0.000              1   [Delegate]:330
                                      Delegate/strided_slice      0.000      0.063      0.063     0.000%     5.469%      0.000              1   [Delegate]:331
                                            Delegate/reshape      0.000      0.269      0.269     0.001%     5.470%      0.000              1   [Delegate]:332
                           Delegate/rms_normalization -> mul      0.000      0.252      0.252     0.001%     5.471%      0.000              1   [Delegate]:333
                                          Delegate/transpose      0.000      0.773      0.773     0.004%     5.475%      0.000              1   [Delegate]:334
                                            Delegate/reshape      0.000      0.094      0.094     0.000%     5.475%      0.000              1   [Delegate]:335
                           Delegate/rms_normalization -> mul      0.000      0.106      0.106     0.001%     5.476%      0.000              1   [Delegate]:336
                                          Delegate/transpose      0.000      0.403      0.403     0.002%     5.478%      0.000              1   [Delegate]:337
                             Delegate/SplitRoPEConcat -> mul      0.000      0.207      0.207     0.001%     5.479%      0.000              1   [Delegate]:338
                                    Delegate/SplitRoPEConcat      0.000      0.109      0.109     0.001%     5.479%      0.000              1   [Delegate]:339
                               Delegate/reshape -> transpose      0.000      0.062      0.062     0.000%     5.480%      0.000              1   [Delegate]:340
                                Delegate/add_values_to_cache      0.000      0.020      0.020     0.000%     5.480%      0.000              1   [Delegate]:341
                                            Delegate/reshape      0.000      0.192      0.192     0.001%     5.481%      0.000              1   [Delegate]:342
                 Delegate/weights_convert_float16_to_float16      0.000      0.027      0.027     0.000%     5.481%      0.000              1   [Delegate]:343
                          Delegate/convolution(conv_generic)      0.000      0.566      0.566     0.003%     5.483%      0.000              1   [Delegate]:344
                    Delegate/select_v2 -> maximum -> minimum      0.000      1.629      1.629     0.008%     5.491%      0.000              1   [Delegate]:345
                                   Delegate/softmax (reduce)      0.000      1.177      1.177     0.006%     5.497%      0.000              1   [Delegate]:346
                              Delegate/softmax (elementwise)      0.000      1.548      1.548     0.007%     5.504%      0.000              1   [Delegate]:347
                 Delegate/weights_convert_float16_to_float16      0.000      0.028      0.028     0.000%     5.505%      0.000              1   [Delegate]:348
                          Delegate/convolution(conv_generic)      0.000      0.523      0.523     0.003%     5.507%      0.000              1   [Delegate]:349
                    Delegate/reshape -> transpose -> reshape      0.000      0.179      0.179     0.001%     5.508%      0.000              1   [Delegate]:350
                   Delegate/weights_convert_uint4_to_float16      0.000      0.334      0.334     0.002%     5.510%      0.000              1   [Delegate]:351
                   Delegate/convolution(conv_generic) -> add      0.000      8.994      8.994     0.043%     5.553%      0.000              1   [Delegate]:352
                           Delegate/rms_normalization -> mul      0.000      0.309      0.309     0.001%     5.554%      0.000              1   [Delegate]:353
                   Delegate/weights_convert_uint4_to_float16      0.000      2.250      2.250     0.011%     5.565%      0.000              1   [Delegate]:354
                          Delegate/convolution(conv_generic)      0.000     52.924     52.924     0.255%     5.820%      0.000              1   [Delegate]:355
                    Delegate/strided_slice -> sigmoid -> mul      0.000      0.673      0.673     0.003%     5.823%      0.000              1   [Delegate]:356
                                      Delegate/strided_slice      0.000      0.631      0.631     0.003%     5.826%      0.000              1   [Delegate]:357
                                                Delegate/mul      0.000      0.849      0.849     0.004%     5.830%      0.000              1   [Delegate]:358
                   Delegate/weights_convert_uint4_to_float16      0.000      0.973      0.973     0.005%     5.835%      0.000              1   [Delegate]:359
                   Delegate/convolution(conv_generic) -> add      0.000     28.557     28.557     0.137%     5.972%      0.000              1   [Delegate]:360
                           Delegate/rms_normalization -> mul      0.000      0.303      0.303     0.001%     5.974%      0.000              1   [Delegate]:361
                   Delegate/weights_convert_uint4_to_float16      0.000      0.676      0.676     0.003%     5.977%      0.000              1   [Delegate]:362
                          Delegate/convolution(conv_generic)      0.000     17.162     17.162     0.083%     6.060%      0.000              1   [Delegate]:363
                                      Delegate/strided_slice      0.000      0.150      0.150     0.001%     6.061%      0.000              1   [Delegate]:364
                                      Delegate/strided_slice      0.000      0.066      0.066     0.000%     6.061%      0.000              1   [Delegate]:365
                                      Delegate/strided_slice      0.000      0.066      0.066     0.000%     6.061%      0.000              1   [Delegate]:366
                                            Delegate/reshape      0.000      0.286      0.286     0.001%     6.063%      0.000              1   [Delegate]:367
                           Delegate/rms_normalization -> mul      0.000      0.235      0.235     0.001%     6.064%      0.000              1   [Delegate]:368
                                          Delegate/transpose      0.000      0.776      0.776     0.004%     6.067%      0.000              1   [Delegate]:369
                                            Delegate/reshape      0.000      0.096      0.096     0.000%     6.068%      0.000              1   [Delegate]:370
                           Delegate/rms_normalization -> mul      0.000      0.102      0.102     0.000%     6.068%      0.000              1   [Delegate]:371
                                          Delegate/transpose      0.000      0.400      0.400     0.002%     6.070%      0.000              1   [Delegate]:372
                             Delegate/SplitRoPEConcat -> mul      0.000      0.204      0.204     0.001%     6.071%      0.000              1   [Delegate]:373
                                    Delegate/SplitRoPEConcat      0.000      0.108      0.108     0.001%     6.072%      0.000              1   [Delegate]:374
                               Delegate/reshape -> transpose      0.000      0.068      0.068     0.000%     6.072%      0.000              1   [Delegate]:375
                                Delegate/add_values_to_cache      0.000      0.020      0.020     0.000%     6.072%      0.000              1   [Delegate]:376
                                            Delegate/reshape      0.000      0.188      0.188     0.001%     6.073%      0.000              1   [Delegate]:377
                 Delegate/weights_convert_float16_to_float16      0.000      0.027      0.027     0.000%     6.073%      0.000              1   [Delegate]:378
                          Delegate/convolution(conv_generic)      0.000      0.570      0.570     0.003%     6.076%      0.000              1   [Delegate]:379
                    Delegate/select_v2 -> maximum -> minimum      0.000      1.604      1.604     0.008%     6.084%      0.000              1   [Delegate]:380
                                   Delegate/softmax (reduce)      0.000      1.149      1.149     0.006%     6.089%      0.000              1   [Delegate]:381
                              Delegate/softmax (elementwise)      0.000      1.543      1.543     0.007%     6.097%      0.000              1   [Delegate]:382
                 Delegate/weights_convert_float16_to_float16      0.000      0.028      0.028     0.000%     6.097%      0.000              1   [Delegate]:383
                          Delegate/convolution(conv_generic)      0.000      0.521      0.521     0.003%     6.099%      0.000              1   [Delegate]:384
                    Delegate/reshape -> transpose -> reshape      0.000      0.180      0.180     0.001%     6.100%      0.000              1   [Delegate]:385
                   Delegate/weights_convert_uint4_to_float16      0.000      0.335      0.335     0.002%     6.102%      0.000              1   [Delegate]:386
                   Delegate/convolution(conv_generic) -> add      0.000      8.995      8.995     0.043%     6.145%      0.000              1   [Delegate]:387
                           Delegate/rms_normalization -> mul      0.000      0.311      0.311     0.001%     6.147%      0.000              1   [Delegate]:388
                   Delegate/weights_convert_uint4_to_float16      0.000      2.248      2.248     0.011%     6.157%      0.000              1   [Delegate]:389
                          Delegate/convolution(conv_generic)      0.000     52.870     52.870     0.255%     6.412%      0.000              1   [Delegate]:390
                    Delegate/strided_slice -> sigmoid -> mul      0.000      0.672      0.672     0.003%     6.415%      0.000              1   [Delegate]:391
                                      Delegate/strided_slice      0.000      0.672      0.672     0.003%     6.418%      0.000              1   [Delegate]:392
                                                Delegate/mul      0.000      0.869      0.869     0.004%     6.423%      0.000              1   [Delegate]:393
                   Delegate/weights_convert_uint4_to_float16      0.000      0.970      0.970     0.005%     6.427%      0.000              1   [Delegate]:394
                   Delegate/convolution(conv_generic) -> add      0.000     28.529     28.529     0.137%     6.565%      0.000              1   [Delegate]:395
                           Delegate/rms_normalization -> mul      0.000      0.305      0.305     0.001%     6.566%      0.000              1   [Delegate]:396
                   Delegate/weights_convert_uint4_to_float16      0.000      0.690      0.690     0.003%     6.569%      0.000              1   [Delegate]:397
                          Delegate/convolution(conv_generic)      0.000     17.172     17.172     0.083%     6.652%      0.000              1   [Delegate]:398
                                      Delegate/strided_slice      0.000      0.151      0.151     0.001%     6.653%      0.000              1   [Delegate]:399
                                      Delegate/strided_slice      0.000      0.067      0.067     0.000%     6.653%      0.000              1   [Delegate]:400
                                      Delegate/strided_slice      0.000      0.066      0.066     0.000%     6.653%      0.000              1   [Delegate]:401
                                            Delegate/reshape      0.000      0.282      0.282     0.001%     6.655%      0.000              1   [Delegate]:402
                           Delegate/rms_normalization -> mul      0.000      0.235      0.235     0.001%     6.656%      0.000              1   [Delegate]:403
                                          Delegate/transpose      0.000      0.772      0.772     0.004%     6.660%      0.000              1   [Delegate]:404
                                            Delegate/reshape      0.000      0.096      0.096     0.000%     6.660%      0.000              1   [Delegate]:405
                           Delegate/rms_normalization -> mul      0.000      0.101      0.101     0.000%     6.661%      0.000              1   [Delegate]:406
                                          Delegate/transpose      0.000      0.405      0.405     0.002%     6.663%      0.000              1   [Delegate]:407
                             Delegate/SplitRoPEConcat -> mul      0.000      0.206      0.206     0.001%     6.664%      0.000              1   [Delegate]:408
                                    Delegate/SplitRoPEConcat      0.000      0.108      0.108     0.001%     6.664%      0.000              1   [Delegate]:409
                               Delegate/reshape -> transpose      0.000      0.063      0.063     0.000%     6.664%      0.000              1   [Delegate]:410
                                Delegate/add_values_to_cache      0.000      0.020      0.020     0.000%     6.664%      0.000              1   [Delegate]:411
                                            Delegate/reshape      0.000      0.191      0.191     0.001%     6.665%      0.000              1   [Delegate]:412
                 Delegate/weights_convert_float16_to_float16      0.000      0.027      0.027     0.000%     6.666%      0.000              1   [Delegate]:413
                          Delegate/convolution(conv_generic)      0.000      0.572      0.572     0.003%     6.668%      0.000              1   [Delegate]:414
                    Delegate/select_v2 -> maximum -> minimum      0.000      1.613      1.613     0.008%     6.676%      0.000              1   [Delegate]:415
                                   Delegate/softmax (reduce)      0.000      1.144      1.144     0.006%     6.682%      0.000              1   [Delegate]:416
                              Delegate/softmax (elementwise)      0.000      1.537      1.537     0.007%     6.689%      0.000              1   [Delegate]:417
                 Delegate/weights_convert_float16_to_float16      0.000      0.028      0.028     0.000%     6.689%      0.000              1   [Delegate]:418
                          Delegate/convolution(conv_generic)      0.000      0.522      0.522     0.003%     6.692%      0.000              1   [Delegate]:419
                    Delegate/reshape -> transpose -> reshape      0.000      0.180      0.180     0.001%     6.692%      0.000              1   [Delegate]:420
                   Delegate/weights_convert_uint4_to_float16      0.000      0.335      0.335     0.002%     6.694%      0.000              1   [Delegate]:421
                   Delegate/convolution(conv_generic) -> add      0.000      8.944      8.944     0.043%     6.737%      0.000              1   [Delegate]:422
                           Delegate/rms_normalization -> mul      0.000      0.315      0.315     0.002%     6.739%      0.000              1   [Delegate]:423
                   Delegate/weights_convert_uint4_to_float16      0.000      2.188      2.188     0.011%     6.749%      0.000              1   [Delegate]:424
                          Delegate/convolution(conv_generic)      0.000     53.014     53.014     0.255%     7.004%      0.000              1   [Delegate]:425
                    Delegate/strided_slice -> sigmoid -> mul      0.000      0.673      0.673     0.003%     7.008%      0.000              1   [Delegate]:426
                                      Delegate/strided_slice      0.000      0.644      0.644     0.003%     7.011%      0.000              1   [Delegate]:427
                                                Delegate/mul      0.000      0.849      0.849     0.004%     7.015%      0.000              1   [Delegate]:428
                   Delegate/weights_convert_uint4_to_float16      0.000      1.008      1.008     0.005%     7.020%      0.000              1   [Delegate]:429
                   Delegate/convolution(conv_generic) -> add      0.000     28.555     28.555     0.137%     7.157%      0.000              1   [Delegate]:430
                           Delegate/rms_normalization -> mul      0.000      0.305      0.305     0.001%     7.159%      0.000              1   [Delegate]:431
                   Delegate/weights_convert_uint4_to_float16      0.000      0.677      0.677     0.003%     7.162%      0.000              1   [Delegate]:432
                          Delegate/convolution(conv_generic)      0.000     17.421     17.421     0.084%     7.246%      0.000              1   [Delegate]:433
                                      Delegate/strided_slice      0.000      0.151      0.151     0.001%     7.246%      0.000              1   [Delegate]:434
                                      Delegate/strided_slice      0.000      0.062      0.062     0.000%     7.247%      0.000              1   [Delegate]:435
                                      Delegate/strided_slice      0.000      0.065      0.065     0.000%     7.247%      0.000              1   [Delegate]:436
                                            Delegate/reshape      0.000      0.269      0.269     0.001%     7.248%      0.000              1   [Delegate]:437
                           Delegate/rms_normalization -> mul      0.000      0.254      0.254     0.001%     7.250%      0.000              1   [Delegate]:438
                                          Delegate/transpose      0.000      0.773      0.773     0.004%     7.253%      0.000              1   [Delegate]:439
                                            Delegate/reshape      0.000      0.094      0.094     0.000%     7.254%      0.000              1   [Delegate]:440
                           Delegate/rms_normalization -> mul      0.000      0.103      0.103     0.000%     7.254%      0.000              1   [Delegate]:441
                                          Delegate/transpose      0.000      0.426      0.426     0.002%     7.256%      0.000              1   [Delegate]:442
                             Delegate/SplitRoPEConcat -> mul      0.000      0.213      0.213     0.001%     7.257%      0.000              1   [Delegate]:443
                                    Delegate/SplitRoPEConcat      0.000      0.097      0.097     0.000%     7.258%      0.000              1   [Delegate]:444
                               Delegate/reshape -> transpose      0.000      0.070      0.070     0.000%     7.258%      0.000              1   [Delegate]:445
                                Delegate/add_values_to_cache      0.000      0.020      0.020     0.000%     7.258%      0.000              1   [Delegate]:446
                                            Delegate/reshape      0.000      0.193      0.193     0.001%     7.259%      0.000              1   [Delegate]:447
                 Delegate/weights_convert_float16_to_float16      0.000      0.027      0.027     0.000%     7.259%      0.000              1   [Delegate]:448
                          Delegate/convolution(conv_generic)      0.000      0.564      0.564     0.003%     7.262%      0.000              1   [Delegate]:449
                    Delegate/select_v2 -> maximum -> minimum      0.000      1.617      1.617     0.008%     7.270%      0.000              1   [Delegate]:450
                                   Delegate/softmax (reduce)      0.000      1.168      1.168     0.006%     7.275%      0.000              1   [Delegate]:451
                              Delegate/softmax (elementwise)      0.000      1.539      1.539     0.007%     7.283%      0.000              1   [Delegate]:452
                 Delegate/weights_convert_float16_to_float16      0.000      0.028      0.028     0.000%     7.283%      0.000              1   [Delegate]:453
                          Delegate/convolution(conv_generic)      0.000      0.520      0.520     0.003%     7.285%      0.000              1   [Delegate]:454
                    Delegate/reshape -> transpose -> reshape      0.000      0.183      0.183     0.001%     7.286%      0.000              1   [Delegate]:455
                   Delegate/weights_convert_uint4_to_float16      0.000      0.334      0.334     0.002%     7.288%      0.000              1   [Delegate]:456
                   Delegate/convolution(conv_generic) -> add      0.000      8.939      8.939     0.043%     7.331%      0.000              1   [Delegate]:457
                           Delegate/rms_normalization -> mul      0.000      0.315      0.315     0.002%     7.333%      0.000              1   [Delegate]:458
                   Delegate/weights_convert_uint4_to_float16      0.000      2.191      2.191     0.011%     7.343%      0.000              1   [Delegate]:459
                          Delegate/convolution(conv_generic)      0.000     52.793     52.793     0.254%     7.597%      0.000              1   [Delegate]:460
                    Delegate/strided_slice -> sigmoid -> mul      0.000      0.673      0.673     0.003%     7.600%      0.000              1   [Delegate]:461
                                      Delegate/strided_slice      0.000      0.679      0.679     0.003%     7.604%      0.000              1   [Delegate]:462
                                                Delegate/mul      0.000      0.883      0.883     0.004%     7.608%      0.000              1   [Delegate]:463
                   Delegate/weights_convert_uint4_to_float16      0.000      1.013      1.013     0.005%     7.613%      0.000              1   [Delegate]:464
                   Delegate/convolution(conv_generic) -> add      0.000     28.513     28.513     0.137%     7.750%      0.000              1   [Delegate]:465
                           Delegate/rms_normalization -> mul      0.000      0.302      0.302     0.001%     7.752%      0.000              1   [Delegate]:466
                   Delegate/weights_convert_uint4_to_float16      0.000      0.666      0.666     0.003%     7.755%      0.000              1   [Delegate]:467
                          Delegate/convolution(conv_generic)      0.000     17.418     17.418     0.084%     7.839%      0.000              1   [Delegate]:468
                                      Delegate/strided_slice      0.000      0.152      0.152     0.001%     7.839%      0.000              1   [Delegate]:469
                                      Delegate/strided_slice      0.000      0.062      0.062     0.000%     7.840%      0.000              1   [Delegate]:470
                                      Delegate/strided_slice      0.000      0.067      0.067     0.000%     7.840%      0.000              1   [Delegate]:471
                                            Delegate/reshape      0.000      0.262      0.262     0.001%     7.841%      0.000              1   [Delegate]:472
                           Delegate/rms_normalization -> mul      0.000      0.245      0.245     0.001%     7.842%      0.000              1   [Delegate]:473
                                          Delegate/transpose      0.000      0.789      0.789     0.004%     7.846%      0.000              1   [Delegate]:474
                                            Delegate/reshape      0.000      0.095      0.095     0.000%     7.847%      0.000              1   [Delegate]:475
                           Delegate/rms_normalization -> mul      0.000      0.103      0.103     0.000%     7.847%      0.000              1   [Delegate]:476
                                          Delegate/transpose      0.000      0.412      0.412     0.002%     7.849%      0.000              1   [Delegate]:477
                             Delegate/SplitRoPEConcat -> mul      0.000      0.206      0.206     0.001%     7.850%      0.000              1   [Delegate]:478
                                    Delegate/SplitRoPEConcat      0.000      0.097      0.097     0.000%     7.851%      0.000              1   [Delegate]:479
                               Delegate/reshape -> transpose      0.000      0.069      0.069     0.000%     7.851%      0.000              1   [Delegate]:480
                                Delegate/add_values_to_cache      0.000      0.020      0.020     0.000%     7.851%      0.000              1   [Delegate]:481
                                            Delegate/reshape      0.000      0.193      0.193     0.001%     7.852%      0.000              1   [Delegate]:482
                 Delegate/weights_convert_float16_to_float16      0.000      0.027      0.027     0.000%     7.852%      0.000              1   [Delegate]:483
                          Delegate/convolution(conv_generic)      0.000      0.563      0.563     0.003%     7.855%      0.000              1   [Delegate]:484
                    Delegate/select_v2 -> maximum -> minimum      0.000      1.614      1.614     0.008%     7.863%      0.000              1   [Delegate]:485
                                   Delegate/softmax (reduce)      0.000      1.152      1.152     0.006%     7.868%      0.000              1   [Delegate]:486
                              Delegate/softmax (elementwise)      0.000      1.561      1.561     0.008%     7.876%      0.000              1   [Delegate]:487
                 Delegate/weights_convert_float16_to_float16      0.000      0.028      0.028     0.000%     7.876%      0.000              1   [Delegate]:488
                          Delegate/convolution(conv_generic)      0.000      0.519      0.519     0.002%     7.878%      0.000              1   [Delegate]:489
                    Delegate/reshape -> transpose -> reshape      0.000      0.177      0.177     0.001%     7.879%      0.000              1   [Delegate]:490
                   Delegate/weights_convert_uint4_to_float16      0.000      0.334      0.334     0.002%     7.881%      0.000              1   [Delegate]:491
                   Delegate/convolution(conv_generic) -> add      0.000      8.958      8.958     0.043%     7.924%      0.000              1   [Delegate]:492
                           Delegate/rms_normalization -> mul      0.000      0.309      0.309     0.001%     7.925%      0.000              1   [Delegate]:493
                   Delegate/weights_convert_uint4_to_float16      0.000      2.232      2.232     0.011%     7.936%      0.000              1   [Delegate]:494
                          Delegate/convolution(conv_generic)      0.000     53.097     53.097     0.256%     8.192%      0.000              1   [Delegate]:495
                    Delegate/strided_slice -> sigmoid -> mul      0.000      0.672      0.672     0.003%     8.195%      0.000              1   [Delegate]:496
                                      Delegate/strided_slice      0.000      0.614      0.614     0.003%     8.198%      0.000              1   [Delegate]:497
                                                Delegate/mul      0.000      0.850      0.850     0.004%     8.202%      0.000              1   [Delegate]:498
                   Delegate/weights_convert_uint4_to_float16      0.000      0.976      0.976     0.005%     8.207%      0.000              1   [Delegate]:499
                   Delegate/convolution(conv_generic) -> add      0.000     28.607     28.607     0.138%     8.344%      0.000              1   [Delegate]:500
                           Delegate/rms_normalization -> mul      0.000      0.303      0.303     0.001%     8.346%      0.000              1   [Delegate]:501
                   Delegate/weights_convert_uint4_to_float16      0.000      0.657      0.657     0.003%     8.349%      0.000              1   [Delegate]:502
                          Delegate/convolution(conv_generic)      0.000     17.105     17.105     0.082%     8.431%      0.000              1   [Delegate]:503
                                      Delegate/strided_slice      0.000      0.180      0.180     0.001%     8.432%      0.000              1   [Delegate]:504
                                      Delegate/strided_slice      0.000      0.062      0.062     0.000%     8.433%      0.000              1   [Delegate]:505
                                      Delegate/strided_slice      0.000      0.067      0.067     0.000%     8.433%      0.000              1   [Delegate]:506
                                            Delegate/reshape      0.000      0.264      0.264     0.001%     8.434%      0.000              1   [Delegate]:507
                           Delegate/rms_normalization -> mul      0.000      0.243      0.243     0.001%     8.435%      0.000              1   [Delegate]:508
                                          Delegate/transpose      0.000      0.786      0.786     0.004%     8.439%      0.000              1   [Delegate]:509
                                            Delegate/reshape      0.000      0.094      0.094     0.000%     8.440%      0.000              1   [Delegate]:510
                           Delegate/rms_normalization -> mul      0.000      0.101      0.101     0.000%     8.440%      0.000              1   [Delegate]:511
                                          Delegate/transpose      0.000      0.375      0.375     0.002%     8.442%      0.000              1   [Delegate]:512
                             Delegate/SplitRoPEConcat -> mul      0.000      0.240      0.240     0.001%     8.443%      0.000              1   [Delegate]:513
                                    Delegate/SplitRoPEConcat      0.000      0.097      0.097     0.000%     8.443%      0.000              1   [Delegate]:514
                               Delegate/reshape -> transpose      0.000      0.070      0.070     0.000%     8.444%      0.000              1   [Delegate]:515
                                Delegate/add_values_to_cache      0.000      0.020      0.020     0.000%     8.444%      0.000              1   [Delegate]:516
                                            Delegate/reshape      0.000      0.195      0.195     0.001%     8.445%      0.000              1   [Delegate]:517
                 Delegate/weights_convert_float16_to_float16      0.000      0.027      0.027     0.000%     8.445%      0.000              1   [Delegate]:518
                          Delegate/convolution(conv_generic)      0.000      0.568      0.568     0.003%     8.448%      0.000              1   [Delegate]:519
                    Delegate/select_v2 -> maximum -> minimum      0.000      1.607      1.607     0.008%     8.455%      0.000              1   [Delegate]:520
                                   Delegate/softmax (reduce)      0.000      1.132      1.132     0.005%     8.461%      0.000              1   [Delegate]:521
                              Delegate/softmax (elementwise)      0.000      1.549      1.549     0.007%     8.468%      0.000              1   [Delegate]:522
                 Delegate/weights_convert_float16_to_float16      0.000      0.028      0.028     0.000%     8.468%      0.000              1   [Delegate]:523
                          Delegate/convolution(conv_generic)      0.000      0.520      0.520     0.003%     8.471%      0.000              1   [Delegate]:524
                    Delegate/reshape -> transpose -> reshape      0.000      0.185      0.185     0.001%     8.472%      0.000              1   [Delegate]:525
                   Delegate/weights_convert_uint4_to_float16      0.000      0.337      0.337     0.002%     8.473%      0.000              1   [Delegate]:526
                   Delegate/convolution(conv_generic) -> add      0.000      8.969      8.969     0.043%     8.517%      0.000              1   [Delegate]:527
                           Delegate/rms_normalization -> mul      0.000      0.309      0.309     0.001%     8.518%      0.000              1   [Delegate]:528
                   Delegate/weights_convert_uint4_to_float16      0.000      2.217      2.217     0.011%     8.529%      0.000              1   [Delegate]:529
                          Delegate/convolution(conv_generic)      0.000     52.773     52.773     0.254%     8.783%      0.000              1   [Delegate]:530
                    Delegate/strided_slice -> sigmoid -> mul      0.000      0.673      0.673     0.003%     8.786%      0.000              1   [Delegate]:531
                                      Delegate/strided_slice      0.000      0.679      0.679     0.003%     8.789%      0.000              1   [Delegate]:532
                                                Delegate/mul      0.000      0.977      0.977     0.005%     8.794%      0.000              1   [Delegate]:533
                   Delegate/weights_convert_uint4_to_float16      0.000      1.008      1.008     0.005%     8.799%      0.000              1   [Delegate]:534
                   Delegate/convolution(conv_generic) -> add      0.000     28.582     28.582     0.138%     8.937%      0.000              1   [Delegate]:535
                           Delegate/rms_normalization -> mul      0.000      0.303      0.303     0.001%     8.938%      0.000              1   [Delegate]:536
                   Delegate/weights_convert_uint4_to_float16      0.000      0.665      0.665     0.003%     8.941%      0.000              1   [Delegate]:537
                          Delegate/convolution(conv_generic)      0.000     17.175     17.175     0.083%     9.024%      0.000              1   [Delegate]:538
                                      Delegate/strided_slice      0.000      0.177      0.177     0.001%     9.025%      0.000              1   [Delegate]:539
                                      Delegate/strided_slice      0.000      0.062      0.062     0.000%     9.025%      0.000              1   [Delegate]:540
                                      Delegate/strided_slice      0.000      0.063      0.063     0.000%     9.025%      0.000              1   [Delegate]:541
                                            Delegate/reshape      0.000      0.280      0.280     0.001%     9.027%      0.000              1   [Delegate]:542
                           Delegate/rms_normalization -> mul      0.000      0.236      0.236     0.001%     9.028%      0.000              1   [Delegate]:543
                                          Delegate/transpose      0.000      0.793      0.793     0.004%     9.032%      0.000              1   [Delegate]:544
                                            Delegate/reshape      0.000      0.093      0.093     0.000%     9.032%      0.000              1   [Delegate]:545
                           Delegate/rms_normalization -> mul      0.000      0.099      0.099     0.000%     9.033%      0.000              1   [Delegate]:546
                                          Delegate/transpose      0.000      0.380      0.380     0.002%     9.034%      0.000              1   [Delegate]:547
                             Delegate/SplitRoPEConcat -> mul      0.000      0.217      0.217     0.001%     9.035%      0.000              1   [Delegate]:548
                                    Delegate/SplitRoPEConcat      0.000      0.109      0.109     0.001%     9.036%      0.000              1   [Delegate]:549
                               Delegate/reshape -> transpose      0.000      0.071      0.071     0.000%     9.036%      0.000              1   [Delegate]:550
                                Delegate/add_values_to_cache      0.000      0.020      0.020     0.000%     9.036%      0.000              1   [Delegate]:551
                                            Delegate/reshape      0.000      0.193      0.193     0.001%     9.037%      0.000              1   [Delegate]:552
                 Delegate/weights_convert_float16_to_float16      0.000      0.027      0.027     0.000%     9.037%      0.000              1   [Delegate]:553
                          Delegate/convolution(conv_generic)      0.000      0.567      0.567     0.003%     9.040%      0.000              1   [Delegate]:554
                    Delegate/select_v2 -> maximum -> minimum      0.000      1.605      1.605     0.008%     9.048%      0.000              1   [Delegate]:555
                                   Delegate/softmax (reduce)      0.000      1.154      1.154     0.006%     9.053%      0.000              1   [Delegate]:556
                              Delegate/softmax (elementwise)      0.000      1.547      1.547     0.007%     9.061%      0.000              1   [Delegate]:557
                 Delegate/weights_convert_float16_to_float16      0.000      0.028      0.028     0.000%     9.061%      0.000              1   [Delegate]:558
                          Delegate/convolution(conv_generic)      0.000      0.523      0.523     0.003%     9.064%      0.000              1   [Delegate]:559
                    Delegate/reshape -> transpose -> reshape      0.000      0.177      0.177     0.001%     9.064%      0.000              1   [Delegate]:560
                   Delegate/weights_convert_uint4_to_float16      0.000      0.334      0.334     0.002%     9.066%      0.000              1   [Delegate]:561
                   Delegate/convolution(conv_generic) -> add      0.000      8.962      8.962     0.043%     9.109%      0.000              1   [Delegate]:562
                           Delegate/rms_normalization -> mul      0.000      0.311      0.311     0.001%     9.111%      0.000              1   [Delegate]:563
                   Delegate/weights_convert_uint4_to_float16      0.000      2.198      2.198     0.011%     9.121%      0.000              1   [Delegate]:564
                          Delegate/convolution(conv_generic)      0.000     52.842     52.842     0.254%     9.376%      0.000              1   [Delegate]:565
                    Delegate/strided_slice -> sigmoid -> mul      0.000      0.669      0.669     0.003%     9.379%      0.000              1   [Delegate]:566
                                      Delegate/strided_slice      0.000      0.596      0.596     0.003%     9.382%      0.000              1   [Delegate]:567
                                                Delegate/mul      0.000      0.855      0.855     0.004%     9.386%      0.000              1   [Delegate]:568
                   Delegate/weights_convert_uint4_to_float16      0.000      0.978      0.978     0.005%     9.391%      0.000              1   [Delegate]:569
                   Delegate/convolution(conv_generic) -> add      0.000     28.583     28.583     0.138%     9.528%      0.000              1   [Delegate]:570
                           Delegate/rms_normalization -> mul      0.000      0.302      0.302     0.001%     9.530%      0.000              1   [Delegate]:571
                   Delegate/weights_convert_uint4_to_float16      0.000      0.659      0.659     0.003%     9.533%      0.000              1   [Delegate]:572
                          Delegate/convolution(conv_generic)      0.000     17.398     17.398     0.084%     9.617%      0.000              1   [Delegate]:573
                                      Delegate/strided_slice      0.000      0.151      0.151     0.001%     9.617%      0.000              1   [Delegate]:574
                                      Delegate/strided_slice      0.000      0.062      0.062     0.000%     9.618%      0.000              1   [Delegate]:575
                                      Delegate/strided_slice      0.000      0.069      0.069     0.000%     9.618%      0.000              1   [Delegate]:576
                                            Delegate/reshape      0.000      0.253      0.253     0.001%     9.619%      0.000              1   [Delegate]:577
                           Delegate/rms_normalization -> mul      0.000      0.238      0.238     0.001%     9.620%      0.000              1   [Delegate]:578
                                          Delegate/transpose      0.000      0.819      0.819     0.004%     9.624%      0.000              1   [Delegate]:579
                                            Delegate/reshape      0.000      0.093      0.093     0.000%     9.625%      0.000              1   [Delegate]:580
                           Delegate/rms_normalization -> mul      0.000      0.105      0.105     0.001%     9.625%      0.000              1   [Delegate]:581
                                          Delegate/transpose      0.000      0.361      0.361     0.002%     9.627%      0.000              1   [Delegate]:582
                             Delegate/SplitRoPEConcat -> mul      0.000      0.232      0.232     0.001%     9.628%      0.000              1   [Delegate]:583
                                    Delegate/SplitRoPEConcat      0.000      0.097      0.097     0.000%     9.628%      0.000              1   [Delegate]:584
                               Delegate/reshape -> transpose      0.000      0.069      0.069     0.000%     9.629%      0.000              1   [Delegate]:585
                                Delegate/add_values_to_cache      0.000      0.020      0.020     0.000%     9.629%      0.000              1   [Delegate]:586
                                            Delegate/reshape      0.000      0.195      0.195     0.001%     9.630%      0.000              1   [Delegate]:587
                 Delegate/weights_convert_float16_to_float16      0.000      0.027      0.027     0.000%     9.630%      0.000              1   [Delegate]:588
                          Delegate/convolution(conv_generic)      0.000      0.565      0.565     0.003%     9.633%      0.000              1   [Delegate]:589
                    Delegate/select_v2 -> maximum -> minimum      0.000      1.608      1.608     0.008%     9.640%      0.000              1   [Delegate]:590
                                   Delegate/softmax (reduce)      0.000      1.156      1.156     0.006%     9.646%      0.000              1   [Delegate]:591
                              Delegate/softmax (elementwise)      0.000      1.538      1.538     0.007%     9.653%      0.000              1   [Delegate]:592
                 Delegate/weights_convert_float16_to_float16      0.000      0.028      0.028     0.000%     9.654%      0.000              1   [Delegate]:593
                          Delegate/convolution(conv_generic)      0.000      0.519      0.519     0.002%     9.656%      0.000              1   [Delegate]:594
                    Delegate/reshape -> transpose -> reshape      0.000      0.177      0.177     0.001%     9.657%      0.000              1   [Delegate]:595
                   Delegate/weights_convert_uint4_to_float16      0.000      0.330      0.330     0.002%     9.658%      0.000              1   [Delegate]:596
                   Delegate/convolution(conv_generic) -> add      0.000      9.001      9.001     0.043%     9.702%      0.000              1   [Delegate]:597
                           Delegate/rms_normalization -> mul      0.000      0.306      0.306     0.001%     9.703%      0.000              1   [Delegate]:598
                   Delegate/weights_convert_uint4_to_float16      0.000      2.220      2.220     0.011%     9.714%      0.000              1   [Delegate]:599
                          Delegate/convolution(conv_generic)      0.000     53.131     53.131     0.256%     9.970%      0.000              1   [Delegate]:600
                    Delegate/strided_slice -> sigmoid -> mul      0.000      0.674      0.674     0.003%     9.973%      0.000              1   [Delegate]:601
                                      Delegate/strided_slice      0.000      0.613      0.613     0.003%     9.976%      0.000              1   [Delegate]:602
                                                Delegate/mul      0.000      0.852      0.852     0.004%     9.980%      0.000              1   [Delegate]:603
                   Delegate/weights_convert_uint4_to_float16      0.000      0.995      0.995     0.005%     9.985%      0.000              1   [Delegate]:604
                   Delegate/convolution(conv_generic) -> add      0.000     28.544     28.544     0.137%    10.122%      0.000              1   [Delegate]:605
                           Delegate/rms_normalization -> mul      0.000      0.304      0.304     0.001%    10.124%      0.000              1   [Delegate]:606
                   Delegate/weights_convert_uint4_to_float16      0.000      0.663      0.663     0.003%    10.127%      0.000              1   [Delegate]:607
                          Delegate/convolution(conv_generic)      0.000     17.349     17.349     0.084%    10.210%      0.000              1   [Delegate]:608
                                      Delegate/strided_slice      0.000      0.151      0.151     0.001%    10.211%      0.000              1   [Delegate]:609
                                      Delegate/strided_slice      0.000      0.069      0.069     0.000%    10.212%      0.000              1   [Delegate]:610
                                      Delegate/strided_slice      0.000      0.066      0.066     0.000%    10.212%      0.000              1   [Delegate]:611
                                            Delegate/reshape      0.000      0.266      0.266     0.001%    10.213%      0.000              1   [Delegate]:612
                           Delegate/rms_normalization -> mul      0.000      0.274      0.274     0.001%    10.214%      0.000              1   [Delegate]:613
                                          Delegate/transpose      0.000      0.772      0.772     0.004%    10.218%      0.000              1   [Delegate]:614
                                            Delegate/reshape      0.000      0.094      0.094     0.000%    10.219%      0.000              1   [Delegate]:615
                           Delegate/rms_normalization -> mul      0.000      0.102      0.102     0.000%    10.219%      0.000              1   [Delegate]:616
                                          Delegate/transpose      0.000      0.365      0.365     0.002%    10.221%      0.000              1   [Delegate]:617
                             Delegate/SplitRoPEConcat -> mul      0.000      0.231      0.231     0.001%    10.222%      0.000              1   [Delegate]:618
                                    Delegate/SplitRoPEConcat      0.000      0.097      0.097     0.000%    10.222%      0.000              1   [Delegate]:619
                               Delegate/reshape -> transpose      0.000      0.069      0.069     0.000%    10.223%      0.000              1   [Delegate]:620
                                Delegate/add_values_to_cache      0.000      0.021      0.021     0.000%    10.223%      0.000              1   [Delegate]:621
                                            Delegate/reshape      0.000      0.189      0.189     0.001%    10.224%      0.000              1   [Delegate]:622
                 Delegate/weights_convert_float16_to_float16      0.000      0.027      0.027     0.000%    10.224%      0.000              1   [Delegate]:623
                          Delegate/convolution(conv_generic)      0.000      0.566      0.566     0.003%    10.227%      0.000              1   [Delegate]:624
                    Delegate/select_v2 -> maximum -> minimum      0.000      1.662      1.662     0.008%    10.235%      0.000              1   [Delegate]:625
                                   Delegate/softmax (reduce)      0.000      1.167      1.167     0.006%    10.240%      0.000              1   [Delegate]:626
                              Delegate/softmax (elementwise)      0.000      1.539      1.539     0.007%    10.248%      0.000              1   [Delegate]:627
                 Delegate/weights_convert_float16_to_float16      0.000      0.028      0.028     0.000%    10.248%      0.000              1   [Delegate]:628
                          Delegate/convolution(conv_generic)      0.000      0.521      0.521     0.003%    10.250%      0.000              1   [Delegate]:629
                    Delegate/reshape -> transpose -> reshape      0.000      0.180      0.180     0.001%    10.251%      0.000              1   [Delegate]:630
                   Delegate/weights_convert_uint4_to_float16      0.000      0.336      0.336     0.002%    10.253%      0.000              1   [Delegate]:631
                   Delegate/convolution(conv_generic) -> add      0.000      8.912      8.912     0.043%    10.296%      0.000              1   [Delegate]:632
                           Delegate/rms_normalization -> mul      0.000      0.313      0.313     0.002%    10.297%      0.000              1   [Delegate]:633
                   Delegate/weights_convert_uint4_to_float16      0.000      2.194      2.194     0.011%    10.308%      0.000              1   [Delegate]:634
                          Delegate/convolution(conv_generic)      0.000     52.805     52.805     0.254%    10.562%      0.000              1   [Delegate]:635
                    Delegate/strided_slice -> sigmoid -> mul      0.000      0.676      0.676     0.003%    10.565%      0.000              1   [Delegate]:636
                                      Delegate/strided_slice      0.000      0.639      0.639     0.003%    10.568%      0.000              1   [Delegate]:637
                                                Delegate/mul      0.000      0.858      0.858     0.004%    10.572%      0.000              1   [Delegate]:638
                   Delegate/weights_convert_uint4_to_float16      0.000      0.983      0.983     0.005%    10.577%      0.000              1   [Delegate]:639
                   Delegate/convolution(conv_generic) -> add      0.000     28.551     28.551     0.137%    10.715%      0.000              1   [Delegate]:640
                           Delegate/rms_normalization -> mul      0.000      0.302      0.302     0.001%    10.716%      0.000              1   [Delegate]:641
                   Delegate/weights_convert_uint4_to_float16      0.000      0.670      0.670     0.003%    10.719%      0.000              1   [Delegate]:642
                          Delegate/convolution(conv_generic)      0.000     17.388     17.388     0.084%    10.803%      0.000              1   [Delegate]:643
                                      Delegate/strided_slice      0.000      0.151      0.151     0.001%    10.804%      0.000              1   [Delegate]:644
                                      Delegate/strided_slice      0.000      0.062      0.062     0.000%    10.804%      0.000              1   [Delegate]:645
                                      Delegate/strided_slice      0.000      0.065      0.065     0.000%    10.804%      0.000              1   [Delegate]:646
                                            Delegate/reshape      0.000      0.265      0.265     0.001%    10.806%      0.000              1   [Delegate]:647
                           Delegate/rms_normalization -> mul      0.000      0.267      0.267     0.001%    10.807%      0.000              1   [Delegate]:648
                                          Delegate/transpose      0.000      0.767      0.767     0.004%    10.811%      0.000              1   [Delegate]:649
                                            Delegate/reshape      0.000      0.098      0.098     0.000%    10.811%      0.000              1   [Delegate]:650
                           Delegate/rms_normalization -> mul      0.000      0.104      0.104     0.001%    10.812%      0.000              1   [Delegate]:651
                                          Delegate/transpose      0.000      0.363      0.363     0.002%    10.813%      0.000              1   [Delegate]:652
                             Delegate/SplitRoPEConcat -> mul      0.000      0.216      0.216     0.001%    10.814%      0.000              1   [Delegate]:653
                                    Delegate/SplitRoPEConcat      0.000      0.107      0.107     0.001%    10.815%      0.000              1   [Delegate]:654
                               Delegate/reshape -> transpose      0.000      0.069      0.069     0.000%    10.815%      0.000              1   [Delegate]:655
                                Delegate/add_values_to_cache      0.000      0.021      0.021     0.000%    10.815%      0.000              1   [Delegate]:656
                                            Delegate/reshape      0.000      0.190      0.190     0.001%    10.816%      0.000              1   [Delegate]:657
                 Delegate/weights_convert_float16_to_float16      0.000      0.027      0.027     0.000%    10.816%      0.000              1   [Delegate]:658
                          Delegate/convolution(conv_generic)      0.000      0.568      0.568     0.003%    10.819%      0.000              1   [Delegate]:659
                    Delegate/select_v2 -> maximum -> minimum      0.000      1.603      1.603     0.008%    10.827%      0.000              1   [Delegate]:660
                                   Delegate/softmax (reduce)      0.000      1.155      1.155     0.006%    10.832%      0.000              1   [Delegate]:661
                              Delegate/softmax (elementwise)      0.000      1.544      1.544     0.007%    10.840%      0.000              1   [Delegate]:662
                 Delegate/weights_convert_float16_to_float16      0.000      0.028      0.028     0.000%    10.840%      0.000              1   [Delegate]:663
                          Delegate/convolution(conv_generic)      0.000      0.520      0.520     0.003%    10.842%      0.000              1   [Delegate]:664
                    Delegate/reshape -> transpose -> reshape      0.000      0.185      0.185     0.001%    10.843%      0.000              1   [Delegate]:665
                   Delegate/weights_convert_uint4_to_float16      0.000      0.334      0.334     0.002%    10.845%      0.000              1   [Delegate]:666
                   Delegate/convolution(conv_generic) -> add      0.000      9.009      9.009     0.043%    10.888%      0.000              1   [Delegate]:667
                           Delegate/rms_normalization -> mul      0.000      0.313      0.313     0.002%    10.890%      0.000              1   [Delegate]:668
                   Delegate/weights_convert_uint4_to_float16      0.000      2.245      2.245     0.011%    10.901%      0.000              1   [Delegate]:669
                          Delegate/convolution(conv_generic)      0.000     53.283     53.283     0.257%    11.157%      0.000              1   [Delegate]:670
                    Delegate/strided_slice -> sigmoid -> mul      0.000      0.676      0.676     0.003%    11.160%      0.000              1   [Delegate]:671
                                      Delegate/strided_slice      0.000      0.665      0.665     0.003%    11.164%      0.000              1   [Delegate]:672
                                                Delegate/mul      0.000      0.861      0.861     0.004%    11.168%      0.000              1   [Delegate]:673
                   Delegate/weights_convert_uint4_to_float16      0.000      0.972      0.972     0.005%    11.172%      0.000              1   [Delegate]:674
                   Delegate/convolution(conv_generic) -> add      0.000     28.556     28.556     0.137%    11.310%      0.000              1   [Delegate]:675
                           Delegate/rms_normalization -> mul      0.000      0.322      0.322     0.002%    11.311%      0.000              1   [Delegate]:676
                   Delegate/weights_convert_uint4_to_float16      0.000      0.658      0.658     0.003%    11.315%      0.000              1   [Delegate]:677
                          Delegate/convolution(conv_generic)      0.000     17.141     17.141     0.083%    11.397%      0.000              1   [Delegate]:678
                                      Delegate/strided_slice      0.000      0.151      0.151     0.001%    11.398%      0.000              1   [Delegate]:679
                                      Delegate/strided_slice      0.000      0.069      0.069     0.000%    11.398%      0.000              1   [Delegate]:680
                                      Delegate/strided_slice      0.000      0.067      0.067     0.000%    11.398%      0.000              1   [Delegate]:681
                                            Delegate/reshape      0.000      0.267      0.267     0.001%    11.400%      0.000              1   [Delegate]:682
                           Delegate/rms_normalization -> mul      0.000      0.250      0.250     0.001%    11.401%      0.000              1   [Delegate]:683
                                          Delegate/transpose      0.000      0.773      0.773     0.004%    11.405%      0.000              1   [Delegate]:684
                                            Delegate/reshape      0.000      0.093      0.093     0.000%    11.405%      0.000              1   [Delegate]:685
                           Delegate/rms_normalization -> mul      0.000      0.106      0.106     0.001%    11.406%      0.000              1   [Delegate]:686
                                          Delegate/transpose      0.000      0.401      0.401     0.002%    11.408%      0.000              1   [Delegate]:687
                             Delegate/SplitRoPEConcat -> mul      0.000      0.213      0.213     0.001%    11.409%      0.000              1   [Delegate]:688
                                    Delegate/SplitRoPEConcat      0.000      0.108      0.108     0.001%    11.409%      0.000              1   [Delegate]:689
                               Delegate/reshape -> transpose      0.000      0.062      0.062     0.000%    11.409%      0.000              1   [Delegate]:690
                                Delegate/add_values_to_cache      0.000      0.020      0.020     0.000%    11.410%      0.000              1   [Delegate]:691
                                            Delegate/reshape      0.000      0.185      0.185     0.001%    11.410%      0.000              1   [Delegate]:692
                 Delegate/weights_convert_float16_to_float16      0.000      0.027      0.027     0.000%    11.411%      0.000              1   [Delegate]:693
                          Delegate/convolution(conv_generic)      0.000      0.568      0.568     0.003%    11.413%      0.000              1   [Delegate]:694
                    Delegate/select_v2 -> maximum -> minimum      0.000      1.625      1.625     0.008%    11.421%      0.000              1   [Delegate]:695
                                   Delegate/softmax (reduce)      0.000      1.152      1.152     0.006%    11.427%      0.000              1   [Delegate]:696
                              Delegate/softmax (elementwise)      0.000      1.537      1.537     0.007%    11.434%      0.000              1   [Delegate]:697
                 Delegate/weights_convert_float16_to_float16      0.000      0.028      0.028     0.000%    11.434%      0.000              1   [Delegate]:698
                          Delegate/convolution(conv_generic)      0.000      0.521      0.521     0.003%    11.437%      0.000              1   [Delegate]:699
                    Delegate/reshape -> transpose -> reshape      0.000      0.180      0.180     0.001%    11.438%      0.000              1   [Delegate]:700
                   Delegate/weights_convert_uint4_to_float16      0.000      0.333      0.333     0.002%    11.439%      0.000              1   [Delegate]:701
                   Delegate/convolution(conv_generic) -> add      0.000      8.973      8.973     0.043%    11.482%      0.000              1   [Delegate]:702
                           Delegate/rms_normalization -> mul      0.000      0.308      0.308     0.001%    11.484%      0.000              1   [Delegate]:703
                   Delegate/weights_convert_uint4_to_float16      0.000      2.280      2.280     0.011%    11.495%      0.000              1   [Delegate]:704
                          Delegate/convolution(conv_generic)      0.000     52.895     52.895     0.255%    11.749%      0.000              1   [Delegate]:705
                    Delegate/strided_slice -> sigmoid -> mul      0.000      0.673      0.673     0.003%    11.753%      0.000              1   [Delegate]:706
                                      Delegate/strided_slice      0.000      0.671      0.671     0.003%    11.756%      0.000              1   [Delegate]:707
                                                Delegate/mul      0.000      0.984      0.984     0.005%    11.761%      0.000              1   [Delegate]:708
                   Delegate/weights_convert_uint4_to_float16      0.000      0.977      0.977     0.005%    11.765%      0.000              1   [Delegate]:709
                   Delegate/convolution(conv_generic) -> add      0.000     28.512     28.512     0.137%    11.903%      0.000              1   [Delegate]:710
                           Delegate/rms_normalization -> mul      0.000      0.302      0.302     0.001%    11.904%      0.000              1   [Delegate]:711
                   Delegate/weights_convert_uint4_to_float16      0.000      0.687      0.687     0.003%    11.907%      0.000              1   [Delegate]:712
                          Delegate/convolution(conv_generic)      0.000     17.149     17.149     0.083%    11.990%      0.000              1   [Delegate]:713
                                      Delegate/strided_slice      0.000      0.151      0.151     0.001%    11.991%      0.000              1   [Delegate]:714
                                      Delegate/strided_slice      0.000      0.066      0.066     0.000%    11.991%      0.000              1   [Delegate]:715
                                      Delegate/strided_slice      0.000      0.064      0.064     0.000%    11.991%      0.000              1   [Delegate]:716
                                            Delegate/reshape      0.000      0.255      0.255     0.001%    11.993%      0.000              1   [Delegate]:717
                           Delegate/rms_normalization -> mul      0.000      0.257      0.257     0.001%    11.994%      0.000              1   [Delegate]:718
                                          Delegate/transpose      0.000      0.770      0.770     0.004%    11.997%      0.000              1   [Delegate]:719
                                            Delegate/reshape      0.000      0.094      0.094     0.000%    11.998%      0.000              1   [Delegate]:720
                           Delegate/rms_normalization -> mul      0.000      0.103      0.103     0.000%    11.998%      0.000              1   [Delegate]:721
                                          Delegate/transpose      0.000      0.418      0.418     0.002%    12.000%      0.000              1   [Delegate]:722
                             Delegate/SplitRoPEConcat -> mul      0.000      0.213      0.213     0.001%    12.001%      0.000              1   [Delegate]:723
                                    Delegate/SplitRoPEConcat      0.000      0.097      0.097     0.000%    12.002%      0.000              1   [Delegate]:724
                               Delegate/reshape -> transpose      0.000      0.069      0.069     0.000%    12.002%      0.000              1   [Delegate]:725
                                Delegate/add_values_to_cache      0.000      0.020      0.020     0.000%    12.002%      0.000              1   [Delegate]:726
                                            Delegate/reshape      0.000      0.191      0.191     0.001%    12.003%      0.000              1   [Delegate]:727
                 Delegate/weights_convert_float16_to_float16      0.000      0.027      0.027     0.000%    12.003%      0.000              1   [Delegate]:728
                          Delegate/convolution(conv_generic)      0.000      0.570      0.570     0.003%    12.006%      0.000              1   [Delegate]:729
                    Delegate/select_v2 -> maximum -> minimum      0.000      1.611      1.611     0.008%    12.014%      0.000              1   [Delegate]:730
                                   Delegate/softmax (reduce)      0.000      1.145      1.145     0.006%    12.019%      0.000              1   [Delegate]:731
                              Delegate/softmax (elementwise)      0.000      1.566      1.566     0.008%    12.027%      0.000              1   [Delegate]:732
                 Delegate/weights_convert_float16_to_float16      0.000      0.028      0.028     0.000%    12.027%      0.000              1   [Delegate]:733
                          Delegate/convolution(conv_generic)      0.000      0.523      0.523     0.003%    12.030%      0.000              1   [Delegate]:734
                    Delegate/reshape -> transpose -> reshape      0.000      0.176      0.176     0.001%    12.030%      0.000              1   [Delegate]:735
                   Delegate/weights_convert_uint4_to_float16      0.000      0.336      0.336     0.002%    12.032%      0.000              1   [Delegate]:736
                   Delegate/convolution(conv_generic) -> add      0.000      9.002      9.002     0.043%    12.075%      0.000              1   [Delegate]:737
                           Delegate/rms_normalization -> mul      0.000      0.315      0.315     0.002%    12.077%      0.000              1   [Delegate]:738
                   Delegate/weights_convert_uint4_to_float16      0.000      2.228      2.228     0.011%    12.088%      0.000              1   [Delegate]:739
                          Delegate/convolution(conv_generic)      0.000     53.139     53.139     0.256%    12.343%      0.000              1   [Delegate]:740
                    Delegate/strided_slice -> sigmoid -> mul      0.000      0.672      0.672     0.003%    12.347%      0.000              1   [Delegate]:741
                                      Delegate/strided_slice      0.000      0.669      0.669     0.003%    12.350%      0.000              1   [Delegate]:742
                                                Delegate/mul      0.000      0.967      0.967     0.005%    12.355%      0.000              1   [Delegate]:743
                   Delegate/weights_convert_uint4_to_float16      0.000      1.038      1.038     0.005%    12.360%      0.000              1   [Delegate]:744
                   Delegate/convolution(conv_generic) -> add      0.000     28.651     28.651     0.138%    12.498%      0.000              1   [Delegate]:745
                           Delegate/rms_normalization -> mul      0.000      0.301      0.301     0.001%    12.499%      0.000              1   [Delegate]:746
                   Delegate/weights_convert_uint4_to_float16      0.000      0.676      0.676     0.003%    12.502%      0.000              1   [Delegate]:747
                          Delegate/convolution(conv_generic)      0.000     17.582     17.582     0.085%    12.587%      0.000              1   [Delegate]:748
                                      Delegate/strided_slice      0.000      0.151      0.151     0.001%    12.588%      0.000              1   [Delegate]:749
                                      Delegate/strided_slice      0.000      0.068      0.068     0.000%    12.588%      0.000              1   [Delegate]:750
                                      Delegate/strided_slice      0.000      0.065      0.065     0.000%    12.588%      0.000              1   [Delegate]:751
                                            Delegate/reshape      0.000      0.242      0.242     0.001%    12.589%      0.000              1   [Delegate]:752
                           Delegate/rms_normalization -> mul      0.000      0.273      0.273     0.001%    12.591%      0.000              1   [Delegate]:753
                                          Delegate/transpose      0.000      0.773      0.773     0.004%    12.594%      0.000              1   [Delegate]:754
                                            Delegate/reshape      0.000      0.092      0.092     0.000%    12.595%      0.000              1   [Delegate]:755
                           Delegate/rms_normalization -> mul      0.000      0.105      0.105     0.001%    12.595%      0.000              1   [Delegate]:756
                                          Delegate/transpose      0.000      0.367      0.367     0.002%    12.597%      0.000              1   [Delegate]:757
                             Delegate/SplitRoPEConcat -> mul      0.000      0.238      0.238     0.001%    12.598%      0.000              1   [Delegate]:758
                                    Delegate/SplitRoPEConcat      0.000      0.100      0.100     0.000%    12.599%      0.000              1   [Delegate]:759
                               Delegate/reshape -> transpose      0.000      0.072      0.072     0.000%    12.599%      0.000              1   [Delegate]:760
                                Delegate/add_values_to_cache      0.000      0.021      0.021     0.000%    12.599%      0.000              1   [Delegate]:761
                                            Delegate/reshape      0.000      0.191      0.191     0.001%    12.600%      0.000              1   [Delegate]:762
                 Delegate/weights_convert_float16_to_float16      0.000      0.027      0.027     0.000%    12.600%      0.000              1   [Delegate]:763
                          Delegate/convolution(conv_generic)      0.000      0.570      0.570     0.003%    12.603%      0.000              1   [Delegate]:764
                    Delegate/select_v2 -> maximum -> minimum      0.000      1.675      1.675     0.008%    12.611%      0.000              1   [Delegate]:765
                                   Delegate/softmax (reduce)      0.000      1.147      1.147     0.006%    12.617%      0.000              1   [Delegate]:766
                              Delegate/softmax (elementwise)      0.000      1.537      1.537     0.007%    12.624%      0.000              1   [Delegate]:767
                 Delegate/weights_convert_float16_to_float16      0.000      0.029      0.029     0.000%    12.624%      0.000              1   [Delegate]:768
                          Delegate/convolution(conv_generic)      0.000      0.541      0.541     0.003%    12.627%      0.000              1   [Delegate]:769
                    Delegate/reshape -> transpose -> reshape      0.000      0.177      0.177     0.001%    12.628%      0.000              1   [Delegate]:770
                   Delegate/weights_convert_uint4_to_float16      0.000      0.332      0.332     0.002%    12.629%      0.000              1   [Delegate]:771
                   Delegate/convolution(conv_generic) -> add      0.000      8.960      8.960     0.043%    12.672%      0.000              1   [Delegate]:772
                           Delegate/rms_normalization -> mul      0.000      0.312      0.312     0.002%    12.674%      0.000              1   [Delegate]:773
                   Delegate/weights_convert_uint4_to_float16      0.000      2.198      2.198     0.011%    12.684%      0.000              1   [Delegate]:774
                          Delegate/convolution(conv_generic)      0.000     52.823     52.823     0.254%    12.939%      0.000              1   [Delegate]:775
                    Delegate/strided_slice -> sigmoid -> mul      0.000      0.673      0.673     0.003%    12.942%      0.000              1   [Delegate]:776
                                      Delegate/strided_slice      0.000      0.672      0.672     0.003%    12.945%      0.000              1   [Delegate]:777
                                                Delegate/mul      0.000      0.861      0.861     0.004%    12.949%      0.000              1   [Delegate]:778
                   Delegate/weights_convert_uint4_to_float16      0.000      0.995      0.995     0.005%    12.954%      0.000              1   [Delegate]:779
                   Delegate/convolution(conv_generic) -> add      0.000     28.526     28.526     0.137%    13.091%      0.000              1   [Delegate]:780
                           Delegate/rms_normalization -> mul      0.000      0.308      0.308     0.001%    13.093%      0.000              1   [Delegate]:781
                   Delegate/weights_convert_uint4_to_float16      0.000      0.677      0.677     0.003%    13.096%      0.000              1   [Delegate]:782
                          Delegate/convolution(conv_generic)      0.000     17.163     17.163     0.083%    13.179%      0.000              1   [Delegate]:783
                                      Delegate/strided_slice      0.000      0.150      0.150     0.001%    13.180%      0.000              1   [Delegate]:784
                                      Delegate/strided_slice      0.000      0.069      0.069     0.000%    13.180%      0.000              1   [Delegate]:785
                                      Delegate/strided_slice      0.000      0.067      0.067     0.000%    13.180%      0.000              1   [Delegate]:786
                                            Delegate/reshape      0.000      0.262      0.262     0.001%    13.181%      0.000              1   [Delegate]:787
                           Delegate/rms_normalization -> mul      0.000      0.236      0.236     0.001%    13.183%      0.000              1   [Delegate]:788
                                          Delegate/transpose      0.000      0.826      0.826     0.004%    13.187%      0.000              1   [Delegate]:789
                                            Delegate/reshape      0.000      0.092      0.092     0.000%    13.187%      0.000              1   [Delegate]:790
                           Delegate/rms_normalization -> mul      0.000      0.104      0.104     0.001%    13.188%      0.000              1   [Delegate]:791
                                          Delegate/transpose      0.000      0.352      0.352     0.002%    13.189%      0.000              1   [Delegate]:792
                             Delegate/SplitRoPEConcat -> mul      0.000      0.233      0.233     0.001%    13.190%      0.000              1   [Delegate]:793
                                    Delegate/SplitRoPEConcat      0.000      0.097      0.097     0.000%    13.191%      0.000              1   [Delegate]:794
                               Delegate/reshape -> transpose      0.000      0.069      0.069     0.000%    13.191%      0.000              1   [Delegate]:795
                                Delegate/add_values_to_cache      0.000      0.020      0.020     0.000%    13.191%      0.000              1   [Delegate]:796
                                            Delegate/reshape      0.000      0.188      0.188     0.001%    13.192%      0.000              1   [Delegate]:797
                 Delegate/weights_convert_float16_to_float16      0.000      0.027      0.027     0.000%    13.192%      0.000              1   [Delegate]:798
                          Delegate/convolution(conv_generic)      0.000      0.568      0.568     0.003%    13.195%      0.000              1   [Delegate]:799
                    Delegate/select_v2 -> maximum -> minimum      0.000      1.603      1.603     0.008%    13.203%      0.000              1   [Delegate]:800
                                   Delegate/softmax (reduce)      0.000      1.134      1.134     0.005%    13.208%      0.000              1   [Delegate]:801
                              Delegate/softmax (elementwise)      0.000      1.538      1.538     0.007%    13.216%      0.000              1   [Delegate]:802
                 Delegate/weights_convert_float16_to_float16      0.000      0.028      0.028     0.000%    13.216%      0.000              1   [Delegate]:803
                          Delegate/convolution(conv_generic)      0.000      0.520      0.520     0.003%    13.218%      0.000              1   [Delegate]:804
                    Delegate/reshape -> transpose -> reshape      0.000      0.176      0.176     0.001%    13.219%      0.000              1   [Delegate]:805
                   Delegate/weights_convert_uint4_to_float16      0.000      0.334      0.334     0.002%    13.221%      0.000              1   [Delegate]:806
                   Delegate/convolution(conv_generic) -> add      0.000      8.995      8.995     0.043%    13.264%      0.000              1   [Delegate]:807
                           Delegate/rms_normalization -> mul      0.000      0.312      0.312     0.002%    13.265%      0.000              1   [Delegate]:808
                   Delegate/weights_convert_uint4_to_float16      0.000      2.215      2.215     0.011%    13.276%      0.000              1   [Delegate]:809
                          Delegate/convolution(conv_generic)      0.000     53.277     53.277     0.256%    13.533%      0.000              1   [Delegate]:810
                    Delegate/strided_slice -> sigmoid -> mul      0.000      0.671      0.671     0.003%    13.536%      0.000              1   [Delegate]:811
                                      Delegate/strided_slice      0.000      0.585      0.585     0.003%    13.539%      0.000              1   [Delegate]:812
                                                Delegate/mul      0.000      0.851      0.851     0.004%    13.543%      0.000              1   [Delegate]:813
                   Delegate/weights_convert_uint4_to_float16      0.000      0.997      0.997     0.005%    13.548%      0.000              1   [Delegate]:814
                   Delegate/convolution(conv_generic) -> add      0.000     28.585     28.585     0.138%    13.685%      0.000              1   [Delegate]:815
                           Delegate/rms_normalization -> mul      0.000      0.305      0.305     0.001%    13.687%      0.000              1   [Delegate]:816
                   Delegate/weights_convert_uint4_to_float16      0.000      0.672      0.672     0.003%    13.690%      0.000              1   [Delegate]:817
                          Delegate/convolution(conv_generic)      0.000     17.137     17.137     0.083%    13.772%      0.000              1   [Delegate]:818
                                      Delegate/strided_slice      0.000      0.151      0.151     0.001%    13.773%      0.000              1   [Delegate]:819
                                      Delegate/strided_slice      0.000      0.068      0.068     0.000%    13.773%      0.000              1   [Delegate]:820
                                      Delegate/strided_slice      0.000      0.067      0.067     0.000%    13.774%      0.000              1   [Delegate]:821
                                            Delegate/reshape      0.000      0.263      0.263     0.001%    13.775%      0.000              1   [Delegate]:822
                           Delegate/rms_normalization -> mul      0.000      0.273      0.273     0.001%    13.776%      0.000              1   [Delegate]:823
                                          Delegate/transpose      0.000      0.769      0.769     0.004%    13.780%      0.000              1   [Delegate]:824
                                            Delegate/reshape      0.000      0.092      0.092     0.000%    13.780%      0.000              1   [Delegate]:825
                           Delegate/rms_normalization -> mul      0.000      0.102      0.102     0.000%    13.781%      0.000              1   [Delegate]:826
                                          Delegate/transpose      0.000      0.392      0.392     0.002%    13.783%      0.000              1   [Delegate]:827
                             Delegate/SplitRoPEConcat -> mul      0.000      0.216      0.216     0.001%    13.784%      0.000              1   [Delegate]:828
                                    Delegate/SplitRoPEConcat      0.000      0.108      0.108     0.001%    13.784%      0.000              1   [Delegate]:829
                               Delegate/reshape -> transpose      0.000      0.062      0.062     0.000%    13.785%      0.000              1   [Delegate]:830
                                Delegate/add_values_to_cache      0.000      0.020      0.020     0.000%    13.785%      0.000              1   [Delegate]:831
                                            Delegate/reshape      0.000      0.191      0.191     0.001%    13.786%      0.000              1   [Delegate]:832
                 Delegate/weights_convert_float16_to_float16      0.000      0.027      0.027     0.000%    13.786%      0.000              1   [Delegate]:833
                          Delegate/convolution(conv_generic)      0.000      0.574      0.574     0.003%    13.789%      0.000              1   [Delegate]:834
                    Delegate/select_v2 -> maximum -> minimum      0.000      1.603      1.603     0.008%    13.796%      0.000              1   [Delegate]:835
                                   Delegate/softmax (reduce)      0.000      1.167      1.167     0.006%    13.802%      0.000              1   [Delegate]:836
                              Delegate/softmax (elementwise)      0.000      1.544      1.544     0.007%    13.809%      0.000              1   [Delegate]:837
                 Delegate/weights_convert_float16_to_float16      0.000      0.028      0.028     0.000%    13.810%      0.000              1   [Delegate]:838
                          Delegate/convolution(conv_generic)      0.000      0.522      0.522     0.003%    13.812%      0.000              1   [Delegate]:839
                    Delegate/reshape -> transpose -> reshape      0.000      0.176      0.176     0.001%    13.813%      0.000              1   [Delegate]:840
                   Delegate/weights_convert_uint4_to_float16      0.000      0.333      0.333     0.002%    13.814%      0.000              1   [Delegate]:841
                   Delegate/convolution(conv_generic) -> add      0.000      9.004      9.004     0.043%    13.858%      0.000              1   [Delegate]:842
                           Delegate/rms_normalization -> mul      0.000      0.311      0.311     0.001%    13.859%      0.000              1   [Delegate]:843
                   Delegate/weights_convert_uint4_to_float16      0.000      2.203      2.203     0.011%    13.870%      0.000              1   [Delegate]:844
                          Delegate/convolution(conv_generic)      0.000     53.229     53.229     0.256%    14.126%      0.000              1   [Delegate]:845
                    Delegate/strided_slice -> sigmoid -> mul      0.000      0.677      0.677     0.003%    14.129%      0.000              1   [Delegate]:846
                                      Delegate/strided_slice      0.000      0.624      0.624     0.003%    14.132%      0.000              1   [Delegate]:847
                                                Delegate/mul      0.000      0.852      0.852     0.004%    14.137%      0.000              1   [Delegate]:848
                   Delegate/weights_convert_uint4_to_float16      0.000      1.001      1.001     0.005%    14.141%      0.000              1   [Delegate]:849
                   Delegate/convolution(conv_generic) -> add      0.000     28.581     28.581     0.138%    14.279%      0.000              1   [Delegate]:850
                           Delegate/rms_normalization -> mul      0.000      0.299      0.299     0.001%    14.280%      0.000              1   [Delegate]:851
                   Delegate/weights_convert_uint4_to_float16      0.000      0.685      0.685     0.003%    14.284%      0.000              1   [Delegate]:852
                          Delegate/convolution(conv_generic)      0.000     17.167     17.167     0.083%    14.366%      0.000              1   [Delegate]:853
                                      Delegate/strided_slice      0.000      0.152      0.152     0.001%    14.367%      0.000              1   [Delegate]:854
                                      Delegate/strided_slice      0.000      0.069      0.069     0.000%    14.367%      0.000              1   [Delegate]:855
                                      Delegate/strided_slice      0.000      0.064      0.064     0.000%    14.368%      0.000              1   [Delegate]:856
                                            Delegate/reshape      0.000      0.276      0.276     0.001%    14.369%      0.000              1   [Delegate]:857
                           Delegate/rms_normalization -> mul      0.000      0.242      0.242     0.001%    14.370%      0.000              1   [Delegate]:858
                                          Delegate/transpose      0.000      0.790      0.790     0.004%    14.374%      0.000              1   [Delegate]:859
                                            Delegate/reshape      0.000      0.094      0.094     0.000%    14.374%      0.000              1   [Delegate]:860
                           Delegate/rms_normalization -> mul      0.000      0.100      0.100     0.000%    14.375%      0.000              1   [Delegate]:861
                                          Delegate/transpose      0.000      0.423      0.423     0.002%    14.377%      0.000              1   [Delegate]:862
                             Delegate/SplitRoPEConcat -> mul      0.000      0.212      0.212     0.001%    14.378%      0.000              1   [Delegate]:863
                                    Delegate/SplitRoPEConcat      0.000      0.097      0.097     0.000%    14.378%      0.000              1   [Delegate]:864
                               Delegate/reshape -> transpose      0.000      0.069      0.069     0.000%    14.379%      0.000              1   [Delegate]:865
                                Delegate/add_values_to_cache      0.000      0.020      0.020     0.000%    14.379%      0.000              1   [Delegate]:866
                                            Delegate/reshape      0.000      0.194      0.194     0.001%    14.380%      0.000              1   [Delegate]:867
                 Delegate/weights_convert_float16_to_float16      0.000      0.027      0.027     0.000%    14.380%      0.000              1   [Delegate]:868
                          Delegate/convolution(conv_generic)      0.000      0.568      0.568     0.003%    14.383%      0.000              1   [Delegate]:869
                    Delegate/select_v2 -> maximum -> minimum      0.000      1.632      1.632     0.008%    14.391%      0.000              1   [Delegate]:870
                                   Delegate/softmax (reduce)      0.000      1.181      1.181     0.006%    14.396%      0.000              1   [Delegate]:871
                              Delegate/softmax (elementwise)      0.000      1.540      1.540     0.007%    14.404%      0.000              1   [Delegate]:872
                 Delegate/weights_convert_float16_to_float16      0.000      0.028      0.028     0.000%    14.404%      0.000              1   [Delegate]:873
                          Delegate/convolution(conv_generic)      0.000      0.523      0.523     0.003%    14.406%      0.000              1   [Delegate]:874
                    Delegate/reshape -> transpose -> reshape      0.000      0.185      0.185     0.001%    14.407%      0.000              1   [Delegate]:875
                   Delegate/weights_convert_uint4_to_float16      0.000      0.337      0.337     0.002%    14.409%      0.000              1   [Delegate]:876
                   Delegate/convolution(conv_generic) -> add      0.000      8.986      8.986     0.043%    14.452%      0.000              1   [Delegate]:877
                           Delegate/rms_normalization -> mul      0.000      0.311      0.311     0.001%    14.454%      0.000              1   [Delegate]:878
                   Delegate/weights_convert_uint4_to_float16      0.000      2.269      2.269     0.011%    14.465%      0.000              1   [Delegate]:879
                          Delegate/convolution(conv_generic)      0.000     53.220     53.220     0.256%    14.721%      0.000              1   [Delegate]:880
                    Delegate/strided_slice -> sigmoid -> mul      0.000      0.675      0.675     0.003%    14.724%      0.000              1   [Delegate]:881
                                      Delegate/strided_slice      0.000      0.674      0.674     0.003%    14.727%      0.000              1   [Delegate]:882
                                                Delegate/mul      0.000      0.893      0.893     0.004%    14.732%      0.000              1   [Delegate]:883
                   Delegate/weights_convert_uint4_to_float16      0.000      1.004      1.004     0.005%    14.736%      0.000              1   [Delegate]:884
                   Delegate/convolution(conv_generic) -> add      0.000     28.593     28.593     0.138%    14.874%      0.000              1   [Delegate]:885
                           Delegate/rms_normalization -> mul      0.000      0.302      0.302     0.001%    14.875%      0.000              1   [Delegate]:886
                   Delegate/weights_convert_uint4_to_float16      0.000      0.672      0.672     0.003%    14.879%      0.000              1   [Delegate]:887
                          Delegate/convolution(conv_generic)      0.000     17.188     17.188     0.083%    14.961%      0.000              1   [Delegate]:888
                                      Delegate/strided_slice      0.000      0.156      0.156     0.001%    14.962%      0.000              1   [Delegate]:889
                                      Delegate/strided_slice      0.000      0.063      0.063     0.000%    14.962%      0.000              1   [Delegate]:890
                                      Delegate/strided_slice      0.000      0.061      0.061     0.000%    14.963%      0.000              1   [Delegate]:891
                                            Delegate/reshape      0.000      0.220      0.220     0.001%    14.964%      0.000              1   [Delegate]:892
                           Delegate/rms_normalization -> mul      0.000      0.235      0.235     0.001%    14.965%      0.000              1   [Delegate]:893
                                          Delegate/transpose      0.000      0.764      0.764     0.004%    14.969%      0.000              1   [Delegate]:894
                                            Delegate/reshape      0.000      0.093      0.093     0.000%    14.969%      0.000              1   [Delegate]:895
                           Delegate/rms_normalization -> mul      0.000      0.092      0.092     0.000%    14.970%      0.000              1   [Delegate]:896
                                          Delegate/transpose      0.000      0.335      0.335     0.002%    14.971%      0.000              1   [Delegate]:897
                             Delegate/SplitRoPEConcat -> mul      0.000      0.215      0.215     0.001%    14.972%      0.000              1   [Delegate]:898
                                    Delegate/SplitRoPEConcat      0.000      0.097      0.097     0.000%    14.973%      0.000              1   [Delegate]:899
                               Delegate/reshape -> transpose      0.000      0.062      0.062     0.000%    14.973%      0.000              1   [Delegate]:900
                                Delegate/add_values_to_cache      0.000      0.020      0.020     0.000%    14.973%      0.000              1   [Delegate]:901
                                            Delegate/reshape      0.000      0.162      0.162     0.001%    14.974%      0.000              1   [Delegate]:902
                 Delegate/weights_convert_float16_to_float16      0.000      0.027      0.027     0.000%    14.974%      0.000              1   [Delegate]:903
                          Delegate/convolution(conv_generic)      0.000      0.556      0.556     0.003%    14.977%      0.000              1   [Delegate]:904
                    Delegate/select_v2 -> maximum -> minimum      0.000      1.610      1.610     0.008%    14.984%      0.000              1   [Delegate]:905
                                   Delegate/softmax (reduce)      0.000      1.160      1.160     0.006%    14.990%      0.000              1   [Delegate]:906
                              Delegate/softmax (elementwise)      0.000      1.552      1.552     0.007%    14.997%      0.000              1   [Delegate]:907
                 Delegate/weights_convert_float16_to_float16      0.000      0.028      0.028     0.000%    14.998%      0.000              1   [Delegate]:908
                          Delegate/convolution(conv_generic)      0.000      0.513      0.513     0.002%    15.000%      0.000              1   [Delegate]:909
                    Delegate/reshape -> transpose -> reshape      0.000      0.175      0.175     0.001%    15.001%      0.000              1   [Delegate]:910
                   Delegate/weights_convert_uint4_to_float16      0.000      0.329      0.329     0.002%    15.002%      0.000              1   [Delegate]:911
                   Delegate/convolution(conv_generic) -> add      0.000      8.898      8.898     0.043%    15.045%      0.000              1   [Delegate]:912
                           Delegate/rms_normalization -> mul      0.000      0.312      0.312     0.002%    15.047%      0.000              1   [Delegate]:913
                   Delegate/weights_convert_uint4_to_float16      0.000      2.175      2.175     0.010%    15.057%      0.000              1   [Delegate]:914
                          Delegate/convolution(conv_generic)      0.000     53.191     53.191     0.256%    15.313%      0.000              1   [Delegate]:915
                    Delegate/strided_slice -> sigmoid -> mul      0.000      0.672      0.672     0.003%    15.317%      0.000              1   [Delegate]:916
                                      Delegate/strided_slice      0.000      0.672      0.672     0.003%    15.320%      0.000              1   [Delegate]:917
                                                Delegate/mul      0.000      0.977      0.977     0.005%    15.325%      0.000              1   [Delegate]:918
                   Delegate/weights_convert_uint4_to_float16      0.000      0.990      0.990     0.005%    15.329%      0.000              1   [Delegate]:919
                   Delegate/convolution(conv_generic) -> add      0.000     28.509     28.509     0.137%    15.467%      0.000              1   [Delegate]:920
                           Delegate/rms_normalization -> mul      0.000      0.298      0.298     0.001%    15.468%      0.000              1   [Delegate]:921
                   Delegate/weights_convert_uint4_to_float16      0.000      0.659      0.659     0.003%    15.471%      0.000              1   [Delegate]:922
                          Delegate/convolution(conv_generic)      0.000     17.160     17.160     0.083%    15.554%      0.000              1   [Delegate]:923
                                      Delegate/strided_slice      0.000      0.151      0.151     0.001%    15.554%      0.000              1   [Delegate]:924
                                      Delegate/strided_slice      0.000      0.062      0.062     0.000%    15.555%      0.000              1   [Delegate]:925
                                      Delegate/strided_slice      0.000      0.061      0.061     0.000%    15.555%      0.000              1   [Delegate]:926
                                            Delegate/reshape      0.000      0.217      0.217     0.001%    15.556%      0.000              1   [Delegate]:927
                           Delegate/rms_normalization -> mul      0.000      0.234      0.234     0.001%    15.557%      0.000              1   [Delegate]:928
                                          Delegate/transpose      0.000      0.770      0.770     0.004%    15.561%      0.000              1   [Delegate]:929
                                            Delegate/reshape      0.000      0.093      0.093     0.000%    15.561%      0.000              1   [Delegate]:930
                           Delegate/rms_normalization -> mul      0.000      0.091      0.091     0.000%    15.562%      0.000              1   [Delegate]:931
                                          Delegate/transpose      0.000      0.332      0.332     0.002%    15.563%      0.000              1   [Delegate]:932
                             Delegate/SplitRoPEConcat -> mul      0.000      0.217      0.217     0.001%    15.564%      0.000              1   [Delegate]:933
                                    Delegate/SplitRoPEConcat      0.000      0.097      0.097     0.000%    15.565%      0.000              1   [Delegate]:934
                               Delegate/reshape -> transpose      0.000      0.062      0.062     0.000%    15.565%      0.000              1   [Delegate]:935
                                Delegate/add_values_to_cache      0.000      0.020      0.020     0.000%    15.565%      0.000              1   [Delegate]:936
                                            Delegate/reshape      0.000      0.164      0.164     0.001%    15.566%      0.000              1   [Delegate]:937
                 Delegate/weights_convert_float16_to_float16      0.000      0.027      0.027     0.000%    15.566%      0.000              1   [Delegate]:938
                          Delegate/convolution(conv_generic)      0.000      0.555      0.555     0.003%    15.569%      0.000              1   [Delegate]:939
                    Delegate/select_v2 -> maximum -> minimum      0.000      1.611      1.611     0.008%    15.577%      0.000              1   [Delegate]:940
                                   Delegate/softmax (reduce)      0.000      1.157      1.157     0.006%    15.582%      0.000              1   [Delegate]:941
                              Delegate/softmax (elementwise)      0.000      1.539      1.539     0.007%    15.590%      0.000              1   [Delegate]:942
                 Delegate/weights_convert_float16_to_float16      0.000      0.028      0.028     0.000%    15.590%      0.000              1   [Delegate]:943
                          Delegate/convolution(conv_generic)      0.000      0.512      0.512     0.002%    15.592%      0.000              1   [Delegate]:944
                    Delegate/reshape -> transpose -> reshape      0.000      0.175      0.175     0.001%    15.593%      0.000              1   [Delegate]:945
                   Delegate/weights_convert_uint4_to_float16      0.000      0.332      0.332     0.002%    15.595%      0.000              1   [Delegate]:946
                   Delegate/convolution(conv_generic) -> add      0.000      8.906      8.906     0.043%    15.638%      0.000              1   [Delegate]:947
                           Delegate/rms_normalization -> mul      0.000      0.312      0.312     0.002%    15.639%      0.000              1   [Delegate]:948
                   Delegate/weights_convert_uint4_to_float16      0.000      2.177      2.177     0.010%    15.650%      0.000              1   [Delegate]:949
                          Delegate/convolution(conv_generic)      0.000     52.669     52.669     0.254%    15.903%      0.000              1   [Delegate]:950
                    Delegate/strided_slice -> sigmoid -> mul      0.000      0.585      0.585     0.003%    15.906%      0.000              1   [Delegate]:951
                                      Delegate/strided_slice      0.000      0.584      0.584     0.003%    15.909%      0.000              1   [Delegate]:952
                                                Delegate/mul      0.000      0.849      0.849     0.004%    15.913%      0.000              1   [Delegate]:953
                   Delegate/weights_convert_uint4_to_float16      0.000      0.977      0.977     0.005%    15.918%      0.000              1   [Delegate]:954
                   Delegate/convolution(conv_generic) -> add      0.000     28.530     28.530     0.137%    16.055%      0.000              1   [Delegate]:955
                           Delegate/rms_normalization -> mul      0.000      0.299      0.299     0.001%    16.056%      0.000              1   [Delegate]:956
                   Delegate/weights_convert_uint4_to_float16      0.000      0.659      0.659     0.003%    16.060%      0.000              1   [Delegate]:957
                          Delegate/convolution(conv_generic)      0.000     17.154     17.154     0.083%    16.142%      0.000              1   [Delegate]:958
                                      Delegate/strided_slice      0.000      0.151      0.151     0.001%    16.143%      0.000              1   [Delegate]:959
                                      Delegate/strided_slice      0.000      0.062      0.062     0.000%    16.143%      0.000              1   [Delegate]:960
                                      Delegate/strided_slice      0.000      0.061      0.061     0.000%    16.143%      0.000              1   [Delegate]:961
                                            Delegate/reshape      0.000      0.217      0.217     0.001%    16.144%      0.000              1   [Delegate]:962
                           Delegate/rms_normalization -> mul      0.000      0.234      0.234     0.001%    16.146%      0.000              1   [Delegate]:963
                                          Delegate/transpose      0.000      0.768      0.768     0.004%    16.149%      0.000              1   [Delegate]:964
                                            Delegate/reshape      0.000      0.095      0.095     0.000%    16.150%      0.000              1   [Delegate]:965
                           Delegate/rms_normalization -> mul      0.000      0.092      0.092     0.000%    16.150%      0.000              1   [Delegate]:966
                                          Delegate/transpose      0.000      0.333      0.333     0.002%    16.152%      0.000              1   [Delegate]:967
                             Delegate/SplitRoPEConcat -> mul      0.000      0.214      0.214     0.001%    16.153%      0.000              1   [Delegate]:968
                                    Delegate/SplitRoPEConcat      0.000      0.097      0.097     0.000%    16.153%      0.000              1   [Delegate]:969
                               Delegate/reshape -> transpose      0.000      0.062      0.062     0.000%    16.154%      0.000              1   [Delegate]:970
                                Delegate/add_values_to_cache      0.000      0.019      0.019     0.000%    16.154%      0.000              1   [Delegate]:971
                                            Delegate/reshape      0.000      0.164      0.164     0.001%    16.154%      0.000              1   [Delegate]:972
                 Delegate/weights_convert_float16_to_float16      0.000      0.027      0.027     0.000%    16.155%      0.000              1   [Delegate]:973
                          Delegate/convolution(conv_generic)      0.000      0.555      0.555     0.003%    16.157%      0.000              1   [Delegate]:974
                    Delegate/select_v2 -> maximum -> minimum      0.000      1.631      1.631     0.008%    16.165%      0.000              1   [Delegate]:975
                                   Delegate/softmax (reduce)      0.000      1.183      1.183     0.006%    16.171%      0.000              1   [Delegate]:976
                              Delegate/softmax (elementwise)      0.000      1.583      1.583     0.008%    16.178%      0.000              1   [Delegate]:977
                 Delegate/weights_convert_float16_to_float16      0.000      0.028      0.028     0.000%    16.179%      0.000              1   [Delegate]:978
                          Delegate/convolution(conv_generic)      0.000      0.514      0.514     0.002%    16.181%      0.000              1   [Delegate]:979
                    Delegate/reshape -> transpose -> reshape      0.000      0.179      0.179     0.001%    16.182%      0.000              1   [Delegate]:980
                   Delegate/weights_convert_uint4_to_float16      0.000      0.339      0.339     0.002%    16.184%      0.000              1   [Delegate]:981
                   Delegate/convolution(conv_generic) -> add      0.000      8.890      8.890     0.043%    16.226%      0.000              1   [Delegate]:982
                           Delegate/rms_normalization -> mul      0.000      0.319      0.319     0.002%    16.228%      0.000              1   [Delegate]:983
                   Delegate/weights_convert_uint4_to_float16      0.000      2.170      2.170     0.010%    16.238%      0.000              1   [Delegate]:984
                          Delegate/convolution(conv_generic)      0.000     52.640     52.640     0.253%    16.492%      0.000              1   [Delegate]:985
                    Delegate/strided_slice -> sigmoid -> mul      0.000      0.661      0.661     0.003%    16.495%      0.000              1   [Delegate]:986
                                      Delegate/strided_slice      0.000      0.689      0.689     0.003%    16.498%      0.000              1   [Delegate]:987
                                                Delegate/mul      0.000      0.997      0.997     0.005%    16.503%      0.000              1   [Delegate]:988
                   Delegate/weights_convert_uint4_to_float16      0.000      1.022      1.022     0.005%    16.508%      0.000              1   [Delegate]:989
                   Delegate/convolution(conv_generic) -> add      0.000     28.532     28.532     0.137%    16.645%      0.000              1   [Delegate]:990
                           Delegate/rms_normalization -> mul      0.000      0.297      0.297     0.001%    16.647%      0.000              1   [Delegate]:991
                                      Delegate/strided_slice      0.000      0.008      0.008     0.000%    16.647%      0.000              1   [Delegate]:992
                                 Delegate/fc1x1_int4_weights      0.000      4.974      4.974     0.024%    16.671%      0.000              1   [Delegate]:993
           Delegate/DownloadGpuMemoryToTensorBufferGpuMemory      0.000      4.533      4.533     0.022%    16.693%      0.000              1   [Delegate]:0
                           Delegate/UploadOrBindTensorBuffer      0.000      7.870      5.147     6.343%    23.036%      0.000            256   [Delegate]:0
                                   Delegate/embedding_lookup      0.000      0.034      0.029     0.036%    23.072%      0.000            256   [Delegate]:0
                           Delegate/rms_normalization -> mul      0.000      0.015      0.014     0.018%    23.089%      0.000            256   [Delegate]:1
                                 Delegate/fc1x1_int4_weights      0.000      0.264      0.235     0.289%    23.378%      0.000            256   [Delegate]:2
                                      Delegate/strided_slice      0.000      0.008      0.008     0.010%    23.388%      0.000            256   [Delegate]:3
                                      Delegate/strided_slice      0.000      0.007      0.007     0.009%    23.397%      0.000            256   [Delegate]:4
                                      Delegate/strided_slice      0.000      0.009      0.007     0.009%    23.406%      0.000            256   [Delegate]:5
                                            Delegate/reshape      0.000      0.010      0.008     0.010%    23.416%      0.000            256   [Delegate]:6
                           Delegate/rms_normalization -> mul      0.000      0.015      0.012     0.015%    23.430%      0.000            256   [Delegate]:7
                                            Delegate/reshape      0.000      0.012      0.010     0.013%    23.443%      0.000            256   [Delegate]:8
                                            Delegate/reshape      0.000      0.010      0.009     0.011%    23.454%      0.000            256   [Delegate]:9
                           Delegate/rms_normalization -> mul      0.000      0.014      0.012     0.015%    23.469%      0.000            256   [Delegate]:10
                                            Delegate/reshape      0.000      0.011      0.010     0.012%    23.481%      0.000            256   [Delegate]:11
                             Delegate/SplitRoPEConcat -> mul      0.000      0.020      0.017     0.020%    23.501%      0.000            256   [Delegate]:12
                                    Delegate/SplitRoPEConcat      0.000      0.018      0.015     0.018%    23.519%      0.000            256   [Delegate]:13
                                       Delegate/concat_batch      0.000      0.010      0.009     0.012%    23.531%      0.000            256   [Delegate]:14
                                       Delegate/concat_batch      0.000      0.010      0.009     0.012%    23.542%      0.000            256   [Delegate]:15
                                            Delegate/reshape      0.000      0.011      0.010     0.012%    23.554%      0.000            256   [Delegate]:16
                                Delegate/add_values_to_cache      0.000      0.013      0.011     0.013%    23.567%      0.000            256   [Delegate]:17
                                            Delegate/reshape      0.000      0.012      0.010     0.012%    23.580%      0.000            256   [Delegate]:18
                                               Delegate/cast      0.000      0.011      0.010     0.012%    23.592%      0.000            256   [Delegate]:19
                                               Delegate/copy      0.000      0.010      0.009     0.011%    23.602%      0.000            256   [Delegate]:20
                         Delegate/concat_height -> not_equal      0.000      0.013      0.012     0.015%    23.617%      0.000            256   [Delegate]:21
                                            Delegate/reshape      0.000      0.015      0.011     0.013%    23.630%      0.000            256   [Delegate]:22
                                    Delegate/fully_connected      0.000      0.025      0.028     0.034%    23.664%      0.000            256   [Delegate]:23
                    Delegate/select_v2 -> maximum -> minimum      0.000      0.024      0.017     0.021%    23.684%      0.000            256   [Delegate]:24
                                            Delegate/softmax      0.000      0.040      0.024     0.030%    23.714%      0.000            256   [Delegate]:25
                                    Delegate/fully_connected      0.000      0.025      0.025     0.030%    23.745%      0.000            256   [Delegate]:26
                                            Delegate/reshape      0.000      0.015      0.010     0.012%    23.757%      0.000            256   [Delegate]:27
                          Delegate/fc1x1_int4_weights -> add      0.000      0.167      0.074     0.091%    23.848%      0.000            256   [Delegate]:28
                           Delegate/rms_normalization -> mul      0.000      0.022      0.014     0.018%    23.866%      0.000            256   [Delegate]:29
                                 Delegate/fc1x1_int4_weights      0.000      0.893      0.850     1.047%    24.913%      0.000            256   [Delegate]:30
                    Delegate/strided_slice -> sigmoid -> mul      0.000      0.016      0.013     0.016%    24.929%      0.000            256   [Delegate]:31
                                      Delegate/strided_slice      0.000      0.013      0.011     0.014%    24.942%      0.000            256   [Delegate]:32
                                                Delegate/mul      0.000      0.016      0.013     0.016%    24.958%      0.000            256   [Delegate]:33
                          Delegate/fc1x1_int4_weights -> add      0.000      0.393      0.406     0.501%    25.459%      0.000            256   [Delegate]:34
                           Delegate/rms_normalization -> mul      0.000      0.018      0.014     0.018%    25.476%      0.000            256   [Delegate]:35
                                 Delegate/fc1x1_int4_weights      0.000      0.246      0.288     0.355%    25.831%      0.000            256   [Delegate]:36
                                      Delegate/strided_slice      0.000      0.010      0.009     0.011%    25.842%      0.000            256   [Delegate]:37
                                      Delegate/strided_slice      0.000      0.008      0.007     0.009%    25.851%      0.000            256   [Delegate]:38
                                      Delegate/strided_slice      0.000      0.008      0.007     0.009%    25.860%      0.000            256   [Delegate]:39
                                            Delegate/reshape      0.000      0.009      0.008     0.010%    25.870%      0.000            256   [Delegate]:40
                           Delegate/rms_normalization -> mul      0.000      0.015      0.012     0.015%    25.885%      0.000            256   [Delegate]:41
                                            Delegate/reshape      0.000      0.011      0.010     0.012%    25.896%      0.000            256   [Delegate]:42
                                            Delegate/reshape      0.000      0.009      0.008     0.010%    25.906%      0.000            256   [Delegate]:43
                           Delegate/rms_normalization -> mul      0.000      0.013      0.011     0.013%    25.919%      0.000            256   [Delegate]:44
                                            Delegate/reshape      0.000      0.010      0.008     0.010%    25.929%      0.000            256   [Delegate]:45
                             Delegate/SplitRoPEConcat -> mul      0.000      0.024      0.015     0.019%    25.948%      0.000            256   [Delegate]:46
                                    Delegate/SplitRoPEConcat      0.000      0.022      0.014     0.018%    25.966%      0.000            256   [Delegate]:47
                                            Delegate/reshape      0.000      0.010      0.008     0.010%    25.976%      0.000            256   [Delegate]:48
                                Delegate/add_values_to_cache      0.000      0.012      0.009     0.012%    25.988%      0.000            256   [Delegate]:49
                                            Delegate/reshape      0.000      0.011      0.009     0.011%    25.998%      0.000            256   [Delegate]:50
                                    Delegate/fully_connected      0.000      0.023      0.026     0.032%    26.030%      0.000            256   [Delegate]:51
                    Delegate/select_v2 -> maximum -> minimum      0.000      0.021      0.016     0.020%    26.049%      0.000            256   [Delegate]:52
                                            Delegate/softmax      0.000      0.039      0.024     0.029%    26.079%      0.000            256   [Delegate]:53
                                    Delegate/fully_connected      0.000      0.024      0.024     0.030%    26.109%      0.000            256   [Delegate]:54
                                            Delegate/reshape      0.000      0.009      0.010     0.012%    26.121%      0.000            256   [Delegate]:55
                          Delegate/fc1x1_int4_weights -> add      0.000      0.066      0.071     0.087%    26.208%      0.000            256   [Delegate]:56
                           Delegate/rms_normalization -> mul      0.000      0.013      0.015     0.018%    26.226%      0.000            256   [Delegate]:57
                                 Delegate/fc1x1_int4_weights      0.000      0.722      0.823     1.014%    27.240%      0.000            256   [Delegate]:58
                    Delegate/strided_slice -> sigmoid -> mul      0.000      0.014      0.013     0.016%    27.255%      0.000            256   [Delegate]:59
                                      Delegate/strided_slice      0.000      0.012      0.011     0.014%    27.269%      0.000            256   [Delegate]:60
                                                Delegate/mul      0.000      0.013      0.013     0.016%    27.284%      0.000            256   [Delegate]:61
                          Delegate/fc1x1_int4_weights -> add      0.000      0.375      0.402     0.496%    27.780%      0.000            256   [Delegate]:62
                           Delegate/rms_normalization -> mul      0.000      0.019      0.014     0.018%    27.798%      0.000            256   [Delegate]:63
                                 Delegate/fc1x1_int4_weights      0.000      0.316      0.226     0.279%    28.077%      0.000            256   [Delegate]:64
                                      Delegate/strided_slice      0.000      0.010      0.009     0.011%    28.088%      0.000            256   [Delegate]:65
                                      Delegate/strided_slice      0.000      0.008      0.007     0.009%    28.097%      0.000            256   [Delegate]:66
                                      Delegate/strided_slice      0.000      0.008      0.007     0.009%    28.106%      0.000            256   [Delegate]:67
                                            Delegate/reshape      0.000      0.009      0.008     0.010%    28.116%      0.000            256   [Delegate]:68
                           Delegate/rms_normalization -> mul      0.000      0.014      0.012     0.015%    28.130%      0.000            256   [Delegate]:69
                                            Delegate/reshape      0.000      0.010      0.010     0.012%    28.142%      0.000            256   [Delegate]:70
                                            Delegate/reshape      0.000      0.008      0.008     0.010%    28.152%      0.000            256   [Delegate]:71
                           Delegate/rms_normalization -> mul      0.000      0.011      0.011     0.013%    28.165%      0.000            256   [Delegate]:72
                                            Delegate/reshape      0.000      0.008      0.008     0.010%    28.175%      0.000            256   [Delegate]:73
                             Delegate/SplitRoPEConcat -> mul      0.000      0.017      0.015     0.019%    28.194%      0.000            256   [Delegate]:74
                                    Delegate/SplitRoPEConcat      0.000      0.015      0.014     0.018%    28.212%      0.000            256   [Delegate]:75
                                            Delegate/reshape      0.000      0.008      0.008     0.010%    28.222%      0.000            256   [Delegate]:76
                                Delegate/add_values_to_cache      0.000      0.010      0.009     0.012%    28.234%      0.000            256   [Delegate]:77
                                            Delegate/reshape      0.000      0.009      0.009     0.011%    28.244%      0.000            256   [Delegate]:78
                                    Delegate/fully_connected      0.000      0.021      0.026     0.032%    28.276%      0.000            256   [Delegate]:79
                    Delegate/select_v2 -> maximum -> minimum      0.000      0.019      0.016     0.020%    28.296%      0.000            256   [Delegate]:80
                                            Delegate/softmax      0.000      0.037      0.024     0.030%    28.326%      0.000            256   [Delegate]:81
                                    Delegate/fully_connected      0.000      0.023      0.024     0.029%    28.355%      0.000            256   [Delegate]:82
                                            Delegate/reshape      0.000      0.012      0.010     0.012%    28.367%      0.000            256   [Delegate]:83
                          Delegate/fc1x1_int4_weights -> add      0.000      0.145      0.072     0.088%    28.456%      0.000            256   [Delegate]:84
                           Delegate/rms_normalization -> mul      0.000      0.019      0.015     0.018%    28.474%      0.000            256   [Delegate]:85
                                 Delegate/fc1x1_int4_weights      0.000      0.815      0.820     1.010%    29.484%      0.000            256   [Delegate]:86
                    Delegate/strided_slice -> sigmoid -> mul      0.000      0.016      0.013     0.016%    29.500%      0.000            256   [Delegate]:87
                                      Delegate/strided_slice      0.000      0.013      0.011     0.014%    29.514%      0.000            256   [Delegate]:88
                                                Delegate/mul      0.000      0.016      0.013     0.016%    29.529%      0.000            256   [Delegate]:89
                          Delegate/fc1x1_int4_weights -> add      0.000      0.389      0.403     0.496%    30.025%      0.000            256   [Delegate]:90
                           Delegate/rms_normalization -> mul      0.000      0.014      0.015     0.018%    30.044%      0.000            256   [Delegate]:91
                                 Delegate/fc1x1_int4_weights      0.000      0.284      0.287     0.354%    30.397%      0.000            256   [Delegate]:92
                                      Delegate/strided_slice      0.000      0.009      0.009     0.011%    30.409%      0.000            256   [Delegate]:93
                                      Delegate/strided_slice      0.000      0.007      0.007     0.009%    30.418%      0.000            256   [Delegate]:94
                                      Delegate/strided_slice      0.000      0.007      0.007     0.009%    30.427%      0.000            256   [Delegate]:95
                                            Delegate/reshape      0.000      0.009      0.008     0.010%    30.437%      0.000            256   [Delegate]:96
                           Delegate/rms_normalization -> mul      0.000      0.014      0.012     0.015%    30.452%      0.000            256   [Delegate]:97
                                            Delegate/reshape      0.000      0.011      0.010     0.012%    30.464%      0.000            256   [Delegate]:98
                                            Delegate/reshape      0.000      0.008      0.008     0.010%    30.473%      0.000            256   [Delegate]:99
                           Delegate/rms_normalization -> mul      0.000      0.012      0.011     0.013%    30.487%      0.000            256   [Delegate]:100
                                            Delegate/reshape      0.000      0.009      0.008     0.010%    30.497%      0.000            256   [Delegate]:101
                             Delegate/SplitRoPEConcat -> mul      0.000      0.018      0.015     0.019%    30.516%      0.000            256   [Delegate]:102
                                    Delegate/SplitRoPEConcat      0.000      0.017      0.014     0.018%    30.534%      0.000            256   [Delegate]:103
                                            Delegate/reshape      0.000      0.009      0.008     0.010%    30.544%      0.000            256   [Delegate]:104
                                Delegate/add_values_to_cache      0.000      0.011      0.009     0.012%    30.556%      0.000            256   [Delegate]:105
                                            Delegate/reshape      0.000      0.010      0.009     0.011%    30.566%      0.000            256   [Delegate]:106
                                    Delegate/fully_connected      0.000      0.020      0.026     0.032%    30.598%      0.000            256   [Delegate]:107
                    Delegate/select_v2 -> maximum -> minimum      0.000      0.018      0.016     0.020%    30.618%      0.000            256   [Delegate]:108
                                            Delegate/softmax      0.000      0.032      0.024     0.030%    30.647%      0.000            256   [Delegate]:109
                                    Delegate/fully_connected      0.000      0.024      0.025     0.031%    30.679%      0.000            256   [Delegate]:110
                                            Delegate/reshape      0.000      0.012      0.010     0.013%    30.691%      0.000            256   [Delegate]:111
                          Delegate/fc1x1_int4_weights -> add      0.000      0.152      0.071     0.088%    30.779%      0.000            256   [Delegate]:112
                           Delegate/rms_normalization -> mul      0.000      0.018      0.015     0.018%    30.797%      0.000            256   [Delegate]:113
                                 Delegate/fc1x1_int4_weights      0.000      0.928      0.829     1.021%    31.818%      0.000            256   [Delegate]:114
                    Delegate/strided_slice -> sigmoid -> mul      0.000      0.017      0.013     0.016%    31.834%      0.000            256   [Delegate]:115
                                      Delegate/strided_slice      0.000      0.014      0.011     0.014%    31.847%      0.000            256   [Delegate]:116
                                                Delegate/mul      0.000      0.017      0.013     0.016%    31.863%      0.000            256   [Delegate]:117
                          Delegate/fc1x1_int4_weights -> add      0.000      0.409      0.406     0.501%    32.364%      0.000            256   [Delegate]:118
                           Delegate/rms_normalization -> mul      0.000      0.016      0.015     0.018%    32.382%      0.000            256   [Delegate]:119
                                 Delegate/fc1x1_int4_weights      0.000      0.273      0.236     0.290%    32.672%      0.000            256   [Delegate]:120
                                      Delegate/strided_slice      0.000      0.009      0.009     0.011%    32.684%      0.000            256   [Delegate]:121
                                      Delegate/strided_slice      0.000      0.007      0.008     0.009%    32.693%      0.000            256   [Delegate]:122
                                      Delegate/strided_slice      0.000      0.007      0.007     0.009%    32.702%      0.000            256   [Delegate]:123
                                            Delegate/reshape      0.000      0.008      0.008     0.010%    32.712%      0.000            256   [Delegate]:124
                           Delegate/rms_normalization -> mul      0.000      0.013      0.012     0.015%    32.727%      0.000            256   [Delegate]:125
                                            Delegate/reshape      0.000      0.010      0.010     0.012%    32.739%      0.000            256   [Delegate]:126
                                            Delegate/reshape      0.000      0.008      0.008     0.010%    32.749%      0.000            256   [Delegate]:127
                           Delegate/rms_normalization -> mul      0.000      0.011      0.011     0.013%    32.762%      0.000            256   [Delegate]:128
                                            Delegate/reshape      0.000      0.008      0.009     0.011%    32.773%      0.000            256   [Delegate]:129
                             Delegate/SplitRoPEConcat -> mul      0.000      0.016      0.015     0.019%    32.792%      0.000            256   [Delegate]:130
                                    Delegate/SplitRoPEConcat      0.000      0.015      0.014     0.018%    32.810%      0.000            256   [Delegate]:131
                                            Delegate/reshape      0.000      0.009      0.009     0.011%    32.820%      0.000            256   [Delegate]:132
                                Delegate/add_values_to_cache      0.000      0.010      0.010     0.012%    32.832%      0.000            256   [Delegate]:133
                                            Delegate/reshape      0.000      0.009      0.009     0.011%    32.842%      0.000            256   [Delegate]:134
                                    Delegate/fully_connected      0.000      0.019      0.026     0.032%    32.875%      0.000            256   [Delegate]:135
                    Delegate/select_v2 -> maximum -> minimum      0.000      0.017      0.016     0.020%    32.894%      0.000            256   [Delegate]:136
                                            Delegate/softmax      0.000      0.029      0.024     0.030%    32.924%      0.000            256   [Delegate]:137
                                    Delegate/fully_connected      0.000      0.022      0.024     0.030%    32.953%      0.000            256   [Delegate]:138
                                            Delegate/reshape      0.000      0.011      0.010     0.012%    32.966%      0.000            256   [Delegate]:139
                          Delegate/fc1x1_int4_weights -> add      0.000      0.142      0.072     0.089%    33.055%      0.000            256   [Delegate]:140
                           Delegate/rms_normalization -> mul      0.000      0.017      0.015     0.018%    33.073%      0.000            256   [Delegate]:141
                                 Delegate/fc1x1_int4_weights      0.000      0.819      0.836     1.031%    34.104%      0.000            256   [Delegate]:142
                    Delegate/strided_slice -> sigmoid -> mul      0.000      0.015      0.013     0.016%    34.120%      0.000            256   [Delegate]:143
                                      Delegate/strided_slice      0.000      0.012      0.011     0.014%    34.133%      0.000            256   [Delegate]:144
                                                Delegate/mul      0.000      0.015      0.013     0.016%    34.149%      0.000            256   [Delegate]:145
                          Delegate/fc1x1_int4_weights -> add      0.000      0.400      0.408     0.503%    34.652%      0.000            256   [Delegate]:146
                           Delegate/rms_normalization -> mul      0.000      0.017      0.015     0.018%    34.670%      0.000            256   [Delegate]:147
                                 Delegate/fc1x1_int4_weights      0.000      0.249      0.244     0.301%    34.971%      0.000            256   [Delegate]:148
                                      Delegate/strided_slice      0.000      0.009      0.009     0.011%    34.982%      0.000            256   [Delegate]:149
                                      Delegate/strided_slice      0.000      0.007      0.007     0.009%    34.992%      0.000            256   [Delegate]:150
                                      Delegate/strided_slice      0.000      0.008      0.007     0.009%    35.001%      0.000            256   [Delegate]:151
                                            Delegate/reshape      0.000      0.009      0.008     0.010%    35.010%      0.000            256   [Delegate]:152
                           Delegate/rms_normalization -> mul      0.000      0.014      0.012     0.015%    35.025%      0.000            256   [Delegate]:153
                                            Delegate/reshape      0.000      0.011      0.010     0.012%    35.037%      0.000            256   [Delegate]:154
                                            Delegate/reshape      0.000      0.008      0.008     0.010%    35.047%      0.000            256   [Delegate]:155
                           Delegate/rms_normalization -> mul      0.000      0.012      0.011     0.013%    35.060%      0.000            256   [Delegate]:156
                                            Delegate/reshape      0.000      0.009      0.009     0.011%    35.071%      0.000            256   [Delegate]:157
                             Delegate/SplitRoPEConcat -> mul      0.000      0.019      0.016     0.019%    35.090%      0.000            256   [Delegate]:158
                                    Delegate/SplitRoPEConcat      0.000      0.016      0.015     0.018%    35.108%      0.000            256   [Delegate]:159
                                            Delegate/reshape      0.000      0.009      0.009     0.011%    35.118%      0.000            256   [Delegate]:160
                                Delegate/add_values_to_cache      0.000      0.010      0.010     0.012%    35.130%      0.000            256   [Delegate]:161
                                            Delegate/reshape      0.000      0.009      0.009     0.011%    35.141%      0.000            256   [Delegate]:162
                                    Delegate/fully_connected      0.000      0.020      0.027     0.033%    35.174%      0.000            256   [Delegate]:163
                    Delegate/select_v2 -> maximum -> minimum      0.000      0.019      0.016     0.020%    35.194%      0.000            256   [Delegate]:164
                                            Delegate/softmax      0.000      0.030      0.024     0.030%    35.224%      0.000            256   [Delegate]:165
                                    Delegate/fully_connected      0.000      0.022      0.025     0.030%    35.255%      0.000            256   [Delegate]:166
                                            Delegate/reshape      0.000      0.012      0.010     0.013%    35.267%      0.000            256   [Delegate]:167
                          Delegate/fc1x1_int4_weights -> add      0.000      0.138      0.072     0.089%    35.356%      0.000            256   [Delegate]:168
                           Delegate/rms_normalization -> mul      0.000      0.018      0.015     0.018%    35.374%      0.000            256   [Delegate]:169
                                 Delegate/fc1x1_int4_weights      0.000      0.877      0.833     1.027%    36.401%      0.000            256   [Delegate]:170
                    Delegate/strided_slice -> sigmoid -> mul      0.000      0.016      0.013     0.016%    36.417%      0.000            256   [Delegate]:171
                                      Delegate/strided_slice      0.000      0.013      0.011     0.014%    36.431%      0.000            256   [Delegate]:172
                                                Delegate/mul      0.000      0.016      0.013     0.016%    36.447%      0.000            256   [Delegate]:173
                          Delegate/fc1x1_int4_weights -> add      0.000      0.434      0.408     0.503%    36.950%      0.000            256   [Delegate]:174
                           Delegate/rms_normalization -> mul      0.000      0.020      0.015     0.018%    36.968%      0.000            256   [Delegate]:175
                                 Delegate/fc1x1_int4_weights      0.000      0.318      0.222     0.273%    37.242%      0.000            256   [Delegate]:176
                                      Delegate/strided_slice      0.000      0.010      0.009     0.012%    37.253%      0.000            256   [Delegate]:177
                                      Delegate/strided_slice      0.000      0.008      0.008     0.009%    37.263%      0.000            256   [Delegate]:178
                                      Delegate/strided_slice      0.000      0.008      0.007     0.009%    37.272%      0.000            256   [Delegate]:179
                                            Delegate/reshape      0.000      0.009      0.008     0.010%    37.282%      0.000            256   [Delegate]:180
                           Delegate/rms_normalization -> mul      0.000      0.014      0.013     0.015%    37.297%      0.000            256   [Delegate]:181
                                            Delegate/reshape      0.000      0.011      0.010     0.012%    37.310%      0.000            256   [Delegate]:182
                                            Delegate/reshape      0.000      0.009      0.008     0.010%    37.319%      0.000            256   [Delegate]:183
                           Delegate/rms_normalization -> mul      0.000      0.013      0.011     0.013%    37.333%      0.000            256   [Delegate]:184
                                            Delegate/reshape      0.000      0.009      0.009     0.011%    37.343%      0.000            256   [Delegate]:185
                             Delegate/SplitRoPEConcat -> mul      0.000      0.020      0.016     0.019%    37.363%      0.000            256   [Delegate]:186
                                    Delegate/SplitRoPEConcat      0.000      0.017      0.015     0.018%    37.381%      0.000            256   [Delegate]:187
                                            Delegate/reshape      0.000      0.009      0.009     0.011%    37.391%      0.000            256   [Delegate]:188
                                Delegate/add_values_to_cache      0.000      0.011      0.010     0.012%    37.403%      0.000            256   [Delegate]:189
                                            Delegate/reshape      0.000      0.009      0.009     0.011%    37.414%      0.000            256   [Delegate]:190
                                    Delegate/fully_connected      0.000      0.019      0.026     0.032%    37.446%      0.000            256   [Delegate]:191
                    Delegate/select_v2 -> maximum -> minimum      0.000      0.018      0.017     0.020%    37.467%      0.000            256   [Delegate]:192
                                            Delegate/softmax      0.000      0.032      0.024     0.030%    37.497%      0.000            256   [Delegate]:193
                                    Delegate/fully_connected      0.000      0.023      0.025     0.030%    37.527%      0.000            256   [Delegate]:194
                                            Delegate/reshape      0.000      0.013      0.010     0.013%    37.540%      0.000            256   [Delegate]:195
                          Delegate/fc1x1_int4_weights -> add      0.000      0.160      0.073     0.090%    37.630%      0.000            256   [Delegate]:196
                           Delegate/rms_normalization -> mul      0.000      0.019      0.015     0.018%    37.648%      0.000            256   [Delegate]:197
                                 Delegate/fc1x1_int4_weights      0.000      0.884      0.838     1.033%    38.681%      0.000            256   [Delegate]:198
                    Delegate/strided_slice -> sigmoid -> mul      0.000      0.017      0.013     0.016%    38.697%      0.000            256   [Delegate]:199
                                      Delegate/strided_slice      0.000      0.014      0.011     0.014%    38.711%      0.000            256   [Delegate]:200
                                                Delegate/mul      0.000      0.016      0.013     0.016%    38.727%      0.000            256   [Delegate]:201
                          Delegate/fc1x1_int4_weights -> add      0.000      0.434      0.408     0.503%    39.229%      0.000            256   [Delegate]:202
                           Delegate/rms_normalization -> mul      0.000      0.019      0.015     0.018%    39.248%      0.000            256   [Delegate]:203
                                 Delegate/fc1x1_int4_weights      0.000      0.326      0.267     0.330%    39.577%      0.000            256   [Delegate]:204
                                      Delegate/strided_slice      0.000      0.010      0.009     0.012%    39.589%      0.000            256   [Delegate]:205
                                      Delegate/strided_slice      0.000      0.008      0.008     0.009%    39.598%      0.000            256   [Delegate]:206
                                      Delegate/strided_slice      0.000      0.008      0.007     0.009%    39.607%      0.000            256   [Delegate]:207
                                            Delegate/reshape      0.000      0.009      0.008     0.010%    39.617%      0.000            256   [Delegate]:208
                           Delegate/rms_normalization -> mul      0.000      0.014      0.012     0.015%    39.632%      0.000            256   [Delegate]:209
                                            Delegate/reshape      0.000      0.010      0.010     0.012%    39.645%      0.000            256   [Delegate]:210
                                            Delegate/reshape      0.000      0.007      0.008     0.010%    39.655%      0.000            256   [Delegate]:211
                           Delegate/rms_normalization -> mul      0.000      0.011      0.011     0.013%    39.668%      0.000            256   [Delegate]:212
                                            Delegate/reshape      0.000      0.008      0.009     0.011%    39.679%      0.000            256   [Delegate]:213
                             Delegate/SplitRoPEConcat -> mul      0.000      0.015      0.016     0.019%    39.698%      0.000            256   [Delegate]:214
                                    Delegate/SplitRoPEConcat      0.000      0.014      0.015     0.018%    39.716%      0.000            256   [Delegate]:215
                                            Delegate/reshape      0.000      0.008      0.009     0.011%    39.726%      0.000            256   [Delegate]:216
                                Delegate/add_values_to_cache      0.000      0.009      0.010     0.012%    39.738%      0.000            256   [Delegate]:217
                                            Delegate/reshape      0.000      0.008      0.009     0.011%    39.749%      0.000            256   [Delegate]:218
                                    Delegate/fully_connected      0.000      0.019      0.026     0.033%    39.782%      0.000            256   [Delegate]:219
                    Delegate/select_v2 -> maximum -> minimum      0.000      0.017      0.016     0.020%    39.802%      0.000            256   [Delegate]:220
                                            Delegate/softmax      0.000      0.028      0.024     0.030%    39.832%      0.000            256   [Delegate]:221
                                    Delegate/fully_connected      0.000      0.020      0.024     0.030%    39.862%      0.000            256   [Delegate]:222
                                            Delegate/reshape      0.000      0.011      0.010     0.013%    39.874%      0.000            256   [Delegate]:223
                          Delegate/fc1x1_int4_weights -> add      0.000      0.123      0.072     0.089%    39.963%      0.000            256   [Delegate]:224
                           Delegate/rms_normalization -> mul      0.000      0.017      0.015     0.018%    39.982%      0.000            256   [Delegate]:225
                                 Delegate/fc1x1_int4_weights      0.000      0.804      0.832     1.025%    41.007%      0.000            256   [Delegate]:226
                    Delegate/strided_slice -> sigmoid -> mul      0.000      0.016      0.013     0.016%    41.023%      0.000            256   [Delegate]:227
                                      Delegate/strided_slice      0.000      0.012      0.011     0.014%    41.037%      0.000            256   [Delegate]:228
                                                Delegate/mul      0.000      0.015      0.013     0.016%    41.052%      0.000            256   [Delegate]:229
                          Delegate/fc1x1_int4_weights -> add      0.000      0.395      0.406     0.501%    41.553%      0.000            256   [Delegate]:230
                           Delegate/rms_normalization -> mul      0.000      0.018      0.015     0.018%    41.571%      0.000            256   [Delegate]:231
                                 Delegate/fc1x1_int4_weights      0.000      0.307      0.243     0.299%    41.871%      0.000            256   [Delegate]:232
                                      Delegate/strided_slice      0.000      0.009      0.009     0.012%    41.882%      0.000            256   [Delegate]:233
                                      Delegate/strided_slice      0.000      0.007      0.008     0.009%    41.892%      0.000            256   [Delegate]:234
                                      Delegate/strided_slice      0.000      0.008      0.007     0.009%    41.901%      0.000            256   [Delegate]:235
                                            Delegate/reshape      0.000      0.009      0.008     0.010%    41.911%      0.000            256   [Delegate]:236
                           Delegate/rms_normalization -> mul      0.000      0.013      0.012     0.015%    41.926%      0.000            256   [Delegate]:237
                                            Delegate/reshape      0.000      0.010      0.010     0.012%    41.938%      0.000            256   [Delegate]:238
                                            Delegate/reshape      0.000      0.008      0.008     0.010%    41.948%      0.000            256   [Delegate]:239
                           Delegate/rms_normalization -> mul      0.000      0.012      0.011     0.013%    41.962%      0.000            256   [Delegate]:240
                                            Delegate/reshape      0.000      0.009      0.009     0.011%    41.972%      0.000            256   [Delegate]:241
                             Delegate/SplitRoPEConcat -> mul      0.000      0.016      0.016     0.019%    41.991%      0.000            256   [Delegate]:242
                                    Delegate/SplitRoPEConcat      0.000      0.015      0.015     0.018%    42.009%      0.000            256   [Delegate]:243
                                            Delegate/reshape      0.000      0.008      0.009     0.011%    42.020%      0.000            256   [Delegate]:244
                                Delegate/add_values_to_cache      0.000      0.009      0.010     0.012%    42.032%      0.000            256   [Delegate]:245
                                            Delegate/reshape      0.000      0.009      0.009     0.011%    42.043%      0.000            256   [Delegate]:246
                                    Delegate/fully_connected      0.000      0.018      0.027     0.033%    42.076%      0.000            256   [Delegate]:247
                    Delegate/select_v2 -> maximum -> minimum      0.000      0.017      0.017     0.020%    42.097%      0.000            256   [Delegate]:248
                                            Delegate/softmax      0.000      0.028      0.024     0.030%    42.127%      0.000            256   [Delegate]:249
                                    Delegate/fully_connected      0.000      0.021      0.025     0.030%    42.157%      0.000            256   [Delegate]:250
                                            Delegate/reshape      0.000      0.011      0.010     0.013%    42.170%      0.000            256   [Delegate]:251
                          Delegate/fc1x1_int4_weights -> add      0.000      0.123      0.073     0.089%    42.259%      0.000            256   [Delegate]:252
                           Delegate/rms_normalization -> mul      0.000      0.015      0.015     0.018%    42.277%      0.000            256   [Delegate]:253
                                 Delegate/fc1x1_int4_weights      0.000      0.734      0.835     1.030%    43.307%      0.000            256   [Delegate]:254
                    Delegate/strided_slice -> sigmoid -> mul      0.000      0.015      0.013     0.016%    43.323%      0.000            256   [Delegate]:255
                                      Delegate/strided_slice      0.000      0.013      0.011     0.014%    43.337%      0.000            256   [Delegate]:256
                                                Delegate/mul      0.000      0.015      0.013     0.016%    43.352%      0.000            256   [Delegate]:257
                          Delegate/fc1x1_int4_weights -> add      0.000      0.400      0.409     0.504%    43.856%      0.000            256   [Delegate]:258
                           Delegate/rms_normalization -> mul      0.000      0.017      0.015     0.018%    43.874%      0.000            256   [Delegate]:259
                                 Delegate/fc1x1_int4_weights      0.000      0.307      0.283     0.349%    44.223%      0.000            256   [Delegate]:260
                                      Delegate/strided_slice      0.000      0.009      0.009     0.012%    44.235%      0.000            256   [Delegate]:261
                                      Delegate/strided_slice      0.000      0.007      0.008     0.009%    44.244%      0.000            256   [Delegate]:262
                                      Delegate/strided_slice      0.000      0.007      0.007     0.009%    44.253%      0.000            256   [Delegate]:263
                                            Delegate/reshape      0.000      0.008      0.008     0.010%    44.263%      0.000            256   [Delegate]:264
                           Delegate/rms_normalization -> mul      0.000      0.013      0.012     0.015%    44.278%      0.000            256   [Delegate]:265
                                            Delegate/reshape      0.000      0.010      0.010     0.012%    44.290%      0.000            256   [Delegate]:266
                                            Delegate/reshape      0.000      0.008      0.008     0.010%    44.300%      0.000            256   [Delegate]:267
                           Delegate/rms_normalization -> mul      0.000      0.011      0.011     0.013%    44.313%      0.000            256   [Delegate]:268
                                            Delegate/reshape      0.000      0.008      0.009     0.011%    44.324%      0.000            256   [Delegate]:269
                             Delegate/SplitRoPEConcat -> mul      0.000      0.017      0.016     0.019%    44.343%      0.000            256   [Delegate]:270
                                    Delegate/SplitRoPEConcat      0.000      0.015      0.015     0.018%    44.361%      0.000            256   [Delegate]:271
                                            Delegate/reshape      0.000      0.009      0.009     0.011%    44.372%      0.000            256   [Delegate]:272
                                Delegate/add_values_to_cache      0.000      0.010      0.010     0.012%    44.383%      0.000            256   [Delegate]:273
                                            Delegate/reshape      0.000      0.009      0.009     0.011%    44.394%      0.000            256   [Delegate]:274
                                    Delegate/fully_connected      0.000      0.019      0.027     0.033%    44.427%      0.000            256   [Delegate]:275
                    Delegate/select_v2 -> maximum -> minimum      0.000      0.017      0.017     0.020%    44.447%      0.000            256   [Delegate]:276
                                            Delegate/softmax      0.000      0.030      0.024     0.030%    44.477%      0.000            256   [Delegate]:277
                                    Delegate/fully_connected      0.000      0.021      0.024     0.030%    44.507%      0.000            256   [Delegate]:278
                                            Delegate/reshape      0.000      0.011      0.010     0.013%    44.520%      0.000            256   [Delegate]:279
                          Delegate/fc1x1_int4_weights -> add      0.000      0.148      0.072     0.089%    44.609%      0.000            256   [Delegate]:280
                           Delegate/rms_normalization -> mul      0.000      0.018      0.015     0.018%    44.627%      0.000            256   [Delegate]:281
                                 Delegate/fc1x1_int4_weights      0.000      0.815      0.834     1.028%    45.655%      0.000            256   [Delegate]:282
                    Delegate/strided_slice -> sigmoid -> mul      0.000      0.016      0.013     0.016%    45.671%      0.000            256   [Delegate]:283
                                      Delegate/strided_slice      0.000      0.013      0.011     0.014%    45.684%      0.000            256   [Delegate]:284
                                                Delegate/mul      0.000      0.015      0.013     0.016%    45.700%      0.000            256   [Delegate]:285
                          Delegate/fc1x1_int4_weights -> add      0.000      0.398      0.413     0.509%    46.209%      0.000            256   [Delegate]:286
                           Delegate/rms_normalization -> mul      0.000      0.018      0.015     0.018%    46.227%      0.000            256   [Delegate]:287
                                 Delegate/fc1x1_int4_weights      0.000      0.281      0.224     0.276%    46.503%      0.000            256   [Delegate]:288
                                      Delegate/strided_slice      0.000      0.009      0.009     0.012%    46.515%      0.000            256   [Delegate]:289
                                      Delegate/strided_slice      0.000      0.008      0.008     0.009%    46.524%      0.000            256   [Delegate]:290
                                      Delegate/strided_slice      0.000      0.007      0.008     0.009%    46.533%      0.000            256   [Delegate]:291
                                            Delegate/reshape      0.000      0.008      0.008     0.010%    46.543%      0.000            256   [Delegate]:292
                           Delegate/rms_normalization -> mul      0.000      0.013      0.012     0.015%    46.558%      0.000            256   [Delegate]:293
                                            Delegate/reshape      0.000      0.011      0.010     0.012%    46.571%      0.000            256   [Delegate]:294
                                            Delegate/reshape      0.000      0.009      0.008     0.010%    46.581%      0.000            256   [Delegate]:295
                           Delegate/rms_normalization -> mul      0.000      0.013      0.011     0.013%    46.594%      0.000            256   [Delegate]:296
                                            Delegate/reshape      0.000      0.009      0.009     0.011%    46.605%      0.000            256   [Delegate]:297
                             Delegate/SplitRoPEConcat -> mul      0.000      0.021      0.016     0.019%    46.624%      0.000            256   [Delegate]:298
                                    Delegate/SplitRoPEConcat      0.000      0.018      0.015     0.018%    46.642%      0.000            256   [Delegate]:299
                                            Delegate/reshape      0.000      0.010      0.009     0.011%    46.653%      0.000            256   [Delegate]:300
                                Delegate/add_values_to_cache      0.000      0.012      0.010     0.012%    46.665%      0.000            256   [Delegate]:301
                                            Delegate/reshape      0.000      0.010      0.009     0.011%    46.676%      0.000            256   [Delegate]:302
                                    Delegate/fully_connected      0.000      0.022      0.027     0.033%    46.708%      0.000            256   [Delegate]:303
                    Delegate/select_v2 -> maximum -> minimum      0.000      0.019      0.016     0.020%    46.728%      0.000            256   [Delegate]:304
                                            Delegate/softmax      0.000      0.036      0.024     0.030%    46.758%      0.000            256   [Delegate]:305
                                    Delegate/fully_connected      0.000      0.025      0.025     0.030%    46.789%      0.000            256   [Delegate]:306
                                            Delegate/reshape      0.000      0.013      0.010     0.012%    46.801%      0.000            256   [Delegate]:307
                          Delegate/fc1x1_int4_weights -> add      0.000      0.167      0.071     0.088%    46.889%      0.000            256   [Delegate]:308
                           Delegate/rms_normalization -> mul      0.000      0.019      0.015     0.018%    46.907%      0.000            256   [Delegate]:309
                                 Delegate/fc1x1_int4_weights      0.000      0.911      0.841     1.036%    47.943%      0.000            256   [Delegate]:310
                    Delegate/strided_slice -> sigmoid -> mul      0.000      0.017      0.013     0.016%    47.959%      0.000            256   [Delegate]:311
                                      Delegate/strided_slice      0.000      0.014      0.011     0.014%    47.973%      0.000            256   [Delegate]:312
                                                Delegate/mul      0.000      0.018      0.013     0.016%    47.989%      0.000            256   [Delegate]:313
                          Delegate/fc1x1_int4_weights -> add      0.000      0.439      0.409     0.504%    48.492%      0.000            256   [Delegate]:314
                           Delegate/rms_normalization -> mul      0.000      0.019      0.015     0.018%    48.511%      0.000            256   [Delegate]:315
                                 Delegate/fc1x1_int4_weights      0.000      0.281      0.257     0.316%    48.827%      0.000            256   [Delegate]:316
                                      Delegate/strided_slice      0.000      0.010      0.009     0.012%    48.839%      0.000            256   [Delegate]:317
                                      Delegate/strided_slice      0.000      0.008      0.008     0.009%    48.848%      0.000            256   [Delegate]:318
                                      Delegate/strided_slice      0.000      0.009      0.007     0.009%    48.857%      0.000            256   [Delegate]:319
                                            Delegate/reshape      0.000      0.010      0.008     0.010%    48.867%      0.000            256   [Delegate]:320
                           Delegate/rms_normalization -> mul      0.000      0.015      0.012     0.015%    48.882%      0.000            256   [Delegate]:321
                                            Delegate/reshape      0.000      0.012      0.010     0.012%    48.895%      0.000            256   [Delegate]:322
                                            Delegate/reshape      0.000      0.009      0.008     0.010%    48.905%      0.000            256   [Delegate]:323
                           Delegate/rms_normalization -> mul      0.000      0.013      0.011     0.013%    48.918%      0.000            256   [Delegate]:324
                                            Delegate/reshape      0.000      0.010      0.009     0.011%    48.929%      0.000            256   [Delegate]:325
                             Delegate/SplitRoPEConcat -> mul      0.000      0.019      0.016     0.019%    48.948%      0.000            256   [Delegate]:326
                                    Delegate/SplitRoPEConcat      0.000      0.018      0.015     0.018%    48.966%      0.000            256   [Delegate]:327
                                            Delegate/reshape      0.000      0.010      0.009     0.011%    48.977%      0.000            256   [Delegate]:328
                                Delegate/add_values_to_cache      0.000      0.012      0.010     0.012%    48.989%      0.000            256   [Delegate]:329
                                            Delegate/reshape      0.000      0.011      0.009     0.011%    49.000%      0.000            256   [Delegate]:330
                                    Delegate/fully_connected      0.000      0.022      0.027     0.033%    49.032%      0.000            256   [Delegate]:331
                    Delegate/select_v2 -> maximum -> minimum      0.000      0.019      0.016     0.020%    49.053%      0.000            256   [Delegate]:332
                                            Delegate/softmax      0.000      0.032      0.024     0.030%    49.083%      0.000            256   [Delegate]:333
                                    Delegate/fully_connected      0.000      0.023      0.024     0.030%    49.113%      0.000            256   [Delegate]:334
                                            Delegate/reshape      0.000      0.012      0.010     0.012%    49.125%      0.000            256   [Delegate]:335
                          Delegate/fc1x1_int4_weights -> add      0.000      0.160      0.072     0.088%    49.214%      0.000            256   [Delegate]:336
                           Delegate/rms_normalization -> mul      0.000      0.019      0.015     0.018%    49.232%      0.000            256   [Delegate]:337
                                 Delegate/fc1x1_int4_weights      0.000      0.885      0.839     1.034%    50.266%      0.000            256   [Delegate]:338
                    Delegate/strided_slice -> sigmoid -> mul      0.000      0.017      0.013     0.016%    50.282%      0.000            256   [Delegate]:339
                                      Delegate/strided_slice      0.000      0.013      0.011     0.014%    50.296%      0.000            256   [Delegate]:340
                                                Delegate/mul      0.000      0.016      0.013     0.016%    50.312%      0.000            256   [Delegate]:341
                          Delegate/fc1x1_int4_weights -> add      0.000      0.434      0.411     0.507%    50.818%      0.000            256   [Delegate]:342
                           Delegate/rms_normalization -> mul      0.000      0.020      0.015     0.018%    50.837%      0.000            256   [Delegate]:343
                                 Delegate/fc1x1_int4_weights      0.000      0.341      0.239     0.295%    51.132%      0.000            256   [Delegate]:344
                                      Delegate/strided_slice      0.000      0.011      0.009     0.012%    51.143%      0.000            256   [Delegate]:345
                                      Delegate/strided_slice      0.000      0.009      0.008     0.009%    51.153%      0.000            256   [Delegate]:346
                                      Delegate/strided_slice      0.000      0.009      0.008     0.009%    51.162%      0.000            256   [Delegate]:347
                                            Delegate/reshape      0.000      0.010      0.008     0.010%    51.172%      0.000            256   [Delegate]:348
                           Delegate/rms_normalization -> mul      0.000      0.016      0.012     0.015%    51.187%      0.000            256   [Delegate]:349
                                            Delegate/reshape      0.000      0.012      0.010     0.012%    51.199%      0.000            256   [Delegate]:350
                                            Delegate/reshape      0.000      0.009      0.008     0.010%    51.209%      0.000            256   [Delegate]:351
                           Delegate/rms_normalization -> mul      0.000      0.013      0.011     0.013%    51.222%      0.000            256   [Delegate]:352
                                            Delegate/reshape      0.000      0.010      0.009     0.011%    51.233%      0.000            256   [Delegate]:353
                             Delegate/SplitRoPEConcat -> mul      0.000      0.019      0.016     0.019%    51.252%      0.000            256   [Delegate]:354
                                    Delegate/SplitRoPEConcat      0.000      0.018      0.015     0.018%    51.270%      0.000            256   [Delegate]:355
                                            Delegate/reshape      0.000      0.010      0.009     0.011%    51.281%      0.000            256   [Delegate]:356
                                Delegate/add_values_to_cache      0.000      0.011      0.010     0.012%    51.293%      0.000            256   [Delegate]:357
                                            Delegate/reshape      0.000      0.010      0.009     0.011%    51.304%      0.000            256   [Delegate]:358
                                    Delegate/fully_connected      0.000      0.021      0.026     0.032%    51.336%      0.000            256   [Delegate]:359
                    Delegate/select_v2 -> maximum -> minimum      0.000      0.019      0.017     0.020%    51.357%      0.000            256   [Delegate]:360
                                            Delegate/softmax      0.000      0.037      0.024     0.030%    51.387%      0.000            256   [Delegate]:361
                                    Delegate/fully_connected      0.000      0.024      0.025     0.030%    51.417%      0.000            256   [Delegate]:362
                                            Delegate/reshape      0.000      0.013      0.010     0.013%    51.430%      0.000            256   [Delegate]:363
                          Delegate/fc1x1_int4_weights -> add      0.000      0.161      0.072     0.089%    51.518%      0.000            256   [Delegate]:364
                           Delegate/rms_normalization -> mul      0.000      0.019      0.015     0.018%    51.536%      0.000            256   [Delegate]:365
                                 Delegate/fc1x1_int4_weights      0.000      0.911      0.840     1.035%    52.571%      0.000            256   [Delegate]:366
                    Delegate/strided_slice -> sigmoid -> mul      0.000      0.017      0.013     0.016%    52.587%      0.000            256   [Delegate]:367
                                      Delegate/strided_slice      0.000      0.014      0.011     0.014%    52.601%      0.000            256   [Delegate]:368
                                                Delegate/mul      0.000      0.017      0.013     0.016%    52.617%      0.000            256   [Delegate]:369
                          Delegate/fc1x1_int4_weights -> add      0.000      0.440      0.409     0.504%    53.121%      0.000            256   [Delegate]:370
                           Delegate/rms_normalization -> mul      0.000      0.020      0.015     0.018%    53.139%      0.000            256   [Delegate]:371
                                 Delegate/fc1x1_int4_weights      0.000      0.274      0.234     0.289%    53.428%      0.000            256   [Delegate]:372
                                      Delegate/strided_slice      0.000      0.010      0.009     0.012%    53.439%      0.000            256   [Delegate]:373
                                      Delegate/strided_slice      0.000      0.008      0.008     0.009%    53.449%      0.000            256   [Delegate]:374
                                      Delegate/strided_slice      0.000      0.009      0.007     0.009%    53.458%      0.000            256   [Delegate]:375
                                            Delegate/reshape      0.000      0.010      0.008     0.010%    53.468%      0.000            256   [Delegate]:376
                           Delegate/rms_normalization -> mul      0.000      0.016      0.012     0.015%    53.483%      0.000            256   [Delegate]:377
                                            Delegate/reshape      0.000      0.012      0.010     0.012%    53.495%      0.000            256   [Delegate]:378
                                            Delegate/reshape      0.000      0.009      0.008     0.010%    53.505%      0.000            256   [Delegate]:379
                           Delegate/rms_normalization -> mul      0.000      0.013      0.011     0.013%    53.518%      0.000            256   [Delegate]:380
                                            Delegate/reshape      0.000      0.010      0.009     0.011%    53.529%      0.000            256   [Delegate]:381
                             Delegate/SplitRoPEConcat -> mul      0.000      0.020      0.016     0.019%    53.548%      0.000            256   [Delegate]:382
                                    Delegate/SplitRoPEConcat      0.000      0.020      0.015     0.018%    53.566%      0.000            256   [Delegate]:383
                                            Delegate/reshape      0.000      0.010      0.009     0.011%    53.577%      0.000            256   [Delegate]:384
                                Delegate/add_values_to_cache      0.000      0.013      0.010     0.012%    53.589%      0.000            256   [Delegate]:385
                                            Delegate/reshape      0.000      0.011      0.009     0.011%    53.599%      0.000            256   [Delegate]:386
                                    Delegate/fully_connected      0.000      0.023      0.027     0.033%    53.632%      0.000            256   [Delegate]:387
                    Delegate/select_v2 -> maximum -> minimum      0.000      0.020      0.016     0.020%    53.653%      0.000            256   [Delegate]:388
                                            Delegate/softmax      0.000      0.033      0.024     0.030%    53.683%      0.000            256   [Delegate]:389
                                    Delegate/fully_connected      0.000      0.023      0.025     0.030%    53.713%      0.000            256   [Delegate]:390
                                            Delegate/reshape      0.000      0.012      0.010     0.013%    53.726%      0.000            256   [Delegate]:391
                          Delegate/fc1x1_int4_weights -> add      0.000      0.163      0.073     0.090%    53.816%      0.000            256   [Delegate]:392
                           Delegate/rms_normalization -> mul      0.000      0.019      0.015     0.018%    53.834%      0.000            256   [Delegate]:393
                                 Delegate/fc1x1_int4_weights      0.000      0.908      0.838     1.033%    54.867%      0.000            256   [Delegate]:394
                    Delegate/strided_slice -> sigmoid -> mul      0.000      0.018      0.013     0.016%    54.883%      0.000            256   [Delegate]:395
                                      Delegate/strided_slice      0.000      0.014      0.011     0.014%    54.896%      0.000            256   [Delegate]:396
                                                Delegate/mul      0.000      0.017      0.013     0.016%    54.912%      0.000            256   [Delegate]:397
                          Delegate/fc1x1_int4_weights -> add      0.000      0.443      0.412     0.507%    55.420%      0.000            256   [Delegate]:398
                           Delegate/rms_normalization -> mul      0.000      0.019      0.015     0.018%    55.438%      0.000            256   [Delegate]:399
                                 Delegate/fc1x1_int4_weights      0.000      0.290      0.251     0.309%    55.747%      0.000            256   [Delegate]:400
                                      Delegate/strided_slice      0.000      0.010      0.009     0.012%    55.758%      0.000            256   [Delegate]:401
                                      Delegate/strided_slice      0.000      0.008      0.008     0.009%    55.768%      0.000            256   [Delegate]:402
                                      Delegate/strided_slice      0.000      0.008      0.008     0.009%    55.777%      0.000            256   [Delegate]:403
                                            Delegate/reshape      0.000      0.010      0.008     0.010%    55.787%      0.000            256   [Delegate]:404
                           Delegate/rms_normalization -> mul      0.000      0.015      0.012     0.015%    55.802%      0.000            256   [Delegate]:405
                                            Delegate/reshape      0.000      0.012      0.010     0.012%    55.815%      0.000            256   [Delegate]:406
                                            Delegate/reshape      0.000      0.009      0.008     0.010%    55.824%      0.000            256   [Delegate]:407
                           Delegate/rms_normalization -> mul      0.000      0.013      0.011     0.013%    55.838%      0.000            256   [Delegate]:408
                                            Delegate/reshape      0.000      0.010      0.009     0.011%    55.848%      0.000            256   [Delegate]:409
                             Delegate/SplitRoPEConcat -> mul      0.000      0.021      0.016     0.019%    55.868%      0.000            256   [Delegate]:410
                                    Delegate/SplitRoPEConcat      0.000      0.019      0.015     0.018%    55.885%      0.000            256   [Delegate]:411
                                            Delegate/reshape      0.000      0.010      0.009     0.011%    55.896%      0.000            256   [Delegate]:412
                                Delegate/add_values_to_cache      0.000      0.012      0.010     0.012%    55.908%      0.000            256   [Delegate]:413
                                            Delegate/reshape      0.000      0.010      0.009     0.011%    55.919%      0.000            256   [Delegate]:414
                                    Delegate/fully_connected      0.000      0.023      0.026     0.033%    55.951%      0.000            256   [Delegate]:415
                    Delegate/select_v2 -> maximum -> minimum      0.000      0.020      0.016     0.020%    55.971%      0.000            256   [Delegate]:416
                                            Delegate/softmax      0.000      0.035      0.024     0.030%    56.002%      0.000            256   [Delegate]:417
                                    Delegate/fully_connected      0.000      0.025      0.025     0.031%    56.033%      0.000            256   [Delegate]:418
                                            Delegate/reshape      0.000      0.012      0.010     0.013%    56.045%      0.000            256   [Delegate]:419
                          Delegate/fc1x1_int4_weights -> add      0.000      0.158      0.076     0.093%    56.139%      0.000            256   [Delegate]:420
                           Delegate/rms_normalization -> mul      0.000      0.018      0.015     0.018%    56.157%      0.000            256   [Delegate]:421
                                 Delegate/fc1x1_int4_weights      0.000      0.920      0.839     1.034%    57.191%      0.000            256   [Delegate]:422
                    Delegate/strided_slice -> sigmoid -> mul      0.000      0.017      0.013     0.016%    57.207%      0.000            256   [Delegate]:423
                                      Delegate/strided_slice      0.000      0.013      0.011     0.014%    57.221%      0.000            256   [Delegate]:424
                                                Delegate/mul      0.000      0.016      0.013     0.016%    57.236%      0.000            256   [Delegate]:425
                          Delegate/fc1x1_int4_weights -> add      0.000      0.454      0.412     0.508%    57.745%      0.000            256   [Delegate]:426
                           Delegate/rms_normalization -> mul      0.000      0.017      0.015     0.018%    57.763%      0.000            256   [Delegate]:427
                                 Delegate/fc1x1_int4_weights      0.000      0.325      0.296     0.365%    58.128%      0.000            256   [Delegate]:428
                                      Delegate/strided_slice      0.000      0.011      0.009     0.012%    58.139%      0.000            256   [Delegate]:429
                                      Delegate/strided_slice      0.000      0.009      0.008     0.009%    58.149%      0.000            256   [Delegate]:430
                                      Delegate/strided_slice      0.000      0.009      0.007     0.009%    58.158%      0.000            256   [Delegate]:431
                                            Delegate/reshape      0.000      0.010      0.008     0.010%    58.168%      0.000            256   [Delegate]:432
                           Delegate/rms_normalization -> mul      0.000      0.016      0.012     0.015%    58.183%      0.000            256   [Delegate]:433
                                            Delegate/reshape      0.000      0.011      0.010     0.012%    58.195%      0.000            256   [Delegate]:434
                                            Delegate/reshape      0.000      0.009      0.008     0.010%    58.205%      0.000            256   [Delegate]:435
                           Delegate/rms_normalization -> mul      0.000      0.014      0.011     0.013%    58.218%      0.000            256   [Delegate]:436
                                            Delegate/reshape      0.000      0.009      0.009     0.011%    58.229%      0.000            256   [Delegate]:437
                             Delegate/SplitRoPEConcat -> mul      0.000      0.021      0.016     0.019%    58.248%      0.000            256   [Delegate]:438
                                    Delegate/SplitRoPEConcat      0.000      0.019      0.015     0.018%    58.266%      0.000            256   [Delegate]:439
                                            Delegate/reshape      0.000      0.010      0.009     0.011%    58.276%      0.000            256   [Delegate]:440
                                Delegate/add_values_to_cache      0.000      0.012      0.010     0.012%    58.288%      0.000            256   [Delegate]:441
                                            Delegate/reshape      0.000      0.010      0.009     0.011%    58.299%      0.000            256   [Delegate]:442
                                    Delegate/fully_connected      0.000      0.022      0.026     0.032%    58.330%      0.000            256   [Delegate]:443
                    Delegate/select_v2 -> maximum -> minimum      0.000      0.021      0.016     0.020%    58.350%      0.000            256   [Delegate]:444
                                            Delegate/softmax      0.000      0.045      0.024     0.030%    58.380%      0.000            256   [Delegate]:445
                                    Delegate/fully_connected      0.000      0.027      0.024     0.030%    58.410%      0.000            256   [Delegate]:446
                                            Delegate/reshape      0.000      0.013      0.010     0.013%    58.423%      0.000            256   [Delegate]:447
                          Delegate/fc1x1_int4_weights -> add      0.000      0.155      0.072     0.088%    58.511%      0.000            256   [Delegate]:448
                           Delegate/rms_normalization -> mul      0.000      0.020      0.015     0.018%    58.529%      0.000            256   [Delegate]:449
                                 Delegate/fc1x1_int4_weights      0.000      0.885      0.831     1.024%    59.554%      0.000            256   [Delegate]:450
                    Delegate/strided_slice -> sigmoid -> mul      0.000      0.013      0.013     0.016%    59.570%      0.000            256   [Delegate]:451
                                      Delegate/strided_slice      0.000      0.013      0.011     0.014%    59.583%      0.000            256   [Delegate]:452
                                                Delegate/mul      0.000      0.017      0.013     0.016%    59.599%      0.000            256   [Delegate]:453
                          Delegate/fc1x1_int4_weights -> add      0.000      0.427      0.407     0.502%    60.101%      0.000            256   [Delegate]:454
                           Delegate/rms_normalization -> mul      0.000      0.015      0.015     0.018%    60.119%      0.000            256   [Delegate]:455
                                 Delegate/fc1x1_int4_weights      0.000      0.280      0.248     0.305%    60.424%      0.000            256   [Delegate]:456
                                      Delegate/strided_slice      0.000      0.010      0.009     0.012%    60.436%      0.000            256   [Delegate]:457
                                      Delegate/strided_slice      0.000      0.008      0.008     0.009%    60.445%      0.000            256   [Delegate]:458
                                      Delegate/strided_slice      0.000      0.009      0.008     0.009%    60.455%      0.000            256   [Delegate]:459
                                            Delegate/reshape      0.000      0.009      0.008     0.010%    60.464%      0.000            256   [Delegate]:460
                           Delegate/rms_normalization -> mul      0.000      0.015      0.012     0.015%    60.479%      0.000            256   [Delegate]:461
                                            Delegate/reshape      0.000      0.012      0.010     0.012%    60.491%      0.000            256   [Delegate]:462
                                            Delegate/reshape      0.000      0.009      0.008     0.010%    60.501%      0.000            256   [Delegate]:463
                           Delegate/rms_normalization -> mul      0.000      0.014      0.011     0.013%    60.514%      0.000            256   [Delegate]:464
                                            Delegate/reshape      0.000      0.010      0.009     0.011%    60.525%      0.000            256   [Delegate]:465
                             Delegate/SplitRoPEConcat -> mul      0.000      0.021      0.016     0.019%    60.544%      0.000            256   [Delegate]:466
                                    Delegate/SplitRoPEConcat      0.000      0.020      0.015     0.018%    60.562%      0.000            256   [Delegate]:467
                                            Delegate/reshape      0.000      0.010      0.009     0.011%    60.573%      0.000            256   [Delegate]:468
                                Delegate/add_values_to_cache      0.000      0.012      0.010     0.012%    60.584%      0.000            256   [Delegate]:469
                                            Delegate/reshape      0.000      0.011      0.009     0.011%    60.595%      0.000            256   [Delegate]:470
                                    Delegate/fully_connected      0.000      0.022      0.026     0.032%    60.627%      0.000            256   [Delegate]:471
                    Delegate/select_v2 -> maximum -> minimum      0.000      0.020      0.017     0.020%    60.647%      0.000            256   [Delegate]:472
                                            Delegate/softmax      0.000      0.033      0.024     0.030%    60.677%      0.000            256   [Delegate]:473
                                    Delegate/fully_connected      0.000      0.024      0.024     0.030%    60.707%      0.000            256   [Delegate]:474
                                            Delegate/reshape      0.000      0.012      0.010     0.013%    60.720%      0.000            256   [Delegate]:475
                          Delegate/fc1x1_int4_weights -> add      0.000      0.147      0.073     0.090%    60.809%      0.000            256   [Delegate]:476
                           Delegate/rms_normalization -> mul      0.000      0.018      0.015     0.018%    60.827%      0.000            256   [Delegate]:477
                                 Delegate/fc1x1_int4_weights      0.000      0.875      0.837     1.031%    61.858%      0.000            256   [Delegate]:478
                    Delegate/strided_slice -> sigmoid -> mul      0.000      0.016      0.013     0.016%    61.874%      0.000            256   [Delegate]:479
                                      Delegate/strided_slice      0.000      0.014      0.011     0.014%    61.888%      0.000            256   [Delegate]:480
                                                Delegate/mul      0.000      0.016      0.013     0.016%    61.904%      0.000            256   [Delegate]:481
                          Delegate/fc1x1_int4_weights -> add      0.000      0.390      0.407     0.502%    62.406%      0.000            256   [Delegate]:482
                           Delegate/rms_normalization -> mul      0.000      0.015      0.015     0.018%    62.424%      0.000            256   [Delegate]:483
                                 Delegate/fc1x1_int4_weights      0.000      0.275      0.294     0.363%    62.787%      0.000            256   [Delegate]:484
                                      Delegate/strided_slice      0.000      0.008      0.009     0.011%    62.799%      0.000            256   [Delegate]:485
                                      Delegate/strided_slice      0.000      0.007      0.008     0.009%    62.808%      0.000            256   [Delegate]:486
                                      Delegate/strided_slice      0.000      0.007      0.007     0.009%    62.817%      0.000            256   [Delegate]:487
                                            Delegate/reshape      0.000      0.007      0.008     0.010%    62.827%      0.000            256   [Delegate]:488
                           Delegate/rms_normalization -> mul      0.000      0.012      0.012     0.015%    62.842%      0.000            256   [Delegate]:489
                                            Delegate/reshape      0.000      0.009      0.010     0.012%    62.854%      0.000            256   [Delegate]:490
                                            Delegate/reshape      0.000      0.007      0.008     0.010%    62.864%      0.000            256   [Delegate]:491
                           Delegate/rms_normalization -> mul      0.000      0.010      0.011     0.013%    62.877%      0.000            256   [Delegate]:492
                                            Delegate/reshape      0.000      0.008      0.009     0.011%    62.888%      0.000            256   [Delegate]:493
                             Delegate/SplitRoPEConcat -> mul      0.000      0.015      0.015     0.019%    62.907%      0.000            256   [Delegate]:494
                                    Delegate/SplitRoPEConcat      0.000      0.015      0.015     0.018%    62.925%      0.000            256   [Delegate]:495
                                            Delegate/reshape      0.000      0.008      0.009     0.011%    62.936%      0.000            256   [Delegate]:496
                                Delegate/add_values_to_cache      0.000      0.009      0.010     0.012%    62.947%      0.000            256   [Delegate]:497
                                            Delegate/reshape      0.000      0.008      0.009     0.011%    62.958%      0.000            256   [Delegate]:498
                                    Delegate/fully_connected      0.000      0.019      0.026     0.032%    62.990%      0.000            256   [Delegate]:499
                    Delegate/select_v2 -> maximum -> minimum      0.000      0.018      0.016     0.020%    63.010%      0.000            256   [Delegate]:500
                                            Delegate/softmax      0.000      0.029      0.024     0.030%    63.040%      0.000            256   [Delegate]:501
                                    Delegate/fully_connected      0.000      0.020      0.024     0.030%    63.070%      0.000            256   [Delegate]:502
                                            Delegate/reshape      0.000      0.011      0.010     0.013%    63.082%      0.000            256   [Delegate]:503
                          Delegate/fc1x1_int4_weights -> add      0.000      0.124      0.070     0.087%    63.169%      0.000            256   [Delegate]:504
                           Delegate/rms_normalization -> mul      0.000      0.017      0.015     0.018%    63.187%      0.000            256   [Delegate]:505
                                 Delegate/fc1x1_int4_weights      0.000      0.805      0.834     1.028%    64.215%      0.000            256   [Delegate]:506
                    Delegate/strided_slice -> sigmoid -> mul      0.000      0.016      0.013     0.016%    64.231%      0.000            256   [Delegate]:507
                                      Delegate/strided_slice      0.000      0.013      0.011     0.014%    64.245%      0.000            256   [Delegate]:508
                                                Delegate/mul      0.000      0.015      0.013     0.016%    64.260%      0.000            256   [Delegate]:509
                          Delegate/fc1x1_int4_weights -> add      0.000      0.394      0.402     0.496%    64.756%      0.000            256   [Delegate]:510
                           Delegate/rms_normalization -> mul      0.000      0.018      0.015     0.018%    64.774%      0.000            256   [Delegate]:511
                                 Delegate/fc1x1_int4_weights      0.000      0.306      0.252     0.310%    65.084%      0.000            256   [Delegate]:512
                                      Delegate/strided_slice      0.000      0.009      0.009     0.011%    65.095%      0.000            256   [Delegate]:513
                                      Delegate/strided_slice      0.000      0.007      0.007     0.009%    65.104%      0.000            256   [Delegate]:514
                                      Delegate/strided_slice      0.000      0.007      0.007     0.009%    65.113%      0.000            256   [Delegate]:515
                                            Delegate/reshape      0.000      0.008      0.008     0.010%    65.123%      0.000            256   [Delegate]:516
                           Delegate/rms_normalization -> mul      0.000      0.012      0.012     0.015%    65.138%      0.000            256   [Delegate]:517
                                            Delegate/reshape      0.000      0.009      0.010     0.012%    65.150%      0.000            256   [Delegate]:518
                                            Delegate/reshape      0.000      0.007      0.008     0.010%    65.160%      0.000            256   [Delegate]:519
                           Delegate/rms_normalization -> mul      0.000      0.011      0.011     0.013%    65.173%      0.000            256   [Delegate]:520
                                            Delegate/reshape      0.000      0.008      0.008     0.010%    65.183%      0.000            256   [Delegate]:521
                             Delegate/SplitRoPEConcat -> mul      0.000      0.016      0.015     0.019%    65.202%      0.000            256   [Delegate]:522
                                    Delegate/SplitRoPEConcat      0.000      0.016      0.014     0.018%    65.220%      0.000            256   [Delegate]:523
                                            Delegate/reshape      0.000      0.009      0.008     0.010%    65.231%      0.000            256   [Delegate]:524
                                Delegate/add_values_to_cache      0.000      0.010      0.009     0.012%    65.242%      0.000            256   [Delegate]:525
                                            Delegate/reshape      0.000      0.009      0.009     0.011%    65.253%      0.000            256   [Delegate]:526
                                    Delegate/fully_connected      0.000      0.019      0.027     0.033%    65.286%      0.000            256   [Delegate]:527
                    Delegate/select_v2 -> maximum -> minimum      0.000      0.017      0.016     0.020%    65.306%      0.000            256   [Delegate]:528
                                            Delegate/softmax      0.000      0.029      0.024     0.030%    65.336%      0.000            256   [Delegate]:529
                                    Delegate/fully_connected      0.000      0.022      0.025     0.030%    65.366%      0.000            256   [Delegate]:530
                                            Delegate/reshape      0.000      0.011      0.010     0.013%    65.379%      0.000            256   [Delegate]:531
                          Delegate/fc1x1_int4_weights -> add      0.000      0.136      0.072     0.088%    65.467%      0.000            256   [Delegate]:532
                           Delegate/rms_normalization -> mul      0.000      0.018      0.015     0.018%    65.485%      0.000            256   [Delegate]:533
                                 Delegate/fc1x1_int4_weights      0.000      0.801      0.829     1.022%    66.507%      0.000            256   [Delegate]:534
                    Delegate/strided_slice -> sigmoid -> mul      0.000      0.016      0.013     0.016%    66.523%      0.000            256   [Delegate]:535
                                      Delegate/strided_slice      0.000      0.012      0.011     0.014%    66.536%      0.000            256   [Delegate]:536
                                                Delegate/mul      0.000      0.015      0.013     0.016%    66.552%      0.000            256   [Delegate]:537
                          Delegate/fc1x1_int4_weights -> add      0.000      0.400      0.406     0.501%    67.053%      0.000            256   [Delegate]:538
                           Delegate/rms_normalization -> mul      0.000      0.018      0.015     0.018%    67.071%      0.000            256   [Delegate]:539
                                 Delegate/fc1x1_int4_weights      0.000      0.300      0.242     0.298%    67.369%      0.000            256   [Delegate]:540
                                      Delegate/strided_slice      0.000      0.009      0.009     0.011%    67.380%      0.000            256   [Delegate]:541
                                      Delegate/strided_slice      0.000      0.007      0.008     0.009%    67.389%      0.000            256   [Delegate]:542
                                      Delegate/strided_slice      0.000      0.007      0.007     0.009%    67.399%      0.000            256   [Delegate]:543
                                            Delegate/reshape      0.000      0.008      0.008     0.010%    67.408%      0.000            256   [Delegate]:544
                           Delegate/rms_normalization -> mul      0.000      0.014      0.012     0.015%    67.424%      0.000            256   [Delegate]:545
                                            Delegate/reshape      0.000      0.010      0.010     0.012%    67.436%      0.000            256   [Delegate]:546
                                            Delegate/reshape      0.000      0.008      0.008     0.010%    67.445%      0.000            256   [Delegate]:547
                           Delegate/rms_normalization -> mul      0.000      0.012      0.011     0.013%    67.459%      0.000            256   [Delegate]:548
                                            Delegate/reshape      0.000      0.008      0.009     0.010%    67.469%      0.000            256   [Delegate]:549
                             Delegate/SplitRoPEConcat -> mul      0.000      0.017      0.015     0.019%    67.488%      0.000            256   [Delegate]:550
                                    Delegate/SplitRoPEConcat      0.000      0.015      0.014     0.018%    67.506%      0.000            256   [Delegate]:551
                                            Delegate/reshape      0.000      0.008      0.009     0.011%    67.517%      0.000            256   [Delegate]:552
                                Delegate/add_values_to_cache      0.000      0.009      0.010     0.012%    67.528%      0.000            256   [Delegate]:553
                                            Delegate/reshape      0.000      0.008      0.009     0.011%    67.539%      0.000            256   [Delegate]:554
                                    Delegate/fully_connected      0.000      0.019      0.027     0.033%    67.572%      0.000            256   [Delegate]:555
                    Delegate/select_v2 -> maximum -> minimum      0.000      0.018      0.016     0.020%    67.593%      0.000            256   [Delegate]:556
                                            Delegate/softmax      0.000      0.037      0.024     0.030%    67.622%      0.000            256   [Delegate]:557
                                    Delegate/fully_connected      0.000      0.022      0.025     0.031%    67.653%      0.000            256   [Delegate]:558
                                            Delegate/reshape      0.000      0.012      0.010     0.013%    67.666%      0.000            256   [Delegate]:559
                          Delegate/fc1x1_int4_weights -> add      0.000      0.131      0.072     0.088%    67.754%      0.000            256   [Delegate]:560
                           Delegate/rms_normalization -> mul      0.000      0.018      0.015     0.018%    67.772%      0.000            256   [Delegate]:561
                                 Delegate/fc1x1_int4_weights      0.000      0.812      0.835     1.029%    68.801%      0.000            256   [Delegate]:562
                    Delegate/strided_slice -> sigmoid -> mul      0.000      0.016      0.013     0.016%    68.817%      0.000            256   [Delegate]:563
                                      Delegate/strided_slice      0.000      0.013      0.011     0.014%    68.830%      0.000            256   [Delegate]:564
                                                Delegate/mul      0.000      0.016      0.013     0.016%    68.846%      0.000            256   [Delegate]:565
                          Delegate/fc1x1_int4_weights -> add      0.000      0.397      0.408     0.502%    69.349%      0.000            256   [Delegate]:566
                           Delegate/rms_normalization -> mul      0.000      0.018      0.015     0.018%    69.367%      0.000            256   [Delegate]:567
                                 Delegate/fc1x1_int4_weights      0.000      0.311      0.258     0.318%    69.685%      0.000            256   [Delegate]:568
                                      Delegate/strided_slice      0.000      0.009      0.009     0.011%    69.697%      0.000            256   [Delegate]:569
                                      Delegate/strided_slice      0.000      0.008      0.008     0.009%    69.706%      0.000            256   [Delegate]:570
                                      Delegate/strided_slice      0.000      0.008      0.008     0.009%    69.715%      0.000            256   [Delegate]:571
                                            Delegate/reshape      0.000      0.009      0.008     0.010%    69.725%      0.000            256   [Delegate]:572
                           Delegate/rms_normalization -> mul      0.000      0.015      0.012     0.015%    69.740%      0.000            256   [Delegate]:573
                                            Delegate/reshape      0.000      0.011      0.010     0.012%    69.753%      0.000            256   [Delegate]:574
                                            Delegate/reshape      0.000      0.009      0.008     0.010%    69.762%      0.000            256   [Delegate]:575
                           Delegate/rms_normalization -> mul      0.000      0.013      0.011     0.013%    69.776%      0.000            256   [Delegate]:576
                                            Delegate/reshape      0.000      0.009      0.009     0.011%    69.786%      0.000            256   [Delegate]:577
                             Delegate/SplitRoPEConcat -> mul      0.000      0.019      0.016     0.019%    69.805%      0.000            256   [Delegate]:578
                                    Delegate/SplitRoPEConcat      0.000      0.017      0.015     0.018%    69.823%      0.000            256   [Delegate]:579
                                            Delegate/reshape      0.000      0.009      0.009     0.011%    69.834%      0.000            256   [Delegate]:580
                                Delegate/add_values_to_cache      0.000      0.010      0.010     0.012%    69.846%      0.000            256   [Delegate]:581
                                            Delegate/reshape      0.000      0.009      0.009     0.011%    69.856%      0.000            256   [Delegate]:582
                                    Delegate/fully_connected      0.000      0.022      0.026     0.032%    69.889%      0.000            256   [Delegate]:583
                    Delegate/select_v2 -> maximum -> minimum      0.000      0.022      0.016     0.020%    69.909%      0.000            256   [Delegate]:584
                                            Delegate/softmax      0.000      0.042      0.024     0.030%    69.939%      0.000            256   [Delegate]:585
                                    Delegate/fully_connected      0.000      0.027      0.025     0.030%    69.969%      0.000            256   [Delegate]:586
                                            Delegate/reshape      0.000      0.013      0.010     0.013%    69.982%      0.000            256   [Delegate]:587
                          Delegate/fc1x1_int4_weights -> add      0.000      0.164      0.073     0.089%    70.071%      0.000            256   [Delegate]:588
                           Delegate/rms_normalization -> mul      0.000      0.020      0.015     0.018%    70.090%      0.000            256   [Delegate]:589
                                 Delegate/fc1x1_int4_weights      0.000      0.892      0.836     1.031%    71.120%      0.000            256   [Delegate]:590
                    Delegate/strided_slice -> sigmoid -> mul      0.000      0.018      0.013     0.016%    71.136%      0.000            256   [Delegate]:591
                                      Delegate/strided_slice      0.000      0.015      0.011     0.014%    71.150%      0.000            256   [Delegate]:592
                                                Delegate/mul      0.000      0.018      0.013     0.016%    71.166%      0.000            256   [Delegate]:593
                          Delegate/fc1x1_int4_weights -> add      0.000      0.436      0.407     0.501%    71.667%      0.000            256   [Delegate]:594
                           Delegate/rms_normalization -> mul      0.000      0.015      0.015     0.018%    71.685%      0.000            256   [Delegate]:595
                                 Delegate/fc1x1_int4_weights      0.000      0.279      0.247     0.305%    71.990%      0.000            256   [Delegate]:596
                                      Delegate/strided_slice      0.000      0.010      0.009     0.012%    72.002%      0.000            256   [Delegate]:597
                                      Delegate/strided_slice      0.000      0.009      0.007     0.009%    72.011%      0.000            256   [Delegate]:598
                                      Delegate/strided_slice      0.000      0.008      0.007     0.009%    72.020%      0.000            256   [Delegate]:599
                                            Delegate/reshape      0.000      0.010      0.008     0.010%    72.030%      0.000            256   [Delegate]:600
                           Delegate/rms_normalization -> mul      0.000      0.015      0.012     0.015%    72.045%      0.000            256   [Delegate]:601
                                            Delegate/reshape      0.000      0.012      0.010     0.012%    72.057%      0.000            256   [Delegate]:602
                                            Delegate/reshape      0.000      0.009      0.008     0.010%    72.066%      0.000            256   [Delegate]:603
                           Delegate/rms_normalization -> mul      0.000      0.013      0.011     0.013%    72.080%      0.000            256   [Delegate]:604
                                            Delegate/reshape      0.000      0.010      0.009     0.010%    72.090%      0.000            256   [Delegate]:605
                             Delegate/SplitRoPEConcat -> mul      0.000      0.021      0.015     0.019%    72.109%      0.000            256   [Delegate]:606
                                    Delegate/SplitRoPEConcat      0.000      0.021      0.014     0.018%    72.127%      0.000            256   [Delegate]:607
                                            Delegate/reshape      0.000      0.011      0.009     0.011%    72.137%      0.000            256   [Delegate]:608
                                Delegate/add_values_to_cache      0.000      0.012      0.010     0.012%    72.149%      0.000            256   [Delegate]:609
                                            Delegate/reshape      0.000      0.011      0.009     0.011%    72.160%      0.000            256   [Delegate]:610
                                    Delegate/fully_connected      0.000      0.023      0.026     0.032%    72.192%      0.000            256   [Delegate]:611
                    Delegate/select_v2 -> maximum -> minimum      0.000      0.021      0.016     0.020%    72.212%      0.000            256   [Delegate]:612
                                            Delegate/softmax      0.000      0.037      0.024     0.030%    72.242%      0.000            256   [Delegate]:613
                                    Delegate/fully_connected      0.000      0.026      0.024     0.030%    72.272%      0.000            256   [Delegate]:614
                                            Delegate/reshape      0.000      0.013      0.010     0.013%    72.284%      0.000            256   [Delegate]:615
                          Delegate/fc1x1_int4_weights -> add      0.000      0.161      0.078     0.097%    72.381%      0.000            256   [Delegate]:616
                           Delegate/rms_normalization -> mul      0.000      0.020      0.015     0.018%    72.399%      0.000            256   [Delegate]:617
                                 Delegate/fc1x1_int4_weights      0.000      0.889      0.830     1.023%    73.422%      0.000            256   [Delegate]:618
                    Delegate/strided_slice -> sigmoid -> mul      0.000      0.017      0.013     0.016%    73.438%      0.000            256   [Delegate]:619
                                      Delegate/strided_slice      0.000      0.014      0.011     0.014%    73.452%      0.000            256   [Delegate]:620
                                                Delegate/mul      0.000      0.017      0.013     0.016%    73.468%      0.000            256   [Delegate]:621
                          Delegate/fc1x1_int4_weights -> add      0.000      0.392      0.402     0.496%    73.963%      0.000            256   [Delegate]:622
                           Delegate/rms_normalization -> mul      0.000      0.014      0.015     0.018%    73.981%      0.000            256   [Delegate]:623
                                 Delegate/fc1x1_int4_weights      0.000      0.237      0.256     0.315%    74.296%      0.000            256   [Delegate]:624
                                      Delegate/strided_slice      0.000      0.008      0.009     0.011%    74.308%      0.000            256   [Delegate]:625
                                      Delegate/strided_slice      0.000      0.007      0.007     0.009%    74.317%      0.000            256   [Delegate]:626
                                      Delegate/strided_slice      0.000      0.007      0.007     0.009%    74.326%      0.000            256   [Delegate]:627
                                            Delegate/reshape      0.000      0.008      0.008     0.010%    74.336%      0.000            256   [Delegate]:628
                           Delegate/rms_normalization -> mul      0.000      0.012      0.012     0.015%    74.351%      0.000            256   [Delegate]:629
                                            Delegate/reshape      0.000      0.009      0.010     0.012%    74.363%      0.000            256   [Delegate]:630
                                            Delegate/reshape      0.000      0.007      0.008     0.010%    74.372%      0.000            256   [Delegate]:631
                           Delegate/rms_normalization -> mul      0.000      0.011      0.011     0.013%    74.385%      0.000            256   [Delegate]:632
                                            Delegate/reshape      0.000      0.008      0.008     0.010%    74.396%      0.000            256   [Delegate]:633
                             Delegate/SplitRoPEConcat -> mul      0.000      0.016      0.015     0.019%    74.415%      0.000            256   [Delegate]:634
                                    Delegate/SplitRoPEConcat      0.000      0.015      0.014     0.018%    74.433%      0.000            256   [Delegate]:635
                                            Delegate/reshape      0.000      0.008      0.008     0.010%    74.443%      0.000            256   [Delegate]:636
                                Delegate/add_values_to_cache      0.000      0.009      0.009     0.012%    74.455%      0.000            256   [Delegate]:637
                                            Delegate/reshape      0.000      0.008      0.009     0.011%    74.465%      0.000            256   [Delegate]:638
                                    Delegate/fully_connected      0.000      0.019      0.026     0.033%    74.498%      0.000            256   [Delegate]:639
                    Delegate/select_v2 -> maximum -> minimum      0.000      0.018      0.016     0.020%    74.518%      0.000            256   [Delegate]:640
                                            Delegate/softmax      0.000      0.029      0.024     0.030%    74.548%      0.000            256   [Delegate]:641
                                    Delegate/fully_connected      0.000      0.020      0.024     0.029%    74.577%      0.000            256   [Delegate]:642
                                            Delegate/reshape      0.000      0.011      0.010     0.013%    74.589%      0.000            256   [Delegate]:643
                          Delegate/fc1x1_int4_weights -> add      0.000      0.128      0.071     0.088%    74.677%      0.000            256   [Delegate]:644
                           Delegate/rms_normalization -> mul      0.000      0.017      0.015     0.018%    74.695%      0.000            256   [Delegate]:645
                                 Delegate/fc1x1_int4_weights      0.000      0.806      0.827     1.019%    75.714%      0.000            256   [Delegate]:646
                    Delegate/strided_slice -> sigmoid -> mul      0.000      0.015      0.013     0.016%    75.730%      0.000            256   [Delegate]:647
                                      Delegate/strided_slice      0.000      0.012      0.011     0.014%    75.744%      0.000            256   [Delegate]:648
                                                Delegate/mul      0.000      0.015      0.013     0.016%    75.760%      0.000            256   [Delegate]:649
                          Delegate/fc1x1_int4_weights -> add      0.000      0.397      0.404     0.498%    76.257%      0.000            256   [Delegate]:650
                           Delegate/rms_normalization -> mul      0.000      0.018      0.015     0.018%    76.275%      0.000            256   [Delegate]:651
                                 Delegate/fc1x1_int4_weights      0.000      0.313      0.246     0.304%    76.579%      0.000            256   [Delegate]:652
                                      Delegate/strided_slice      0.000      0.010      0.009     0.011%    76.590%      0.000            256   [Delegate]:653
                                      Delegate/strided_slice      0.000      0.008      0.007     0.009%    76.600%      0.000            256   [Delegate]:654
                                      Delegate/strided_slice      0.000      0.008      0.007     0.009%    76.609%      0.000            256   [Delegate]:655
                                            Delegate/reshape      0.000      0.009      0.008     0.010%    76.618%      0.000            256   [Delegate]:656
                           Delegate/rms_normalization -> mul      0.000      0.015      0.012     0.015%    76.633%      0.000            256   [Delegate]:657
                                            Delegate/reshape      0.000      0.011      0.010     0.012%    76.646%      0.000            256   [Delegate]:658
                                            Delegate/reshape      0.000      0.009      0.008     0.010%    76.655%      0.000            256   [Delegate]:659
                           Delegate/rms_normalization -> mul      0.000      0.013      0.011     0.013%    76.668%      0.000            256   [Delegate]:660
                                            Delegate/reshape      0.000      0.009      0.008     0.010%    76.679%      0.000            256   [Delegate]:661
                             Delegate/SplitRoPEConcat -> mul      0.000      0.020      0.015     0.019%    76.698%      0.000            256   [Delegate]:662
                                    Delegate/SplitRoPEConcat      0.000      0.018      0.014     0.018%    76.715%      0.000            256   [Delegate]:663
                                            Delegate/reshape      0.000      0.010      0.008     0.010%    76.726%      0.000            256   [Delegate]:664
                                Delegate/add_values_to_cache      0.000      0.011      0.009     0.012%    76.738%      0.000            256   [Delegate]:665
                                            Delegate/reshape      0.000      0.010      0.009     0.011%    76.748%      0.000            256   [Delegate]:666
                                    Delegate/fully_connected      0.000      0.021      0.026     0.032%    76.780%      0.000            256   [Delegate]:667
                    Delegate/select_v2 -> maximum -> minimum      0.000      0.019      0.016     0.020%    76.800%      0.000            256   [Delegate]:668
                                            Delegate/softmax      0.000      0.037      0.024     0.030%    76.830%      0.000            256   [Delegate]:669
                                    Delegate/fully_connected      0.000      0.024      0.024     0.030%    76.859%      0.000            256   [Delegate]:670
                                            Delegate/reshape      0.000      0.012      0.010     0.013%    76.872%      0.000            256   [Delegate]:671
                          Delegate/fc1x1_int4_weights -> add      0.000      0.162      0.073     0.090%    76.961%      0.000            256   [Delegate]:672
                           Delegate/rms_normalization -> mul      0.000      0.019      0.015     0.018%    76.979%      0.000            256   [Delegate]:673
                                 Delegate/fc1x1_int4_weights      0.000      0.895      0.829     1.022%    78.001%      0.000            256   [Delegate]:674
                    Delegate/strided_slice -> sigmoid -> mul      0.000      0.016      0.013     0.016%    78.017%      0.000            256   [Delegate]:675
                                      Delegate/strided_slice      0.000      0.014      0.011     0.014%    78.030%      0.000            256   [Delegate]:676
                                                Delegate/mul      0.000      0.017      0.013     0.016%    78.046%      0.000            256   [Delegate]:677
                          Delegate/fc1x1_int4_weights -> add      0.000      0.432      0.404     0.498%    78.544%      0.000            256   [Delegate]:678
                           Delegate/rms_normalization -> mul      0.000      0.020      0.015     0.018%    78.562%      0.000            256   [Delegate]:679
                                 Delegate/fc1x1_int4_weights      0.000      0.338      0.247     0.304%    78.866%      0.000            256   [Delegate]:680
                                      Delegate/strided_slice      0.000      0.010      0.009     0.011%    78.877%      0.000            256   [Delegate]:681
                                      Delegate/strided_slice      0.000      0.008      0.007     0.009%    78.886%      0.000            256   [Delegate]:682
                                      Delegate/strided_slice      0.000      0.009      0.007     0.009%    78.895%      0.000            256   [Delegate]:683
                                            Delegate/reshape      0.000      0.010      0.008     0.010%    78.905%      0.000            256   [Delegate]:684
                           Delegate/rms_normalization -> mul      0.000      0.016      0.012     0.015%    78.920%      0.000            256   [Delegate]:685
                                            Delegate/reshape      0.000      0.011      0.010     0.012%    78.932%      0.000            256   [Delegate]:686
                                            Delegate/reshape      0.000      0.009      0.008     0.010%    78.942%      0.000            256   [Delegate]:687
                           Delegate/rms_normalization -> mul      0.000      0.013      0.011     0.013%    78.955%      0.000            256   [Delegate]:688
                                            Delegate/reshape      0.000      0.010      0.008     0.010%    78.966%      0.000            256   [Delegate]:689
                             Delegate/SplitRoPEConcat -> mul      0.000      0.020      0.015     0.019%    78.985%      0.000            256   [Delegate]:690
                                    Delegate/SplitRoPEConcat      0.000      0.018      0.014     0.018%    79.002%      0.000            256   [Delegate]:691
                                            Delegate/reshape      0.000      0.010      0.009     0.010%    79.013%      0.000            256   [Delegate]:692
                                Delegate/add_values_to_cache      0.000      0.011      0.009     0.012%    79.025%      0.000            256   [Delegate]:693
                                            Delegate/reshape      0.000      0.010      0.009     0.011%    79.035%      0.000            256   [Delegate]:694
                                    Delegate/fully_connected      0.000      0.022      0.026     0.032%    79.067%      0.000            256   [Delegate]:695
                    Delegate/select_v2 -> maximum -> minimum      0.000      0.019      0.016     0.020%    79.087%      0.000            256   [Delegate]:696
                                            Delegate/softmax      0.000      0.036      0.024     0.030%    79.117%      0.000            256   [Delegate]:697
                                    Delegate/fully_connected      0.000      0.025      0.025     0.030%    79.147%      0.000            256   [Delegate]:698
                                            Delegate/reshape      0.000      0.013      0.010     0.013%    79.160%      0.000            256   [Delegate]:699
                          Delegate/fc1x1_int4_weights -> add      0.000      0.159      0.072     0.088%    79.248%      0.000            256   [Delegate]:700
                           Delegate/rms_normalization -> mul      0.000      0.018      0.015     0.018%    79.266%      0.000            256   [Delegate]:701
                                 Delegate/fc1x1_int4_weights      0.000      0.902      0.831     1.024%    80.291%      0.000            256   [Delegate]:702
                    Delegate/strided_slice -> sigmoid -> mul      0.000      0.018      0.013     0.016%    80.306%      0.000            256   [Delegate]:703
                                      Delegate/strided_slice      0.000      0.014      0.011     0.014%    80.320%      0.000            256   [Delegate]:704
                                                Delegate/mul      0.000      0.017      0.013     0.016%    80.336%      0.000            256   [Delegate]:705
                          Delegate/fc1x1_int4_weights -> add      0.000      0.437      0.405     0.499%    80.834%      0.000            256   [Delegate]:706
                           Delegate/rms_normalization -> mul      0.000      0.020      0.015     0.018%    80.853%      0.000            256   [Delegate]:707
                                 Delegate/fc1x1_int4_weights      0.000      0.292      0.276     0.340%    81.193%      0.000            256   [Delegate]:708
                                      Delegate/strided_slice      0.000      0.009      0.009     0.011%    81.204%      0.000            256   [Delegate]:709
                                      Delegate/strided_slice      0.000      0.008      0.007     0.009%    81.213%      0.000            256   [Delegate]:710
                                      Delegate/strided_slice      0.000      0.008      0.007     0.009%    81.222%      0.000            256   [Delegate]:711
                                            Delegate/reshape      0.000      0.009      0.008     0.010%    81.232%      0.000            256   [Delegate]:712
                           Delegate/rms_normalization -> mul      0.000      0.013      0.012     0.015%    81.247%      0.000            256   [Delegate]:713
                                            Delegate/reshape      0.000      0.010      0.010     0.012%    81.259%      0.000            256   [Delegate]:714
                                            Delegate/reshape      0.000      0.008      0.008     0.010%    81.269%      0.000            256   [Delegate]:715
                           Delegate/rms_normalization -> mul      0.000      0.012      0.011     0.013%    81.282%      0.000            256   [Delegate]:716
                                            Delegate/reshape      0.000      0.009      0.008     0.010%    81.292%      0.000            256   [Delegate]:717
                             Delegate/SplitRoPEConcat -> mul      0.000      0.019      0.015     0.019%    81.311%      0.000            256   [Delegate]:718
                                    Delegate/SplitRoPEConcat      0.000      0.017      0.014     0.018%    81.329%      0.000            256   [Delegate]:719
                                            Delegate/reshape      0.000      0.009      0.008     0.010%    81.339%      0.000            256   [Delegate]:720
                                Delegate/add_values_to_cache      0.000      0.011      0.009     0.012%    81.351%      0.000            256   [Delegate]:721
                                            Delegate/reshape      0.000      0.010      0.009     0.011%    81.361%      0.000            256   [Delegate]:722
                                    Delegate/fully_connected      0.000      0.020      0.026     0.032%    81.393%      0.000            256   [Delegate]:723
                    Delegate/select_v2 -> maximum -> minimum      0.000      0.018      0.016     0.020%    81.413%      0.000            256   [Delegate]:724
                                            Delegate/softmax      0.000      0.030      0.024     0.030%    81.442%      0.000            256   [Delegate]:725
                                    Delegate/fully_connected      0.000      0.021      0.024     0.030%    81.472%      0.000            256   [Delegate]:726
                                            Delegate/reshape      0.000      0.011      0.010     0.012%    81.485%      0.000            256   [Delegate]:727
                          Delegate/fc1x1_int4_weights -> add      0.000      0.133      0.071     0.088%    81.573%      0.000            256   [Delegate]:728
                           Delegate/rms_normalization -> mul      0.000      0.017      0.015     0.018%    81.591%      0.000            256   [Delegate]:729
                                 Delegate/fc1x1_int4_weights      0.000      0.796      0.825     1.017%    82.608%      0.000            256   [Delegate]:730
                    Delegate/strided_slice -> sigmoid -> mul      0.000      0.015      0.013     0.016%    82.624%      0.000            256   [Delegate]:731
                                      Delegate/strided_slice      0.000      0.013      0.011     0.014%    82.638%      0.000            256   [Delegate]:732
                                                Delegate/mul      0.000      0.015      0.013     0.016%    82.653%      0.000            256   [Delegate]:733
                          Delegate/fc1x1_int4_weights -> add      0.000      0.397      0.401     0.495%    83.148%      0.000            256   [Delegate]:734
                           Delegate/rms_normalization -> mul      0.000      0.018      0.015     0.018%    83.166%      0.000            256   [Delegate]:735
                                 Delegate/fc1x1_int4_weights      0.000      0.310      0.222     0.274%    83.439%      0.000            256   [Delegate]:736
                                      Delegate/strided_slice      0.000      0.010      0.009     0.011%    83.451%      0.000            256   [Delegate]:737
                                      Delegate/strided_slice      0.000      0.008      0.007     0.009%    83.460%      0.000            256   [Delegate]:738
                                      Delegate/strided_slice      0.000      0.008      0.007     0.009%    83.469%      0.000            256   [Delegate]:739
                                            Delegate/reshape      0.000      0.009      0.008     0.010%    83.478%      0.000            256   [Delegate]:740
                           Delegate/rms_normalization -> mul      0.000      0.014      0.012     0.015%    83.493%      0.000            256   [Delegate]:741
                                            Delegate/reshape      0.000      0.011      0.010     0.012%    83.506%      0.000            256   [Delegate]:742
                                            Delegate/reshape      0.000      0.008      0.008     0.010%    83.515%      0.000            256   [Delegate]:743
                           Delegate/rms_normalization -> mul      0.000      0.011      0.011     0.013%    83.528%      0.000            256   [Delegate]:744
                                            Delegate/reshape      0.000      0.009      0.008     0.010%    83.539%      0.000            256   [Delegate]:745
                             Delegate/SplitRoPEConcat -> mul      0.000      0.017      0.015     0.019%    83.557%      0.000            256   [Delegate]:746
                                    Delegate/SplitRoPEConcat      0.000      0.016      0.014     0.018%    83.575%      0.000            256   [Delegate]:747
                                            Delegate/reshape      0.000      0.009      0.008     0.010%    83.585%      0.000            256   [Delegate]:748
                                Delegate/add_values_to_cache      0.000      0.010      0.009     0.012%    83.597%      0.000            256   [Delegate]:749
                                            Delegate/reshape      0.000      0.009      0.009     0.011%    83.608%      0.000            256   [Delegate]:750
                                    Delegate/fully_connected      0.000      0.020      0.026     0.032%    83.639%      0.000            256   [Delegate]:751
                    Delegate/select_v2 -> maximum -> minimum      0.000      0.018      0.016     0.020%    83.659%      0.000            256   [Delegate]:752
                                            Delegate/softmax      0.000      0.030      0.024     0.029%    83.688%      0.000            256   [Delegate]:753
                                    Delegate/fully_connected      0.000      0.021      0.024     0.030%    83.718%      0.000            256   [Delegate]:754
                                            Delegate/reshape      0.000      0.011      0.010     0.012%    83.731%      0.000            256   [Delegate]:755
                          Delegate/fc1x1_int4_weights -> add      0.000      0.141      0.071     0.088%    83.818%      0.000            256   [Delegate]:756
                           Delegate/rms_normalization -> mul      0.000      0.017      0.015     0.018%    83.837%      0.000            256   [Delegate]:757
                                 Delegate/fc1x1_int4_weights      0.000      0.808      0.815     1.005%    84.841%      0.000            256   [Delegate]:758
                    Delegate/strided_slice -> sigmoid -> mul      0.000      0.015      0.013     0.016%    84.857%      0.000            256   [Delegate]:759
                                      Delegate/strided_slice      0.000      0.012      0.011     0.014%    84.871%      0.000            256   [Delegate]:760
                                                Delegate/mul      0.000      0.012      0.013     0.016%    84.887%      0.000            256   [Delegate]:761
                          Delegate/fc1x1_int4_weights -> add      0.000      0.384      0.398     0.491%    85.378%      0.000            256   [Delegate]:762
                           Delegate/rms_normalization -> mul      0.000      0.014      0.015     0.018%    85.396%      0.000            256   [Delegate]:763
                                 Delegate/fc1x1_int4_weights      0.000      0.265      0.274     0.338%    85.734%      0.000            256   [Delegate]:764
                                      Delegate/strided_slice      0.000      0.009      0.009     0.011%    85.745%      0.000            256   [Delegate]:765
                                      Delegate/strided_slice      0.000      0.007      0.007     0.009%    85.754%      0.000            256   [Delegate]:766
                                      Delegate/strided_slice      0.000      0.007      0.007     0.009%    85.763%      0.000            256   [Delegate]:767
                                            Delegate/reshape      0.000      0.007      0.008     0.010%    85.773%      0.000            256   [Delegate]:768
                           Delegate/rms_normalization -> mul      0.000      0.011      0.012     0.015%    85.788%      0.000            256   [Delegate]:769
                                            Delegate/reshape      0.000      0.009      0.010     0.012%    85.800%      0.000            256   [Delegate]:770
                                            Delegate/reshape      0.000      0.007      0.008     0.009%    85.809%      0.000            256   [Delegate]:771
                           Delegate/rms_normalization -> mul      0.000      0.010      0.011     0.013%    85.822%      0.000            256   [Delegate]:772
                                            Delegate/reshape      0.000      0.007      0.008     0.010%    85.833%      0.000            256   [Delegate]:773
                             Delegate/SplitRoPEConcat -> mul      0.000      0.014      0.015     0.019%    85.851%      0.000            256   [Delegate]:774
                                    Delegate/SplitRoPEConcat      0.000      0.013      0.014     0.017%    85.869%      0.000            256   [Delegate]:775
                                            Delegate/reshape      0.000      0.007      0.008     0.010%    85.879%      0.000            256   [Delegate]:776
                                Delegate/add_values_to_cache      0.000      0.008      0.009     0.011%    85.890%      0.000            256   [Delegate]:777
                                            Delegate/reshape      0.000      0.008      0.009     0.010%    85.901%      0.000            256   [Delegate]:778
                                    Delegate/fully_connected      0.000      0.016      0.025     0.031%    85.932%      0.000            256   [Delegate]:779
                    Delegate/select_v2 -> maximum -> minimum      0.000      0.015      0.016     0.020%    85.952%      0.000            256   [Delegate]:780
                                            Delegate/softmax      0.000      0.022      0.024     0.030%    85.981%      0.000            256   [Delegate]:781
                                    Delegate/fully_connected      0.000      0.018      0.025     0.031%    86.013%      0.000            256   [Delegate]:782
                                            Delegate/reshape      0.000      0.009      0.010     0.013%    86.025%      0.000            256   [Delegate]:783
                          Delegate/fc1x1_int4_weights -> add      0.000      0.066      0.071     0.088%    86.113%      0.000            256   [Delegate]:784
                           Delegate/rms_normalization -> mul      0.000      0.014      0.015     0.018%    86.131%      0.000            256   [Delegate]:785
                                 Delegate/fc1x1_int4_weights      0.000      0.771      0.801     0.987%    87.118%      0.000            256   [Delegate]:786
                    Delegate/strided_slice -> sigmoid -> mul      0.000      0.012      0.013     0.016%    87.134%      0.000            256   [Delegate]:787
                                      Delegate/strided_slice      0.000      0.011      0.012     0.014%    87.148%      0.000            256   [Delegate]:788
                                                Delegate/mul      0.000      0.012      0.013     0.016%    87.164%      0.000            256   [Delegate]:789
                          Delegate/fc1x1_int4_weights -> add      0.000      0.378      0.392     0.483%    87.646%      0.000            256   [Delegate]:790
                           Delegate/rms_normalization -> mul      0.000      0.014      0.014     0.018%    87.664%      0.000            256   [Delegate]:791
                                 Delegate/fc1x1_int4_weights      0.000      9.153      9.376    11.555%    99.219%      0.000            256   [Delegate]:792
           Delegate/DownloadGpuMemoryToTensorBufferGpuMemory      0.000      0.560      0.634     0.781%   100.000%      0.000            256   [Delegate]:0

============================================================== Top by Computation Time ===============================================================
                                                 [node type]    [start]    [first]   [avg ms]        [%]     [cdf%]   [mem KB] [times called]   [Name]
                                 Delegate/fc1x1_int4_weights      0.000      9.153      9.376    11.555%    11.555%      0.000            256   [Delegate]:792
                           Delegate/UploadOrBindTensorBuffer      0.000      7.870      5.147     6.343%    17.898%      0.000            256   [Delegate]:0
                                 Delegate/fc1x1_int4_weights      0.000      0.893      0.850     1.047%    18.945%      0.000            256   [Delegate]:30
                                 Delegate/fc1x1_int4_weights      0.000      0.911      0.841     1.036%    19.981%      0.000            256   [Delegate]:310
                                 Delegate/fc1x1_int4_weights      0.000      0.911      0.840     1.035%    21.016%      0.000            256   [Delegate]:366
                                 Delegate/fc1x1_int4_weights      0.000      0.885      0.839     1.034%    22.050%      0.000            256   [Delegate]:338
                                 Delegate/fc1x1_int4_weights      0.000      0.920      0.839     1.034%    23.084%      0.000            256   [Delegate]:422
                                 Delegate/fc1x1_int4_weights      0.000      0.884      0.838     1.033%    24.117%      0.000            256   [Delegate]:198
                                 Delegate/fc1x1_int4_weights      0.000      0.908      0.838     1.033%    25.150%      0.000            256   [Delegate]:394
                                 Delegate/fc1x1_int4_weights      0.000      0.875      0.837     1.031%    26.181%      0.000            256   [Delegate]:478
                                 Delegate/fc1x1_int4_weights      0.000      0.892      0.836     1.031%    27.212%      0.000            256   [Delegate]:590
                                 Delegate/fc1x1_int4_weights      0.000      0.819      0.836     1.031%    28.242%      0.000            256   [Delegate]:142
                                 Delegate/fc1x1_int4_weights      0.000      0.734      0.835     1.030%    29.272%      0.000            256   [Delegate]:254
                                 Delegate/fc1x1_int4_weights      0.000      0.812      0.835     1.029%    30.300%      0.000            256   [Delegate]:562
                                 Delegate/fc1x1_int4_weights      0.000      0.805      0.834     1.028%    31.328%      0.000            256   [Delegate]:506
                                 Delegate/fc1x1_int4_weights      0.000      0.815      0.834     1.028%    32.356%      0.000            256   [Delegate]:282
                                 Delegate/fc1x1_int4_weights      0.000      0.877      0.833     1.027%    33.383%      0.000            256   [Delegate]:170
                                 Delegate/fc1x1_int4_weights      0.000      0.804      0.832     1.025%    34.408%      0.000            256   [Delegate]:226
                                 Delegate/fc1x1_int4_weights      0.000      0.885      0.831     1.024%    35.433%      0.000            256   [Delegate]:450
                                 Delegate/fc1x1_int4_weights      0.000      0.902      0.831     1.024%    36.457%      0.000            256   [Delegate]:702
                                 Delegate/fc1x1_int4_weights      0.000      0.889      0.830     1.023%    37.480%      0.000            256   [Delegate]:618
                                 Delegate/fc1x1_int4_weights      0.000      0.801      0.829     1.022%    38.502%      0.000            256   [Delegate]:534
                                 Delegate/fc1x1_int4_weights      0.000      0.895      0.829     1.022%    39.523%      0.000            256   [Delegate]:674
                                 Delegate/fc1x1_int4_weights      0.000      0.928      0.829     1.021%    40.544%      0.000            256   [Delegate]:114
                                 Delegate/fc1x1_int4_weights      0.000      0.806      0.827     1.019%    41.563%      0.000            256   [Delegate]:646
                                 Delegate/fc1x1_int4_weights      0.000      0.796      0.825     1.017%    42.581%      0.000            256   [Delegate]:730
                                 Delegate/fc1x1_int4_weights      0.000      0.722      0.823     1.014%    43.594%      0.000            256   [Delegate]:58
                                 Delegate/fc1x1_int4_weights      0.000      0.815      0.820     1.010%    44.605%      0.000            256   [Delegate]:86
                                 Delegate/fc1x1_int4_weights      0.000      0.808      0.815     1.005%    45.609%      0.000            256   [Delegate]:758
                                 Delegate/fc1x1_int4_weights      0.000      0.771      0.801     0.987%    46.596%      0.000            256   [Delegate]:786
           Delegate/DownloadGpuMemoryToTensorBufferGpuMemory      0.000      0.560      0.634     0.781%    47.377%      0.000            256   [Delegate]:0
                          Delegate/fc1x1_int4_weights -> add      0.000      0.398      0.413     0.509%    47.886%      0.000            256   [Delegate]:286
                          Delegate/fc1x1_int4_weights -> add      0.000      0.454      0.412     0.508%    48.394%      0.000            256   [Delegate]:426
                          Delegate/fc1x1_int4_weights -> add      0.000      0.443      0.412     0.507%    48.901%      0.000            256   [Delegate]:398
                          Delegate/fc1x1_int4_weights -> add      0.000      0.434      0.411     0.507%    49.408%      0.000            256   [Delegate]:342
                          Delegate/fc1x1_int4_weights -> add      0.000      0.440      0.409     0.504%    49.912%      0.000            256   [Delegate]:370
                          Delegate/fc1x1_int4_weights -> add      0.000      0.439      0.409     0.504%    50.416%      0.000            256   [Delegate]:314
                          Delegate/fc1x1_int4_weights -> add      0.000      0.400      0.409     0.504%    50.920%      0.000            256   [Delegate]:258
                          Delegate/fc1x1_int4_weights -> add      0.000      0.434      0.408     0.503%    51.423%      0.000            256   [Delegate]:174
                          Delegate/fc1x1_int4_weights -> add      0.000      0.400      0.408     0.503%    51.926%      0.000            256   [Delegate]:146
                          Delegate/fc1x1_int4_weights -> add      0.000      0.434      0.408     0.503%    52.429%      0.000            256   [Delegate]:202
                          Delegate/fc1x1_int4_weights -> add      0.000      0.397      0.408     0.502%    52.931%      0.000            256   [Delegate]:566
                          Delegate/fc1x1_int4_weights -> add      0.000      0.390      0.407     0.502%    53.433%      0.000            256   [Delegate]:482
                          Delegate/fc1x1_int4_weights -> add      0.000      0.427      0.407     0.502%    53.935%      0.000            256   [Delegate]:454
                          Delegate/fc1x1_int4_weights -> add      0.000      0.436      0.407     0.501%    54.436%      0.000            256   [Delegate]:594
                          Delegate/fc1x1_int4_weights -> add      0.000      0.409      0.406     0.501%    54.937%      0.000            256   [Delegate]:118
                          Delegate/fc1x1_int4_weights -> add      0.000      0.395      0.406     0.501%    55.438%      0.000            256   [Delegate]:230
                          Delegate/fc1x1_int4_weights -> add      0.000      0.393      0.406     0.501%    55.939%      0.000            256   [Delegate]:34
                          Delegate/fc1x1_int4_weights -> add      0.000      0.400      0.406     0.501%    56.439%      0.000            256   [Delegate]:538
                          Delegate/fc1x1_int4_weights -> add      0.000      0.437      0.405     0.499%    56.938%      0.000            256   [Delegate]:706
                          Delegate/fc1x1_int4_weights -> add      0.000      0.397      0.404     0.498%    57.436%      0.000            256   [Delegate]:650
                          Delegate/fc1x1_int4_weights -> add      0.000      0.432      0.404     0.498%    57.934%      0.000            256   [Delegate]:678
                          Delegate/fc1x1_int4_weights -> add      0.000      0.389      0.403     0.496%    58.430%      0.000            256   [Delegate]:90
                          Delegate/fc1x1_int4_weights -> add      0.000      0.392      0.402     0.496%    58.925%      0.000            256   [Delegate]:622
                          Delegate/fc1x1_int4_weights -> add      0.000      0.375      0.402     0.496%    59.421%      0.000            256   [Delegate]:62
                          Delegate/fc1x1_int4_weights -> add      0.000      0.394      0.402     0.496%    59.917%      0.000            256   [Delegate]:510
                          Delegate/fc1x1_int4_weights -> add      0.000      0.397      0.401     0.495%    60.411%      0.000            256   [Delegate]:734
                          Delegate/fc1x1_int4_weights -> add      0.000      0.384      0.398     0.491%    60.902%      0.000            256   [Delegate]:762
                          Delegate/fc1x1_int4_weights -> add      0.000      0.378      0.392     0.483%    61.385%      0.000            256   [Delegate]:790
                                 Delegate/fc1x1_int4_weights      0.000      0.325      0.296     0.365%    61.750%      0.000            256   [Delegate]:428
                                 Delegate/fc1x1_int4_weights      0.000      0.275      0.294     0.363%    62.113%      0.000            256   [Delegate]:484
                                 Delegate/fc1x1_int4_weights      0.000      0.246      0.288     0.355%    62.468%      0.000            256   [Delegate]:36
                                 Delegate/fc1x1_int4_weights      0.000      0.284      0.287     0.354%    62.822%      0.000            256   [Delegate]:92
                                 Delegate/fc1x1_int4_weights      0.000      0.307      0.283     0.349%    63.171%      0.000            256   [Delegate]:260
                                 Delegate/fc1x1_int4_weights      0.000      0.292      0.276     0.340%    63.511%      0.000            256   [Delegate]:708
                                 Delegate/fc1x1_int4_weights      0.000      0.265      0.274     0.338%    63.849%      0.000            256   [Delegate]:764
                                 Delegate/fc1x1_int4_weights      0.000      0.326      0.267     0.330%    64.178%      0.000            256   [Delegate]:204
                                 Delegate/fc1x1_int4_weights      0.000      0.311      0.258     0.318%    64.497%      0.000            256   [Delegate]:568
                                 Delegate/fc1x1_int4_weights      0.000      0.281      0.257     0.316%    64.813%      0.000            256   [Delegate]:316
                                 Delegate/fc1x1_int4_weights      0.000      0.237      0.256     0.315%    65.128%      0.000            256   [Delegate]:624
                                 Delegate/fc1x1_int4_weights      0.000      0.306      0.252     0.310%    65.438%      0.000            256   [Delegate]:512
                                 Delegate/fc1x1_int4_weights      0.000      0.290      0.251     0.309%    65.747%      0.000            256   [Delegate]:400
                                 Delegate/fc1x1_int4_weights      0.000      0.280      0.248     0.305%    66.053%      0.000            256   [Delegate]:456
                                 Delegate/fc1x1_int4_weights      0.000      0.279      0.247     0.305%    66.357%      0.000            256   [Delegate]:596
                                 Delegate/fc1x1_int4_weights      0.000      0.338      0.247     0.304%    66.662%      0.000            256   [Delegate]:680
                                 Delegate/fc1x1_int4_weights      0.000      0.313      0.246     0.304%    66.965%      0.000            256   [Delegate]:652
                                 Delegate/fc1x1_int4_weights      0.000      0.249      0.244     0.301%    67.266%      0.000            256   [Delegate]:148
                                 Delegate/fc1x1_int4_weights      0.000      0.307      0.243     0.299%    67.565%      0.000            256   [Delegate]:232
                                 Delegate/fc1x1_int4_weights      0.000      0.300      0.242     0.298%    67.863%      0.000            256   [Delegate]:540
                                 Delegate/fc1x1_int4_weights      0.000      0.341      0.239     0.295%    68.157%      0.000            256   [Delegate]:344
                                 Delegate/fc1x1_int4_weights      0.000      0.273      0.236     0.290%    68.448%      0.000            256   [Delegate]:120
                                 Delegate/fc1x1_int4_weights      0.000      0.264      0.235     0.289%    68.737%      0.000            256   [Delegate]:2
                                 Delegate/fc1x1_int4_weights      0.000      0.274      0.234     0.289%    69.025%      0.000            256   [Delegate]:372
                                 Delegate/fc1x1_int4_weights      0.000      0.316      0.226     0.279%    69.305%      0.000            256   [Delegate]:64
                                 Delegate/fc1x1_int4_weights      0.000      0.281      0.224     0.276%    69.581%      0.000            256   [Delegate]:288
                                 Delegate/fc1x1_int4_weights      0.000      0.310      0.222     0.274%    69.854%      0.000            256   [Delegate]:736
                                 Delegate/fc1x1_int4_weights      0.000      0.318      0.222     0.273%    70.128%      0.000            256   [Delegate]:176
                          Delegate/convolution(conv_generic)      0.000     53.283     53.283     0.257%    70.384%      0.000              1   [Delegate]:670
                          Delegate/convolution(conv_generic)      0.000     53.277     53.277     0.256%    70.641%      0.000              1   [Delegate]:810
                          Delegate/convolution(conv_generic)      0.000     53.229     53.229     0.256%    70.897%      0.000              1   [Delegate]:845
                          Delegate/convolution(conv_generic)      0.000     53.220     53.220     0.256%    71.153%      0.000              1   [Delegate]:880
                          Delegate/convolution(conv_generic)      0.000     53.191     53.191     0.256%    71.409%      0.000              1   [Delegate]:915
                          Delegate/convolution(conv_generic)      0.000     53.167     53.167     0.256%    71.665%      0.000              1   [Delegate]:180
                          Delegate/convolution(conv_generic)      0.000     53.139     53.139     0.256%    71.921%      0.000              1   [Delegate]:740
                          Delegate/convolution(conv_generic)      0.000     53.131     53.131     0.256%    72.177%      0.000              1   [Delegate]:600
                          Delegate/convolution(conv_generic)      0.000     53.097     53.097     0.256%    72.432%      0.000              1   [Delegate]:495
                          Delegate/convolution(conv_generic)      0.000     53.054     53.054     0.255%    72.688%      0.000              1   [Delegate]:250
                          Delegate/convolution(conv_generic)      0.000     53.043     53.043     0.255%    72.943%      0.000              1   [Delegate]:75
                          Delegate/convolution(conv_generic)      0.000     53.031     53.031     0.255%    73.198%      0.000              1   [Delegate]:285
                          Delegate/convolution(conv_generic)      0.000     53.028     53.028     0.255%    73.454%      0.000              1   [Delegate]:145
                          Delegate/convolution(conv_generic)      0.000     53.018     53.018     0.255%    73.709%      0.000              1   [Delegate]:110
                          Delegate/convolution(conv_generic)      0.000     53.014     53.014     0.255%    73.964%      0.000              1   [Delegate]:425
                          Delegate/convolution(conv_generic)      0.000     52.973     52.973     0.255%    74.219%      0.000              1   [Delegate]:215
                          Delegate/convolution(conv_generic)      0.000     52.924     52.924     0.255%    74.474%      0.000              1   [Delegate]:355
                          Delegate/convolution(conv_generic)      0.000     52.917     52.917     0.255%    74.729%      0.000              1   [Delegate]:40
                          Delegate/convolution(conv_generic)      0.000     52.895     52.895     0.255%    74.983%      0.000              1   [Delegate]:705
                          Delegate/convolution(conv_generic)      0.000     52.870     52.870     0.255%    75.238%      0.000              1   [Delegate]:390
                          Delegate/convolution(conv_generic)      0.000     52.842     52.842     0.254%    75.492%      0.000              1   [Delegate]:565
                          Delegate/convolution(conv_generic)      0.000     52.823     52.823     0.254%    75.747%      0.000              1   [Delegate]:775
                          Delegate/convolution(conv_generic)      0.000     52.805     52.805     0.254%    76.001%      0.000              1   [Delegate]:635
                          Delegate/convolution(conv_generic)      0.000     52.793     52.793     0.254%    76.255%      0.000              1   [Delegate]:460
                          Delegate/convolution(conv_generic)      0.000     52.773     52.773     0.254%    76.509%      0.000              1   [Delegate]:530
                          Delegate/convolution(conv_generic)      0.000     52.679     52.679     0.254%    76.763%      0.000              1   [Delegate]:320
                          Delegate/convolution(conv_generic)      0.000     52.669     52.669     0.254%    77.016%      0.000              1   [Delegate]:950
                          Delegate/convolution(conv_generic)      0.000     52.640     52.640     0.253%    77.270%      0.000              1   [Delegate]:985
                   Delegate/convolution(conv_generic) -> add      0.000     28.651     28.651     0.138%    77.407%      0.000              1   [Delegate]:745
                   Delegate/convolution(conv_generic) -> add      0.000     28.607     28.607     0.138%    77.545%      0.000              1   [Delegate]:500
                   Delegate/convolution(conv_generic) -> add      0.000     28.593     28.593     0.138%    77.683%      0.000              1   [Delegate]:885
                   Delegate/convolution(conv_generic) -> add      0.000     28.585     28.585     0.138%    77.820%      0.000              1   [Delegate]:815
                   Delegate/convolution(conv_generic) -> add      0.000     28.583     28.583     0.138%    77.958%      0.000              1   [Delegate]:255
                   Delegate/convolution(conv_generic) -> add      0.000     28.583     28.583     0.138%    78.096%      0.000              1   [Delegate]:570
                   Delegate/convolution(conv_generic) -> add      0.000     28.582     28.582     0.138%    78.233%      0.000              1   [Delegate]:535
                   Delegate/convolution(conv_generic) -> add      0.000     28.581     28.581     0.138%    78.371%      0.000              1   [Delegate]:850
                   Delegate/convolution(conv_generic) -> add      0.000     28.561     28.561     0.137%    78.508%      0.000              1   [Delegate]:290
                   Delegate/convolution(conv_generic) -> add      0.000     28.557     28.557     0.137%    78.646%      0.000              1   [Delegate]:360
                   Delegate/convolution(conv_generic) -> add      0.000     28.556     28.556     0.137%    78.783%      0.000              1   [Delegate]:675
                   Delegate/convolution(conv_generic) -> add      0.000     28.555     28.555     0.137%    78.921%      0.000              1   [Delegate]:430
                   Delegate/convolution(conv_generic) -> add      0.000     28.551     28.551     0.137%    79.058%      0.000              1   [Delegate]:640
                   Delegate/convolution(conv_generic) -> add      0.000     28.544     28.544     0.137%    79.196%      0.000              1   [Delegate]:605
                   Delegate/convolution(conv_generic) -> add      0.000     28.540     28.540     0.137%    79.333%      0.000              1   [Delegate]:220
                   Delegate/convolution(conv_generic) -> add      0.000     28.538     28.538     0.137%    79.470%      0.000              1   [Delegate]:325
                   Delegate/convolution(conv_generic) -> add      0.000     28.532     28.532     0.137%    79.608%      0.000              1   [Delegate]:990
                   Delegate/convolution(conv_generic) -> add      0.000     28.530     28.530     0.137%    79.745%      0.000              1   [Delegate]:150
                   Delegate/convolution(conv_generic) -> add      0.000     28.530     28.530     0.137%    79.882%      0.000              1   [Delegate]:955
                   Delegate/convolution(conv_generic) -> add      0.000     28.529     28.529     0.137%    80.020%      0.000              1   [Delegate]:395
                   Delegate/convolution(conv_generic) -> add      0.000     28.526     28.526     0.137%    80.157%      0.000              1   [Delegate]:115
                   Delegate/convolution(conv_generic) -> add      0.000     28.526     28.526     0.137%    80.294%      0.000              1   [Delegate]:780
                   Delegate/convolution(conv_generic) -> add      0.000     28.525     28.525     0.137%    80.432%      0.000              1   [Delegate]:80
                   Delegate/convolution(conv_generic) -> add      0.000     28.519     28.519     0.137%    80.569%      0.000              1   [Delegate]:185
                   Delegate/convolution(conv_generic) -> add      0.000     28.513     28.513     0.137%    80.706%      0.000              1   [Delegate]:45
                   Delegate/convolution(conv_generic) -> add      0.000     28.513     28.513     0.137%    80.844%      0.000              1   [Delegate]:465
                   Delegate/convolution(conv_generic) -> add      0.000     28.512     28.512     0.137%    80.981%      0.000              1   [Delegate]:710
                   Delegate/convolution(conv_generic) -> add      0.000     28.509     28.509     0.137%    81.118%      0.000              1   [Delegate]:920
                          Delegate/fc1x1_int4_weights -> add      0.000      0.161      0.078     0.097%    81.215%      0.000            256   [Delegate]:616
                          Delegate/fc1x1_int4_weights -> add      0.000      0.158      0.076     0.093%    81.308%      0.000            256   [Delegate]:420
                          Delegate/fc1x1_int4_weights -> add      0.000      0.167      0.074     0.091%    81.399%      0.000            256   [Delegate]:28
                          Delegate/convolution(conv_generic)      0.000     18.741     18.741     0.090%    81.489%      0.000              1   [Delegate]:6
                          Delegate/fc1x1_int4_weights -> add      0.000      0.163      0.073     0.090%    81.579%      0.000            256   [Delegate]:392
                          Delegate/fc1x1_int4_weights -> add      0.000      0.160      0.073     0.090%    81.669%      0.000            256   [Delegate]:196
                          Delegate/fc1x1_int4_weights -> add      0.000      0.162      0.073     0.090%    81.759%      0.000            256   [Delegate]:672
                          Delegate/fc1x1_int4_weights -> add      0.000      0.147      0.073     0.090%    81.848%      0.000            256   [Delegate]:476
                          Delegate/fc1x1_int4_weights -> add      0.000      0.123      0.073     0.089%    81.938%      0.000            256   [Delegate]:252
                          Delegate/fc1x1_int4_weights -> add      0.000      0.164      0.073     0.089%    82.027%      0.000            256   [Delegate]:588
                          Delegate/fc1x1_int4_weights -> add      0.000      0.123      0.072     0.089%    82.116%      0.000            256   [Delegate]:224
                          Delegate/fc1x1_int4_weights -> add      0.000      0.138      0.072     0.089%    82.205%      0.000            256   [Delegate]:168
                          Delegate/fc1x1_int4_weights -> add      0.000      0.148      0.072     0.089%    82.294%      0.000            256   [Delegate]:280
                          Delegate/fc1x1_int4_weights -> add      0.000      0.142      0.072     0.089%    82.383%      0.000            256   [Delegate]:140
                          Delegate/fc1x1_int4_weights -> add      0.000      0.161      0.072     0.089%    82.472%      0.000            256   [Delegate]:364
                          Delegate/fc1x1_int4_weights -> add      0.000      0.159      0.072     0.088%    82.560%      0.000            256   [Delegate]:700
                          Delegate/fc1x1_int4_weights -> add      0.000      0.136      0.072     0.088%    82.649%      0.000            256   [Delegate]:532
                          Delegate/fc1x1_int4_weights -> add      0.000      0.160      0.072     0.088%    82.737%      0.000            256   [Delegate]:336
                          Delegate/fc1x1_int4_weights -> add      0.000      0.155      0.072     0.088%    82.825%      0.000            256   [Delegate]:448
                          Delegate/fc1x1_int4_weights -> add      0.000      0.145      0.072     0.088%    82.913%      0.000            256   [Delegate]:84
                          Delegate/fc1x1_int4_weights -> add      0.000      0.131      0.072     0.088%    83.002%      0.000            256   [Delegate]:560
                          Delegate/fc1x1_int4_weights -> add      0.000      0.066      0.071     0.088%    83.090%      0.000            256   [Delegate]:784
                          Delegate/fc1x1_int4_weights -> add      0.000      0.128      0.071     0.088%    83.177%      0.000            256   [Delegate]:644
                          Delegate/fc1x1_int4_weights -> add      0.000      0.141      0.071     0.088%    83.265%      0.000            256   [Delegate]:756
                          Delegate/fc1x1_int4_weights -> add      0.000      0.133      0.071     0.088%    83.353%      0.000            256   [Delegate]:728
                          Delegate/fc1x1_int4_weights -> add      0.000      0.152      0.071     0.088%    83.441%      0.000            256   [Delegate]:112
                          Delegate/fc1x1_int4_weights -> add      0.000      0.167      0.071     0.088%    83.529%      0.000            256   [Delegate]:308
                          Delegate/fc1x1_int4_weights -> add      0.000      0.066      0.071     0.087%    83.615%      0.000            256   [Delegate]:56
                          Delegate/fc1x1_int4_weights -> add      0.000      0.124      0.070     0.087%    83.702%      0.000            256   [Delegate]:504
                          Delegate/convolution(conv_generic)      0.000     17.582     17.582     0.085%    83.787%      0.000              1   [Delegate]:748
                          Delegate/convolution(conv_generic)      0.000     17.421     17.421     0.084%    83.871%      0.000              1   [Delegate]:433
                          Delegate/convolution(conv_generic)      0.000     17.418     17.418     0.084%    83.954%      0.000              1   [Delegate]:468
                          Delegate/convolution(conv_generic)      0.000     17.410     17.410     0.084%    84.038%      0.000              1   [Delegate]:223
                          Delegate/convolution(conv_generic)      0.000     17.398     17.398     0.084%    84.122%      0.000              1   [Delegate]:573
                          Delegate/convolution(conv_generic)      0.000     17.388     17.388     0.084%    84.206%      0.000              1   [Delegate]:643
                          Delegate/convolution(conv_generic)      0.000     17.384     17.384     0.084%    84.289%      0.000              1   [Delegate]:118
                          Delegate/convolution(conv_generic)      0.000     17.380     17.380     0.084%    84.373%      0.000              1   [Delegate]:188
                          Delegate/convolution(conv_generic)      0.000     17.349     17.349     0.084%    84.457%      0.000              1   [Delegate]:608
                          Delegate/convolution(conv_generic)      0.000     17.303     17.303     0.083%    84.540%      0.000              1   [Delegate]:153
                          Delegate/convolution(conv_generic)      0.000     17.188     17.188     0.083%    84.623%      0.000              1   [Delegate]:888
                          Delegate/convolution(conv_generic)      0.000     17.184     17.184     0.083%    84.705%      0.000              1   [Delegate]:258
                          Delegate/convolution(conv_generic)      0.000     17.175     17.175     0.083%    84.788%      0.000              1   [Delegate]:538
                          Delegate/convolution(conv_generic)      0.000     17.172     17.172     0.083%    84.871%      0.000              1   [Delegate]:398
                          Delegate/convolution(conv_generic)      0.000     17.167     17.167     0.083%    84.953%      0.000              1   [Delegate]:853
                          Delegate/convolution(conv_generic)      0.000     17.163     17.163     0.083%    85.036%      0.000              1   [Delegate]:783
                          Delegate/convolution(conv_generic)      0.000     17.162     17.162     0.083%    85.119%      0.000              1   [Delegate]:363
                          Delegate/convolution(conv_generic)      0.000     17.160     17.160     0.083%    85.201%      0.000              1   [Delegate]:923
                          Delegate/convolution(conv_generic)      0.000     17.154     17.154     0.083%    85.284%      0.000              1   [Delegate]:958
                          Delegate/convolution(conv_generic)      0.000     17.150     17.150     0.083%    85.366%      0.000              1   [Delegate]:328
                          Delegate/convolution(conv_generic)      0.000     17.149     17.149     0.083%    85.449%      0.000              1   [Delegate]:713
                          Delegate/convolution(conv_generic)      0.000     17.146     17.146     0.083%    85.531%      0.000              1   [Delegate]:293
                          Delegate/convolution(conv_generic)      0.000     17.141     17.141     0.083%    85.614%      0.000              1   [Delegate]:678
                          Delegate/convolution(conv_generic)      0.000     17.137     17.137     0.083%    85.696%      0.000              1   [Delegate]:818
                          Delegate/convolution(conv_generic)      0.000     17.121     17.121     0.082%    85.779%      0.000              1   [Delegate]:83
                          Delegate/convolution(conv_generic)      0.000     17.105     17.105     0.082%    85.861%      0.000              1   [Delegate]:503
                          Delegate/convolution(conv_generic)      0.000     17.102     17.102     0.082%    85.944%      0.000              1   [Delegate]:48
                   Delegate/convolution(conv_generic) -> add      0.000      9.417      9.417     0.045%    85.989%      0.000              1   [Delegate]:37
                   Delegate/convolution(conv_generic) -> add      0.000      9.009      9.009     0.043%    86.032%      0.000              1   [Delegate]:667
                   Delegate/convolution(conv_generic) -> add      0.000      9.004      9.004     0.043%    86.076%      0.000              1   [Delegate]:842
                   Delegate/convolution(conv_generic) -> add      0.000      9.002      9.002     0.043%    86.119%      0.000              1   [Delegate]:737
                   Delegate/convolution(conv_generic) -> add      0.000      9.001      9.001     0.043%    86.162%      0.000              1   [Delegate]:597
                   Delegate/convolution(conv_generic) -> add      0.000      8.996      8.996     0.043%    86.206%      0.000              1   [Delegate]:72
                   Delegate/convolution(conv_generic) -> add      0.000      8.995      8.995     0.043%    86.249%      0.000              1   [Delegate]:387
                   Delegate/convolution(conv_generic) -> add      0.000      8.995      8.995     0.043%    86.292%      0.000              1   [Delegate]:807
                   Delegate/convolution(conv_generic) -> add      0.000      8.994      8.994     0.043%    86.335%      0.000              1   [Delegate]:352
                   Delegate/convolution(conv_generic) -> add      0.000      8.986      8.986     0.043%    86.379%      0.000              1   [Delegate]:877
                   Delegate/convolution(conv_generic) -> add      0.000      8.982      8.982     0.043%    86.422%      0.000              1   [Delegate]:107
                   Delegate/convolution(conv_generic) -> add      0.000      8.973      8.973     0.043%    86.465%      0.000              1   [Delegate]:702
                   Delegate/convolution(conv_generic) -> add      0.000      8.972      8.972     0.043%    86.508%      0.000              1   [Delegate]:247
                   Delegate/convolution(conv_generic) -> add      0.000      8.969      8.969     0.043%    86.552%      0.000              1   [Delegate]:527
                   Delegate/convolution(conv_generic) -> add      0.000      8.968      8.968     0.043%    86.595%      0.000              1   [Delegate]:282
                   Delegate/convolution(conv_generic) -> add      0.000      8.966      8.966     0.043%    86.638%      0.000              1   [Delegate]:142
                   Delegate/convolution(conv_generic) -> add      0.000      8.962      8.962     0.043%    86.681%      0.000              1   [Delegate]:562
                   Delegate/convolution(conv_generic) -> add      0.000      8.960      8.960     0.043%    86.724%      0.000              1   [Delegate]:772
                   Delegate/convolution(conv_generic) -> add      0.000      8.958      8.958     0.043%    86.767%      0.000              1   [Delegate]:492
                   Delegate/convolution(conv_generic) -> add      0.000      8.955      8.955     0.043%    86.810%      0.000              1   [Delegate]:177
                   Delegate/convolution(conv_generic) -> add      0.000      8.948      8.948     0.043%    86.853%      0.000              1   [Delegate]:212
                   Delegate/convolution(conv_generic) -> add      0.000      8.944      8.944     0.043%    86.897%      0.000              1   [Delegate]:422
                   Delegate/convolution(conv_generic) -> add      0.000      8.939      8.939     0.043%    86.940%      0.000              1   [Delegate]:457
                   Delegate/convolution(conv_generic) -> add      0.000      8.935      8.935     0.043%    86.983%      0.000              1   [Delegate]:317
                   Delegate/convolution(conv_generic) -> add      0.000      8.912      8.912     0.043%    87.025%      0.000              1   [Delegate]:632
                   Delegate/convolution(conv_generic) -> add      0.000      8.906      8.906     0.043%    87.068%      0.000              1   [Delegate]:947
                   Delegate/convolution(conv_generic) -> add      0.000      8.898      8.898     0.043%    87.111%      0.000              1   [Delegate]:912
                   Delegate/convolution(conv_generic) -> add      0.000      8.890      8.890     0.043%    87.154%      0.000              1   [Delegate]:982
                                   Delegate/embedding_lookup      0.000      0.034      0.029     0.036%    87.190%      0.000            256   [Delegate]:0
                                    Delegate/fully_connected      0.000      0.025      0.028     0.034%    87.224%      0.000            256   [Delegate]:23
                                    Delegate/fully_connected      0.000      0.018      0.027     0.033%    87.257%      0.000            256   [Delegate]:247
                                    Delegate/fully_connected      0.000      0.020      0.027     0.033%    87.290%      0.000            256   [Delegate]:163
                                    Delegate/fully_connected      0.000      0.023      0.027     0.033%    87.323%      0.000            256   [Delegate]:387
                                    Delegate/fully_connected      0.000      0.019      0.027     0.033%    87.356%      0.000            256   [Delegate]:555
                                    Delegate/fully_connected      0.000      0.022      0.027     0.033%    87.389%      0.000            256   [Delegate]:331
                                    Delegate/fully_connected      0.000      0.019      0.027     0.033%    87.422%      0.000            256   [Delegate]:527
                                    Delegate/fully_connected      0.000      0.019      0.027     0.033%    87.455%      0.000            256   [Delegate]:275
                                    Delegate/fully_connected      0.000      0.022      0.027     0.033%    87.488%      0.000            256   [Delegate]:303
                                    Delegate/fully_connected      0.000      0.019      0.026     0.033%    87.520%      0.000            256   [Delegate]:639
                                    Delegate/fully_connected      0.000      0.019      0.026     0.033%    87.553%      0.000            256   [Delegate]:219
                                    Delegate/fully_connected      0.000      0.023      0.026     0.033%    87.585%      0.000            256   [Delegate]:415
                                    Delegate/fully_connected      0.000      0.019      0.026     0.032%    87.618%      0.000            256   [Delegate]:191
                                    Delegate/fully_connected      0.000      0.022      0.026     0.032%    87.650%      0.000            256   [Delegate]:583
                                    Delegate/fully_connected      0.000      0.021      0.026     0.032%    87.682%      0.000            256   [Delegate]:359
                                    Delegate/fully_connected      0.000      0.021      0.026     0.032%    87.715%      0.000            256   [Delegate]:79
                                    Delegate/fully_connected      0.000      0.023      0.026     0.032%    87.747%      0.000            256   [Delegate]:611
                                    Delegate/fully_connected      0.000      0.019      0.026     0.032%    87.779%      0.000            256   [Delegate]:135
                                    Delegate/fully_connected      0.000      0.019      0.026     0.032%    87.811%      0.000            256   [Delegate]:499
                                    Delegate/fully_connected      0.000      0.020      0.026     0.032%    87.843%      0.000            256   [Delegate]:107
                                    Delegate/fully_connected      0.000      0.022      0.026     0.032%    87.875%      0.000            256   [Delegate]:695
                                    Delegate/fully_connected      0.000      0.022      0.026     0.032%    87.906%      0.000            256   [Delegate]:471
                                    Delegate/fully_connected      0.000      0.023      0.026     0.032%    87.938%      0.000            256   [Delegate]:51
                                    Delegate/fully_connected      0.000      0.022      0.026     0.032%    87.970%      0.000            256   [Delegate]:443
                                    Delegate/fully_connected      0.000      0.020      0.026     0.032%    88.001%      0.000            256   [Delegate]:723
                                    Delegate/fully_connected      0.000      0.020      0.026     0.032%    88.033%      0.000            256   [Delegate]:751
                                    Delegate/fully_connected      0.000      0.021      0.026     0.032%    88.064%      0.000            256   [Delegate]:667
                                    Delegate/fully_connected      0.000      0.025      0.025     0.031%    88.095%      0.000            256   [Delegate]:418
                                    Delegate/fully_connected      0.000      0.018      0.025     0.031%    88.127%      0.000            256   [Delegate]:782
                                    Delegate/fully_connected      0.000      0.024      0.025     0.031%    88.158%      0.000            256   [Delegate]:110
                                    Delegate/fully_connected      0.000      0.016      0.025     0.031%    88.189%      0.000            256   [Delegate]:779
                                    Delegate/fully_connected      0.000      0.022      0.025     0.031%    88.220%      0.000            256   [Delegate]:558
                                    Delegate/fully_connected      0.000      0.025      0.025     0.030%    88.250%      0.000            256   [Delegate]:698
                                    Delegate/fully_connected      0.000      0.022      0.025     0.030%    88.281%      0.000            256   [Delegate]:530
                                    Delegate/fully_connected      0.000      0.023      0.025     0.030%    88.311%      0.000            256   [Delegate]:194
                                    Delegate/fully_connected      0.000      0.027      0.025     0.030%    88.342%      0.000            256   [Delegate]:586
                                    Delegate/fully_connected      0.000      0.021      0.025     0.030%    88.372%      0.000            256   [Delegate]:250
                                    Delegate/fully_connected      0.000      0.022      0.025     0.030%    88.403%      0.000            256   [Delegate]:166
                                    Delegate/fully_connected      0.000      0.025      0.025     0.030%    88.433%      0.000            256   [Delegate]:26
                                    Delegate/fully_connected      0.000      0.024      0.025     0.030%    88.463%      0.000            256   [Delegate]:362
                                    Delegate/fully_connected      0.000      0.023      0.025     0.030%    88.494%      0.000            256   [Delegate]:390
                                    Delegate/fully_connected      0.000      0.025      0.025     0.030%    88.524%      0.000            256   [Delegate]:306
                                            Delegate/softmax      0.000      0.037      0.024     0.030%    88.554%      0.000            256   [Delegate]:361
                                    Delegate/fully_connected      0.000      0.023      0.024     0.030%    88.584%      0.000            256   [Delegate]:334
                                            Delegate/softmax      0.000      0.032      0.024     0.030%    88.614%      0.000            256   [Delegate]:193
                                            Delegate/softmax      0.000      0.032      0.024     0.030%    88.644%      0.000            256   [Delegate]:333
                                            Delegate/softmax      0.000      0.036      0.024     0.030%    88.674%      0.000            256   [Delegate]:305
                                    Delegate/fully_connected      0.000      0.027      0.024     0.030%    88.705%      0.000            256   [Delegate]:446
                                            Delegate/softmax      0.000      0.035      0.024     0.030%    88.735%      0.000            256   [Delegate]:417
                                            Delegate/softmax      0.000      0.040      0.024     0.030%    88.765%      0.000            256   [Delegate]:25
                                            Delegate/softmax      0.000      0.033      0.024     0.030%    88.795%      0.000            256   [Delegate]:389
                                            Delegate/softmax      0.000      0.028      0.024     0.030%    88.825%      0.000            256   [Delegate]:221
                                            Delegate/softmax      0.000      0.028      0.024     0.030%    88.855%      0.000            256   [Delegate]:249
                                    Delegate/fully_connected      0.000      0.021      0.024     0.030%    88.885%      0.000            256   [Delegate]:278
                                    Delegate/fully_connected      0.000      0.021      0.024     0.030%    88.915%      0.000            256   [Delegate]:726
                                            Delegate/softmax      0.000      0.042      0.024     0.030%    88.945%      0.000            256   [Delegate]:585
                                    Delegate/fully_connected      0.000      0.020      0.024     0.030%    88.975%      0.000            256   [Delegate]:222
                                            Delegate/softmax      0.000      0.030      0.024     0.030%    89.004%      0.000            256   [Delegate]:277
                                    Delegate/fully_connected      0.000      0.024      0.024     0.030%    89.034%      0.000            256   [Delegate]:474
                                            Delegate/softmax      0.000      0.037      0.024     0.030%    89.064%      0.000            256   [Delegate]:557
                                            Delegate/softmax      0.000      0.030      0.024     0.030%    89.094%      0.000            256   [Delegate]:165
                                            Delegate/softmax      0.000      0.033      0.024     0.030%    89.124%      0.000            256   [Delegate]:473
                                    Delegate/fully_connected      0.000      0.024      0.024     0.030%    89.154%      0.000            256   [Delegate]:54
                                            Delegate/softmax      0.000      0.045      0.024     0.030%    89.184%      0.000            256   [Delegate]:445
                                    Delegate/fully_connected      0.000      0.020      0.024     0.030%    89.214%      0.000            256   [Delegate]:502
                                    Delegate/fully_connected      0.000      0.026      0.024     0.030%    89.243%      0.000            256   [Delegate]:614
                                            Delegate/softmax      0.000      0.029      0.024     0.030%    89.273%      0.000            256   [Delegate]:501
                                            Delegate/softmax      0.000      0.029      0.024     0.030%    89.303%      0.000            256   [Delegate]:137
                                            Delegate/softmax      0.000      0.022      0.024     0.030%    89.333%      0.000            256   [Delegate]:781
                                            Delegate/softmax      0.000      0.037      0.024     0.030%    89.362%      0.000            256   [Delegate]:669
                                    Delegate/fully_connected      0.000      0.021      0.024     0.030%    89.392%      0.000            256   [Delegate]:754
                                            Delegate/softmax      0.000      0.037      0.024     0.030%    89.422%      0.000            256   [Delegate]:613
                                            Delegate/softmax      0.000      0.029      0.024     0.030%    89.451%      0.000            256   [Delegate]:529
                                            Delegate/softmax      0.000      0.036      0.024     0.030%    89.481%      0.000            256   [Delegate]:697
                                            Delegate/softmax      0.000      0.029      0.024     0.030%    89.510%      0.000            256   [Delegate]:641
                                            Delegate/softmax      0.000      0.037      0.024     0.030%    89.540%      0.000            256   [Delegate]:81
                                    Delegate/fully_connected      0.000      0.022      0.024     0.030%    89.570%      0.000            256   [Delegate]:138
                                    Delegate/fully_connected      0.000      0.024      0.024     0.030%    89.599%      0.000            256   [Delegate]:670
                                            Delegate/softmax      0.000      0.030      0.024     0.030%    89.629%      0.000            256   [Delegate]:725
                                            Delegate/softmax      0.000      0.032      0.024     0.030%    89.658%      0.000            256   [Delegate]:109
                                            Delegate/softmax      0.000      0.030      0.024     0.029%    89.688%      0.000            256   [Delegate]:753
                                            Delegate/softmax      0.000      0.039      0.024     0.029%    89.717%      0.000            256   [Delegate]:53
                                    Delegate/fully_connected      0.000      0.020      0.024     0.029%    89.746%      0.000            256   [Delegate]:642
                                    Delegate/fully_connected      0.000      0.023      0.024     0.029%    89.776%      0.000            256   [Delegate]:82
                           Delegate/UploadOrBindTensorBuffer      0.000      5.295      5.295     0.025%    89.801%      0.000              1   [Delegate]:0
                                 Delegate/fc1x1_int4_weights      0.000      4.974      4.974     0.024%    89.825%      0.000              1   [Delegate]:993
           Delegate/DownloadGpuMemoryToTensorBufferGpuMemory      0.000      4.533      4.533     0.022%    89.847%      0.000              1   [Delegate]:0
                    Delegate/select_v2 -> maximum -> minimum      0.000      0.024      0.017     0.021%    89.867%      0.000            256   [Delegate]:24
                    Delegate/select_v2 -> maximum -> minimum      0.000      0.017      0.017     0.020%    89.888%      0.000            256   [Delegate]:248
                    Delegate/select_v2 -> maximum -> minimum      0.000      0.019      0.017     0.020%    89.908%      0.000            256   [Delegate]:360
                    Delegate/select_v2 -> maximum -> minimum      0.000      0.020      0.017     0.020%    89.929%      0.000            256   [Delegate]:472
                             Delegate/SplitRoPEConcat -> mul      0.000      0.020      0.017     0.020%    89.949%      0.000            256   [Delegate]:12
                    Delegate/select_v2 -> maximum -> minimum      0.000      0.017      0.017     0.020%    89.970%      0.000            256   [Delegate]:276
                    Delegate/select_v2 -> maximum -> minimum      0.000      0.018      0.017     0.020%    89.990%      0.000            256   [Delegate]:192
                    Delegate/select_v2 -> maximum -> minimum      0.000      0.019      0.016     0.020%    90.010%      0.000            256   [Delegate]:164
                    Delegate/select_v2 -> maximum -> minimum      0.000      0.018      0.016     0.020%    90.030%      0.000            256   [Delegate]:556
                    Delegate/select_v2 -> maximum -> minimum      0.000      0.021      0.016     0.020%    90.051%      0.000            256   [Delegate]:444
                    Delegate/select_v2 -> maximum -> minimum      0.000      0.019      0.016     0.020%    90.071%      0.000            256   [Delegate]:332
                    Delegate/select_v2 -> maximum -> minimum      0.000      0.017      0.016     0.020%    90.091%      0.000            256   [Delegate]:528
                    Delegate/select_v2 -> maximum -> minimum      0.000      0.020      0.016     0.020%    90.112%      0.000            256   [Delegate]:388
                    Delegate/select_v2 -> maximum -> minimum      0.000      0.022      0.016     0.020%    90.132%      0.000            256   [Delegate]:584
                    Delegate/select_v2 -> maximum -> minimum      0.000      0.017      0.016     0.020%    90.152%      0.000            256   [Delegate]:220
                    Delegate/select_v2 -> maximum -> minimum      0.000      0.019      0.016     0.020%    90.172%      0.000            256   [Delegate]:668
                    Delegate/select_v2 -> maximum -> minimum      0.000      0.018      0.016     0.020%    90.192%      0.000            256   [Delegate]:640
                    Delegate/select_v2 -> maximum -> minimum      0.000      0.021      0.016     0.020%    90.212%      0.000            256   [Delegate]:612
                    Delegate/select_v2 -> maximum -> minimum      0.000      0.020      0.016     0.020%    90.232%      0.000            256   [Delegate]:416
                    Delegate/select_v2 -> maximum -> minimum      0.000      0.018      0.016     0.020%    90.252%      0.000            256   [Delegate]:500
                    Delegate/select_v2 -> maximum -> minimum      0.000      0.019      0.016     0.020%    90.273%      0.000            256   [Delegate]:304
                    Delegate/select_v2 -> maximum -> minimum      0.000      0.019      0.016     0.020%    90.293%      0.000            256   [Delegate]:696
                    Delegate/select_v2 -> maximum -> minimum      0.000      0.018      0.016     0.020%    90.313%      0.000            256   [Delegate]:724
                    Delegate/select_v2 -> maximum -> minimum      0.000      0.019      0.016     0.020%    90.333%      0.000            256   [Delegate]:80
                    Delegate/select_v2 -> maximum -> minimum      0.000      0.018      0.016     0.020%    90.352%      0.000            256   [Delegate]:752
                    Delegate/select_v2 -> maximum -> minimum      0.000      0.015      0.016     0.020%    90.372%      0.000            256   [Delegate]:780
                    Delegate/select_v2 -> maximum -> minimum      0.000      0.021      0.016     0.020%    90.392%      0.000            256   [Delegate]:52
                    Delegate/select_v2 -> maximum -> minimum      0.000      0.018      0.016     0.020%    90.412%      0.000            256   [Delegate]:108
                    Delegate/select_v2 -> maximum -> minimum      0.000      0.017      0.016     0.020%    90.431%      0.000            256   [Delegate]:136
                             Delegate/SplitRoPEConcat -> mul      0.000      0.019      0.016     0.019%    90.450%      0.000            256   [Delegate]:354
                             Delegate/SplitRoPEConcat -> mul      0.000      0.021      0.016     0.019%    90.470%      0.000            256   [Delegate]:298
                             Delegate/SplitRoPEConcat -> mul      0.000      0.019      0.016     0.019%    90.489%      0.000            256   [Delegate]:326
                             Delegate/SplitRoPEConcat -> mul      0.000      0.020      0.016     0.019%    90.508%      0.000            256   [Delegate]:186
                             Delegate/SplitRoPEConcat -> mul      0.000      0.016      0.016     0.019%    90.528%      0.000            256   [Delegate]:242
                             Delegate/SplitRoPEConcat -> mul      0.000      0.021      0.016     0.019%    90.547%      0.000            256   [Delegate]:410
                             Delegate/SplitRoPEConcat -> mul      0.000      0.020      0.016     0.019%    90.566%      0.000            256   [Delegate]:382
                             Delegate/SplitRoPEConcat -> mul      0.000      0.015      0.016     0.019%    90.585%      0.000            256   [Delegate]:214
                             Delegate/SplitRoPEConcat -> mul      0.000      0.017      0.016     0.019%    90.604%      0.000            256   [Delegate]:270
                             Delegate/SplitRoPEConcat -> mul      0.000      0.019      0.016     0.019%    90.624%      0.000            256   [Delegate]:578
                             Delegate/SplitRoPEConcat -> mul      0.000      0.019      0.016     0.019%    90.643%      0.000            256   [Delegate]:158
                             Delegate/SplitRoPEConcat -> mul      0.000      0.021      0.016     0.019%    90.662%      0.000            256   [Delegate]:438
                             Delegate/SplitRoPEConcat -> mul      0.000      0.021      0.016     0.019%    90.681%      0.000            256   [Delegate]:466
                             Delegate/SplitRoPEConcat -> mul      0.000      0.015      0.015     0.019%    90.700%      0.000            256   [Delegate]:494
                             Delegate/SplitRoPEConcat -> mul      0.000      0.017      0.015     0.019%    90.719%      0.000            256   [Delegate]:550
                             Delegate/SplitRoPEConcat -> mul      0.000      0.016      0.015     0.019%    90.738%      0.000            256   [Delegate]:130
                             Delegate/SplitRoPEConcat -> mul      0.000      0.021      0.015     0.019%    90.757%      0.000            256   [Delegate]:606
                             Delegate/SplitRoPEConcat -> mul      0.000      0.020      0.015     0.019%    90.776%      0.000            256   [Delegate]:690
                             Delegate/SplitRoPEConcat -> mul      0.000      0.016      0.015     0.019%    90.795%      0.000            256   [Delegate]:634
                             Delegate/SplitRoPEConcat -> mul      0.000      0.018      0.015     0.019%    90.814%      0.000            256   [Delegate]:102
                             Delegate/SplitRoPEConcat -> mul      0.000      0.020      0.015     0.019%    90.833%      0.000            256   [Delegate]:662
                             Delegate/SplitRoPEConcat -> mul      0.000      0.016      0.015     0.019%    90.852%      0.000            256   [Delegate]:522
                             Delegate/SplitRoPEConcat -> mul      0.000      0.019      0.015     0.019%    90.871%      0.000            256   [Delegate]:718
                             Delegate/SplitRoPEConcat -> mul      0.000      0.017      0.015     0.019%    90.890%      0.000            256   [Delegate]:74
                             Delegate/SplitRoPEConcat -> mul      0.000      0.024      0.015     0.019%    90.908%      0.000            256   [Delegate]:46
                             Delegate/SplitRoPEConcat -> mul      0.000      0.017      0.015     0.019%    90.927%      0.000            256   [Delegate]:746
                             Delegate/SplitRoPEConcat -> mul      0.000      0.014      0.015     0.019%    90.946%      0.000            256   [Delegate]:774
                           Delegate/rms_normalization -> mul      0.000      0.019      0.015     0.018%    90.964%      0.000            256   [Delegate]:309
                           Delegate/rms_normalization -> mul      0.000      0.019      0.015     0.018%    90.982%      0.000            256   [Delegate]:315
                           Delegate/rms_normalization -> mul      0.000      0.019      0.015     0.018%    91.001%      0.000            256   [Delegate]:337
                           Delegate/rms_normalization -> mul      0.000      0.019      0.015     0.018%    91.019%      0.000            256   [Delegate]:197
                           Delegate/rms_normalization -> mul      0.000      0.018      0.015     0.018%    91.037%      0.000            256   [Delegate]:421
                           Delegate/rms_normalization -> mul      0.000      0.019      0.015     0.018%    91.056%      0.000            256   [Delegate]:399
                           Delegate/rms_normalization -> mul      0.000      0.019      0.015     0.018%    91.074%      0.000            256   [Delegate]:203
                           Delegate/rms_normalization -> mul      0.000      0.020      0.015     0.018%    91.092%      0.000            256   [Delegate]:343
                           Delegate/rms_normalization -> mul      0.000      0.019      0.015     0.018%    91.110%      0.000            256   [Delegate]:393
                           Delegate/rms_normalization -> mul      0.000      0.017      0.015     0.018%    91.129%      0.000            256   [Delegate]:427
                           Delegate/rms_normalization -> mul      0.000      0.017      0.015     0.018%    91.147%      0.000            256   [Delegate]:225
                           Delegate/rms_normalization -> mul      0.000      0.020      0.015     0.018%    91.165%      0.000            256   [Delegate]:371
                           Delegate/rms_normalization -> mul      0.000      0.018      0.015     0.018%    91.183%      0.000            256   [Delegate]:477
                           Delegate/rms_normalization -> mul      0.000      0.015      0.015     0.018%    91.202%      0.000            256   [Delegate]:253
                           Delegate/rms_normalization -> mul      0.000      0.019      0.015     0.018%    91.220%      0.000            256   [Delegate]:365
                           Delegate/rms_normalization -> mul      0.000      0.020      0.015     0.018%    91.238%      0.000            256   [Delegate]:589
                           Delegate/rms_normalization -> mul      0.000      0.015      0.015     0.018%    91.256%      0.000            256   [Delegate]:483
                           Delegate/rms_normalization -> mul      0.000      0.018      0.015     0.018%    91.275%      0.000            256   [Delegate]:287
                           Delegate/rms_normalization -> mul      0.000      0.017      0.015     0.018%    91.293%      0.000            256   [Delegate]:141
                           Delegate/rms_normalization -> mul      0.000      0.018      0.015     0.018%    91.311%      0.000            256   [Delegate]:281
                           Delegate/rms_normalization -> mul      0.000      0.017      0.015     0.018%    91.329%      0.000            256   [Delegate]:259
                           Delegate/rms_normalization -> mul      0.000      0.018      0.015     0.018%    91.347%      0.000            256   [Delegate]:231
                           Delegate/rms_normalization -> mul      0.000      0.020      0.015     0.018%    91.366%      0.000            256   [Delegate]:449
                           Delegate/rms_normalization -> mul      0.000      0.017      0.015     0.018%    91.384%      0.000            256   [Delegate]:505
                           Delegate/rms_normalization -> mul      0.000      0.018      0.015     0.018%    91.402%      0.000            256   [Delegate]:169
                           Delegate/rms_normalization -> mul      0.000      0.018      0.015     0.018%    91.420%      0.000            256   [Delegate]:561
                           Delegate/rms_normalization -> mul      0.000      0.020      0.015     0.018%    91.438%      0.000            256   [Delegate]:175
                           Delegate/rms_normalization -> mul      0.000      0.018      0.015     0.018%    91.456%      0.000            256   [Delegate]:567
                           Delegate/rms_normalization -> mul      0.000      0.020      0.015     0.018%    91.474%      0.000            256   [Delegate]:617
                           Delegate/rms_normalization -> mul      0.000      0.018      0.015     0.018%    91.493%      0.000            256   [Delegate]:701
                           Delegate/rms_normalization -> mul      0.000      0.015      0.015     0.018%    91.511%      0.000            256   [Delegate]:455
                           Delegate/rms_normalization -> mul      0.000      0.018      0.015     0.018%    91.529%      0.000            256   [Delegate]:539
                           Delegate/rms_normalization -> mul      0.000      0.017      0.015     0.018%    91.547%      0.000            256   [Delegate]:147
                           Delegate/rms_normalization -> mul      0.000      0.018      0.015     0.018%    91.565%      0.000            256   [Delegate]:533
                           Delegate/rms_normalization -> mul      0.000      0.020      0.015     0.018%    91.583%      0.000            256   [Delegate]:707
                                    Delegate/SplitRoPEConcat      0.000      0.018      0.015     0.018%    91.601%      0.000            256   [Delegate]:355
                           Delegate/rms_normalization -> mul      0.000      0.017      0.015     0.018%    91.619%      0.000            256   [Delegate]:729
                           Delegate/rms_normalization -> mul      0.000      0.019      0.015     0.018%    91.637%      0.000            256   [Delegate]:85
                           Delegate/rms_normalization -> mul      0.000      0.018      0.015     0.018%    91.655%      0.000            256   [Delegate]:113
                           Delegate/rms_normalization -> mul      0.000      0.019      0.015     0.018%    91.674%      0.000            256   [Delegate]:673
                           Delegate/rms_normalization -> mul      0.000      0.014      0.015     0.018%    91.692%      0.000            256   [Delegate]:91
                                    Delegate/SplitRoPEConcat      0.000      0.018      0.015     0.018%    91.710%      0.000            256   [Delegate]:299
                                    Delegate/SplitRoPEConcat      0.000      0.018      0.015     0.018%    91.728%      0.000            256   [Delegate]:327
                           Delegate/rms_normalization -> mul      0.000      0.017      0.015     0.018%    91.746%      0.000            256   [Delegate]:757
                           Delegate/rms_normalization -> mul      0.000      0.015      0.015     0.018%    91.764%      0.000            256   [Delegate]:595
                           Delegate/rms_normalization -> mul      0.000      0.017      0.015     0.018%    91.782%      0.000            256   [Delegate]:645
                           Delegate/rms_normalization -> mul      0.000      0.014      0.015     0.018%    91.800%      0.000            256   [Delegate]:763
                                    Delegate/SplitRoPEConcat      0.000      0.017      0.015     0.018%    91.818%      0.000            256   [Delegate]:187
                                    Delegate/SplitRoPEConcat      0.000      0.015      0.015     0.018%    91.836%      0.000            256   [Delegate]:243
                                    Delegate/SplitRoPEConcat      0.000      0.020      0.015     0.018%    91.854%      0.000            256   [Delegate]:383
                           Delegate/rms_normalization -> mul      0.000      0.016      0.015     0.018%    91.872%      0.000            256   [Delegate]:119
                                    Delegate/SplitRoPEConcat      0.000      0.018      0.015     0.018%    91.890%      0.000            256   [Delegate]:13
                                    Delegate/SplitRoPEConcat      0.000      0.014      0.015     0.018%    91.908%      0.000            256   [Delegate]:215
                                    Delegate/SplitRoPEConcat      0.000      0.019      0.015     0.018%    91.926%      0.000            256   [Delegate]:411
                           Delegate/rms_normalization -> mul      0.000      0.020      0.015     0.018%    91.944%      0.000            256   [Delegate]:679
                           Delegate/rms_normalization -> mul      0.000      0.018      0.015     0.018%    91.962%      0.000            256   [Delegate]:651
                           Delegate/rms_normalization -> mul      0.000      0.014      0.015     0.018%    91.980%      0.000            256   [Delegate]:785
                                    Delegate/SplitRoPEConcat      0.000      0.015      0.015     0.018%    91.998%      0.000            256   [Delegate]:271
                           Delegate/rms_normalization -> mul      0.000      0.018      0.015     0.018%    92.016%      0.000            256   [Delegate]:511
                                    Delegate/SplitRoPEConcat      0.000      0.017      0.015     0.018%    92.034%      0.000            256   [Delegate]:579
                                    Delegate/SplitRoPEConcat      0.000      0.020      0.015     0.018%    92.051%      0.000            256   [Delegate]:467
                                    Delegate/SplitRoPEConcat      0.000      0.015      0.015     0.018%    92.069%      0.000            256   [Delegate]:495
                           Delegate/rms_normalization -> mul      0.000      0.014      0.015     0.018%    92.087%      0.000            256   [Delegate]:623
                           Delegate/rms_normalization -> mul      0.000      0.018      0.015     0.018%    92.105%      0.000            256   [Delegate]:735
                           Delegate/rms_normalization -> mul      0.000      0.013      0.015     0.018%    92.123%      0.000            256   [Delegate]:57
                                    Delegate/SplitRoPEConcat      0.000      0.019      0.015     0.018%    92.141%      0.000            256   [Delegate]:439
                                    Delegate/SplitRoPEConcat      0.000      0.016      0.015     0.018%    92.159%      0.000            256   [Delegate]:159
                           Delegate/rms_normalization -> mul      0.000      0.014      0.014     0.018%    92.177%      0.000            256   [Delegate]:791
                                    Delegate/SplitRoPEConcat      0.000      0.015      0.014     0.018%    92.195%      0.000            256   [Delegate]:551
                                    Delegate/SplitRoPEConcat      0.000      0.015      0.014     0.018%    92.212%      0.000            256   [Delegate]:131
                                    Delegate/SplitRoPEConcat      0.000      0.021      0.014     0.018%    92.230%      0.000            256   [Delegate]:607
                           Delegate/rms_normalization -> mul      0.000      0.019      0.014     0.018%    92.248%      0.000            256   [Delegate]:63
                           Delegate/rms_normalization -> mul      0.000      0.015      0.014     0.018%    92.266%      0.000            256   [Delegate]:1
                                    Delegate/SplitRoPEConcat      0.000      0.018      0.014     0.018%    92.283%      0.000            256   [Delegate]:691
                                    Delegate/SplitRoPEConcat      0.000      0.015      0.014     0.018%    92.301%      0.000            256   [Delegate]:635
                                    Delegate/SplitRoPEConcat      0.000      0.018      0.014     0.018%    92.319%      0.000            256   [Delegate]:663
                                    Delegate/SplitRoPEConcat      0.000      0.016      0.014     0.018%    92.337%      0.000            256   [Delegate]:523
                                    Delegate/SplitRoPEConcat      0.000      0.017      0.014     0.018%    92.354%      0.000            256   [Delegate]:103
                           Delegate/rms_normalization -> mul      0.000      0.022      0.014     0.018%    92.372%      0.000            256   [Delegate]:29
                                    Delegate/SplitRoPEConcat      0.000      0.017      0.014     0.018%    92.390%      0.000            256   [Delegate]:719
                                    Delegate/SplitRoPEConcat      0.000      0.016      0.014     0.018%    92.407%      0.000            256   [Delegate]:747
                                    Delegate/SplitRoPEConcat      0.000      0.022      0.014     0.018%    92.425%      0.000            256   [Delegate]:47
                                    Delegate/SplitRoPEConcat      0.000      0.015      0.014     0.018%    92.442%      0.000            256   [Delegate]:75
                           Delegate/rms_normalization -> mul      0.000      0.018      0.014     0.018%    92.460%      0.000            256   [Delegate]:35
                                    Delegate/SplitRoPEConcat      0.000      0.013      0.014     0.017%    92.477%      0.000            256   [Delegate]:775
                    Delegate/strided_slice -> sigmoid -> mul      0.000      0.016      0.013     0.016%    92.493%      0.000            256   [Delegate]:479
                    Delegate/strided_slice -> sigmoid -> mul      0.000      0.017      0.013     0.016%    92.509%      0.000            256   [Delegate]:367
                    Delegate/strided_slice -> sigmoid -> mul      0.000      0.017      0.013     0.016%    92.525%      0.000            256   [Delegate]:423
                    Delegate/strided_slice -> sigmoid -> mul      0.000      0.017      0.013     0.016%    92.541%      0.000            256   [Delegate]:339
                    Delegate/strided_slice -> sigmoid -> mul      0.000      0.015      0.013     0.016%    92.557%      0.000            256   [Delegate]:759
                    Delegate/strided_slice -> sigmoid -> mul      0.000      0.017      0.013     0.016%    92.573%      0.000            256   [Delegate]:199
                    Delegate/strided_slice -> sigmoid -> mul      0.000      0.016      0.013     0.016%    92.589%      0.000            256   [Delegate]:87
                    Delegate/strided_slice -> sigmoid -> mul      0.000      0.018      0.013     0.016%    92.605%      0.000            256   [Delegate]:395
                    Delegate/strided_slice -> sigmoid -> mul      0.000      0.015      0.013     0.016%    92.621%      0.000            256   [Delegate]:255
                    Delegate/strided_slice -> sigmoid -> mul      0.000      0.016      0.013     0.016%    92.637%      0.000            256   [Delegate]:563
                    Delegate/strided_slice -> sigmoid -> mul      0.000      0.018      0.013     0.016%    92.653%      0.000            256   [Delegate]:591
                    Delegate/strided_slice -> sigmoid -> mul      0.000      0.015      0.013     0.016%    92.669%      0.000            256   [Delegate]:143
                    Delegate/strided_slice -> sigmoid -> mul      0.000      0.017      0.013     0.016%    92.685%      0.000            256   [Delegate]:311
                    Delegate/strided_slice -> sigmoid -> mul      0.000      0.016      0.013     0.016%    92.701%      0.000            256   [Delegate]:227
                                                Delegate/mul      0.000      0.016      0.013     0.016%    92.716%      0.000            256   [Delegate]:341
                                                Delegate/mul      0.000      0.017      0.013     0.016%    92.732%      0.000            256   [Delegate]:397
                                                Delegate/mul      0.000      0.016      0.013     0.016%    92.748%      0.000            256   [Delegate]:201
                    Delegate/strided_slice -> sigmoid -> mul      0.000      0.018      0.013     0.016%    92.764%      0.000            256   [Delegate]:703
                    Delegate/strided_slice -> sigmoid -> mul      0.000      0.012      0.013     0.016%    92.780%      0.000            256   [Delegate]:787
                                                Delegate/mul      0.000      0.016      0.013     0.016%    92.796%      0.000            256   [Delegate]:481
                                                Delegate/mul      0.000      0.018      0.013     0.016%    92.812%      0.000            256   [Delegate]:313
                                                Delegate/mul      0.000      0.017      0.013     0.016%    92.828%      0.000            256   [Delegate]:369
                                                Delegate/mul      0.000      0.016      0.013     0.016%    92.844%      0.000            256   [Delegate]:565
                                                Delegate/mul      0.000      0.016      0.013     0.016%    92.860%      0.000            256   [Delegate]:425
                    Delegate/strided_slice -> sigmoid -> mul      0.000      0.016      0.013     0.016%    92.875%      0.000            256   [Delegate]:283
                    Delegate/strided_slice -> sigmoid -> mul      0.000      0.016      0.013     0.016%    92.891%      0.000            256   [Delegate]:171
                                                Delegate/mul      0.000      0.016      0.013     0.016%    92.907%      0.000            256   [Delegate]:33
                    Delegate/strided_slice -> sigmoid -> mul      0.000      0.016      0.013     0.016%    92.923%      0.000            256   [Delegate]:507
                                                Delegate/mul      0.000      0.015      0.013     0.016%    92.939%      0.000            256   [Delegate]:285
                    Delegate/strided_slice -> sigmoid -> mul      0.000      0.016      0.013     0.016%    92.955%      0.000            256   [Delegate]:675
                                                Delegate/mul      0.000      0.016      0.013     0.016%    92.970%      0.000            256   [Delegate]:173
                    Delegate/strided_slice -> sigmoid -> mul      0.000      0.013      0.013     0.016%    92.986%      0.000            256   [Delegate]:451
                                                Delegate/mul      0.000      0.015      0.013     0.016%    93.002%      0.000            256   [Delegate]:229
                                                Delegate/mul      0.000      0.018      0.013     0.016%    93.018%      0.000            256   [Delegate]:593
                                                Delegate/mul      0.000      0.015      0.013     0.016%    93.034%      0.000            256   [Delegate]:257
                    Delegate/strided_slice -> sigmoid -> mul      0.000      0.016      0.013     0.016%    93.050%      0.000            256   [Delegate]:535
                    Delegate/strided_slice -> sigmoid -> mul      0.000      0.015      0.013     0.016%    93.065%      0.000            256   [Delegate]:647
                                                Delegate/mul      0.000      0.015      0.013     0.016%    93.081%      0.000            256   [Delegate]:145
                    Delegate/strided_slice -> sigmoid -> mul      0.000      0.017      0.013     0.016%    93.097%      0.000            256   [Delegate]:619
                                                Delegate/mul      0.000      0.017      0.013     0.016%    93.113%      0.000            256   [Delegate]:453
                    Delegate/strided_slice -> sigmoid -> mul      0.000      0.015      0.013     0.016%    93.129%      0.000            256   [Delegate]:731
                                                Delegate/mul      0.000      0.015      0.013     0.016%    93.144%      0.000            256   [Delegate]:537
                    Delegate/strided_slice -> sigmoid -> mul      0.000      0.017      0.013     0.016%    93.160%      0.000            256   [Delegate]:115
                    Delegate/strided_slice -> sigmoid -> mul      0.000      0.016      0.013     0.016%    93.176%      0.000            256   [Delegate]:31
                                                Delegate/mul      0.000      0.015      0.013     0.016%    93.192%      0.000            256   [Delegate]:509
                                                Delegate/mul      0.000      0.017      0.013     0.016%    93.207%      0.000            256   [Delegate]:705
                                                Delegate/mul      0.000      0.012      0.013     0.016%    93.223%      0.000            256   [Delegate]:761
                                                Delegate/mul      0.000      0.015      0.013     0.016%    93.239%      0.000            256   [Delegate]:649
                                                Delegate/mul      0.000      0.016      0.013     0.016%    93.255%      0.000            256   [Delegate]:89
                                                Delegate/mul      0.000      0.017      0.013     0.016%    93.270%      0.000            256   [Delegate]:677
                                                Delegate/mul      0.000      0.017      0.013     0.016%    93.286%      0.000            256   [Delegate]:117
                                                Delegate/mul      0.000      0.017      0.013     0.016%    93.302%      0.000            256   [Delegate]:621
                                                Delegate/mul      0.000      0.015      0.013     0.016%    93.317%      0.000            256   [Delegate]:733
                    Delegate/strided_slice -> sigmoid -> mul      0.000      0.014      0.013     0.016%    93.333%      0.000            256   [Delegate]:59
                                                Delegate/mul      0.000      0.012      0.013     0.016%    93.349%      0.000            256   [Delegate]:789
                                                Delegate/mul      0.000      0.013      0.013     0.016%    93.364%      0.000            256   [Delegate]:61
                           Delegate/rms_normalization -> mul      0.000      0.014      0.013     0.015%    93.380%      0.000            256   [Delegate]:181
                           Delegate/rms_normalization -> mul      0.000      0.015      0.012     0.015%    93.395%      0.000            256   [Delegate]:405
                           Delegate/rms_normalization -> mul      0.000      0.013      0.012     0.015%    93.410%      0.000            256   [Delegate]:237
                           Delegate/rms_normalization -> mul      0.000      0.014      0.012     0.015%    93.425%      0.000            256   [Delegate]:209
                           Delegate/rms_normalization -> mul      0.000      0.013      0.012     0.015%    93.440%      0.000            256   [Delegate]:293
                           Delegate/rms_normalization -> mul      0.000      0.015      0.012     0.015%    93.456%      0.000            256   [Delegate]:321
                           Delegate/rms_normalization -> mul      0.000      0.016      0.012     0.015%    93.471%      0.000            256   [Delegate]:377
                           Delegate/rms_normalization -> mul      0.000      0.013      0.012     0.015%    93.486%      0.000            256   [Delegate]:265
                           Delegate/rms_normalization -> mul      0.000      0.013      0.012     0.015%    93.501%      0.000            256   [Delegate]:125
                           Delegate/rms_normalization -> mul      0.000      0.014      0.012     0.015%    93.516%      0.000            256   [Delegate]:741
                           Delegate/rms_normalization -> mul      0.000      0.014      0.012     0.015%    93.531%      0.000            256   [Delegate]:545
                           Delegate/rms_normalization -> mul      0.000      0.016      0.012     0.015%    93.546%      0.000            256   [Delegate]:349
                           Delegate/rms_normalization -> mul      0.000      0.015      0.012     0.015%    93.561%      0.000            256   [Delegate]:461
                           Delegate/rms_normalization -> mul      0.000      0.012      0.012     0.015%    93.576%      0.000            256   [Delegate]:489
                           Delegate/rms_normalization -> mul      0.000      0.015      0.012     0.015%    93.591%      0.000            256   [Delegate]:657
                           Delegate/rms_normalization -> mul      0.000      0.016      0.012     0.015%    93.606%      0.000            256   [Delegate]:685
                           Delegate/rms_normalization -> mul      0.000      0.016      0.012     0.015%    93.621%      0.000            256   [Delegate]:433
                           Delegate/rms_normalization -> mul      0.000      0.014      0.012     0.015%    93.636%      0.000            256   [Delegate]:10
                           Delegate/rms_normalization -> mul      0.000      0.015      0.012     0.015%    93.651%      0.000            256   [Delegate]:573
                           Delegate/rms_normalization -> mul      0.000      0.012      0.012     0.015%    93.666%      0.000            256   [Delegate]:629
                           Delegate/rms_normalization -> mul      0.000      0.015      0.012     0.015%    93.681%      0.000            256   [Delegate]:601
                           Delegate/rms_normalization -> mul      0.000      0.012      0.012     0.015%    93.695%      0.000            256   [Delegate]:517
                           Delegate/rms_normalization -> mul      0.000      0.013      0.012     0.015%    93.710%      0.000            256   [Delegate]:713
                           Delegate/rms_normalization -> mul      0.000      0.014      0.012     0.015%    93.725%      0.000            256   [Delegate]:153
                           Delegate/rms_normalization -> mul      0.000      0.011      0.012     0.015%    93.740%      0.000            256   [Delegate]:769
                           Delegate/rms_normalization -> mul      0.000      0.015      0.012     0.015%    93.755%      0.000            256   [Delegate]:7
                           Delegate/rms_normalization -> mul      0.000      0.014      0.012     0.015%    93.769%      0.000            256   [Delegate]:97
                         Delegate/concat_height -> not_equal      0.000      0.013      0.012     0.015%    93.784%      0.000            256   [Delegate]:21
                           Delegate/rms_normalization -> mul      0.000      0.015      0.012     0.015%    93.798%      0.000            256   [Delegate]:41
                           Delegate/rms_normalization -> mul      0.000      0.014      0.012     0.015%    93.813%      0.000            256   [Delegate]:69
                                      Delegate/strided_slice      0.000      0.011      0.012     0.014%    93.827%      0.000            256   [Delegate]:788
                                      Delegate/strided_slice      0.000      0.012      0.011     0.014%    93.841%      0.000            256   [Delegate]:760
                                      Delegate/strided_slice      0.000      0.014      0.011     0.014%    93.855%      0.000            256   [Delegate]:396
                                      Delegate/strided_slice      0.000      0.015      0.011     0.014%    93.869%      0.000            256   [Delegate]:592
                                      Delegate/strided_slice      0.000      0.012      0.011     0.014%    93.883%      0.000            256   [Delegate]:648
                                      Delegate/strided_slice      0.000      0.014      0.011     0.014%    93.896%      0.000            256   [Delegate]:368
                                      Delegate/strided_slice      0.000      0.013      0.011     0.014%    93.910%      0.000            256   [Delegate]:340
                                      Delegate/strided_slice      0.000      0.013      0.011     0.014%    93.924%      0.000            256   [Delegate]:88
                                      Delegate/strided_slice      0.000      0.012      0.011     0.014%    93.938%      0.000            256   [Delegate]:144
                                      Delegate/strided_slice      0.000      0.012      0.011     0.014%    93.951%      0.000            256   [Delegate]:228
                                      Delegate/strided_slice      0.000      0.013      0.011     0.014%    93.965%      0.000            256   [Delegate]:424
                                      Delegate/strided_slice      0.000      0.014      0.011     0.014%    93.979%      0.000            256   [Delegate]:480
                                      Delegate/strided_slice      0.000      0.013      0.011     0.014%    93.993%      0.000            256   [Delegate]:284
                                      Delegate/strided_slice      0.000      0.014      0.011     0.014%    94.006%      0.000            256   [Delegate]:200
                                      Delegate/strided_slice      0.000      0.013      0.011     0.014%    94.020%      0.000            256   [Delegate]:564
                                      Delegate/strided_slice      0.000      0.013      0.011     0.014%    94.034%      0.000            256   [Delegate]:732
                                      Delegate/strided_slice      0.000      0.013      0.011     0.014%    94.047%      0.000            256   [Delegate]:256
                                      Delegate/strided_slice      0.000      0.013      0.011     0.014%    94.061%      0.000            256   [Delegate]:452
                                      Delegate/strided_slice      0.000      0.014      0.011     0.014%    94.075%      0.000            256   [Delegate]:312
                                      Delegate/strided_slice      0.000      0.013      0.011     0.014%    94.088%      0.000            256   [Delegate]:508
                                      Delegate/strided_slice      0.000      0.014      0.011     0.014%    94.102%      0.000            256   [Delegate]:676
                                      Delegate/strided_slice      0.000      0.014      0.011     0.014%    94.116%      0.000            256   [Delegate]:620
                                      Delegate/strided_slice      0.000      0.014      0.011     0.014%    94.129%      0.000            256   [Delegate]:704
                                      Delegate/strided_slice      0.000      0.013      0.011     0.014%    94.143%      0.000            256   [Delegate]:172
                                      Delegate/strided_slice      0.000      0.014      0.011     0.014%    94.157%      0.000            256   [Delegate]:116
                                      Delegate/strided_slice      0.000      0.012      0.011     0.014%    94.170%      0.000            256   [Delegate]:536
                                      Delegate/strided_slice      0.000      0.013      0.011     0.014%    94.184%      0.000            256   [Delegate]:32
                                      Delegate/strided_slice      0.000      0.012      0.011     0.014%    94.197%      0.000            256   [Delegate]:60
                           Delegate/rms_normalization -> mul      0.000      0.013      0.011     0.013%    94.211%      0.000            256   [Delegate]:296
                           Delegate/rms_normalization -> mul      0.000      0.013      0.011     0.013%    94.224%      0.000            256   [Delegate]:324
                           Delegate/rms_normalization -> mul      0.000      0.013      0.011     0.013%    94.238%      0.000            256   [Delegate]:352
                           Delegate/rms_normalization -> mul      0.000      0.011      0.011     0.013%    94.251%      0.000            256   [Delegate]:212
                           Delegate/rms_normalization -> mul      0.000      0.012      0.011     0.013%    94.264%      0.000            256   [Delegate]:240
                           Delegate/rms_normalization -> mul      0.000      0.013      0.011     0.013%    94.278%      0.000            256   [Delegate]:184
                           Delegate/rms_normalization -> mul      0.000      0.013      0.011     0.013%    94.291%      0.000            256   [Delegate]:380
                           Delegate/rms_normalization -> mul      0.000      0.010      0.011     0.013%    94.304%      0.000            256   [Delegate]:492
                           Delegate/rms_normalization -> mul      0.000      0.013      0.011     0.013%    94.318%      0.000            256   [Delegate]:576
                           Delegate/rms_normalization -> mul      0.000      0.011      0.011     0.013%    94.331%      0.000            256   [Delegate]:268
                           Delegate/rms_normalization -> mul      0.000      0.013      0.011     0.013%    94.344%      0.000            256   [Delegate]:408
                           Delegate/rms_normalization -> mul      0.000      0.014      0.011     0.013%    94.357%      0.000            256   [Delegate]:464
                           Delegate/rms_normalization -> mul      0.000      0.012      0.011     0.013%    94.371%      0.000            256   [Delegate]:156
                           Delegate/rms_normalization -> mul      0.000      0.012      0.011     0.013%    94.384%      0.000            256   [Delegate]:548
                           Delegate/rms_normalization -> mul      0.000      0.014      0.011     0.013%    94.397%      0.000            256   [Delegate]:436
                           Delegate/rms_normalization -> mul      0.000      0.011      0.011     0.013%    94.410%      0.000            256   [Delegate]:128
                           Delegate/rms_normalization -> mul      0.000      0.013      0.011     0.013%    94.423%      0.000            256   [Delegate]:660
                           Delegate/rms_normalization -> mul      0.000      0.012      0.011     0.013%    94.437%      0.000            256   [Delegate]:716
                           Delegate/rms_normalization -> mul      0.000      0.013      0.011     0.013%    94.450%      0.000            256   [Delegate]:604
                           Delegate/rms_normalization -> mul      0.000      0.011      0.011     0.013%    94.463%      0.000            256   [Delegate]:520
                           Delegate/rms_normalization -> mul      0.000      0.013      0.011     0.013%    94.476%      0.000            256   [Delegate]:688
                           Delegate/rms_normalization -> mul      0.000      0.011      0.011     0.013%    94.489%      0.000            256   [Delegate]:632
                                Delegate/add_values_to_cache      0.000      0.013      0.011     0.013%    94.502%      0.000            256   [Delegate]:17
                           Delegate/rms_normalization -> mul      0.000      0.012      0.011     0.013%    94.516%      0.000            256   [Delegate]:100
                           Delegate/rms_normalization -> mul      0.000      0.011      0.011     0.013%    94.529%      0.000            256   [Delegate]:72
                           Delegate/rms_normalization -> mul      0.000      0.011      0.011     0.013%    94.542%      0.000            256   [Delegate]:744
                           Delegate/rms_normalization -> mul      0.000      0.013      0.011     0.013%    94.555%      0.000            256   [Delegate]:44
                           Delegate/rms_normalization -> mul      0.000      0.010      0.011     0.013%    94.568%      0.000            256   [Delegate]:772
                                            Delegate/reshape      0.000      0.015      0.011     0.013%    94.581%      0.000            256   [Delegate]:22
                                            Delegate/reshape      0.000      0.011      0.010     0.013%    94.594%      0.000            256   [Delegate]:531
                                            Delegate/reshape      0.000      0.013      0.010     0.013%    94.606%      0.000            256   [Delegate]:195
                                            Delegate/reshape      0.000      0.009      0.010     0.013%    94.619%      0.000            256   [Delegate]:783
                                            Delegate/reshape      0.000      0.012      0.010     0.013%    94.632%      0.000            256   [Delegate]:8
                                            Delegate/reshape      0.000      0.012      0.010     0.013%    94.644%      0.000            256   [Delegate]:391
                                            Delegate/reshape      0.000      0.013      0.010     0.013%    94.657%      0.000            256   [Delegate]:447
                                            Delegate/reshape      0.000      0.011      0.010     0.013%    94.670%      0.000            256   [Delegate]:503
                                            Delegate/reshape      0.000      0.013      0.010     0.013%    94.682%      0.000            256   [Delegate]:363
                                            Delegate/reshape      0.000      0.012      0.010     0.013%    94.695%      0.000            256   [Delegate]:419
                                            Delegate/reshape      0.000      0.011      0.010     0.013%    94.707%      0.000            256   [Delegate]:223
                                            Delegate/reshape      0.000      0.013      0.010     0.013%    94.720%      0.000            256   [Delegate]:699
                                            Delegate/reshape      0.000      0.012      0.010     0.013%    94.732%      0.000            256   [Delegate]:167
                                            Delegate/reshape      0.000      0.012      0.010     0.013%    94.745%      0.000            256   [Delegate]:559
                                            Delegate/reshape      0.000      0.012      0.010     0.013%    94.758%      0.000            256   [Delegate]:111
                                            Delegate/reshape      0.000      0.011      0.010     0.013%    94.770%      0.000            256   [Delegate]:251
                                            Delegate/reshape      0.000      0.012      0.010     0.013%    94.783%      0.000            256   [Delegate]:671
                                            Delegate/reshape      0.000      0.013      0.010     0.013%    94.795%      0.000            256   [Delegate]:587
                                            Delegate/reshape      0.000      0.012      0.010     0.013%    94.808%      0.000            256   [Delegate]:475
                                            Delegate/reshape      0.000      0.013      0.010     0.013%    94.820%      0.000            256   [Delegate]:615
                                            Delegate/reshape      0.000      0.011      0.010     0.013%    94.833%      0.000            256   [Delegate]:279
                                            Delegate/reshape      0.000      0.011      0.010     0.013%    94.845%      0.000            256   [Delegate]:643
                                            Delegate/reshape      0.000      0.012      0.010     0.012%    94.858%      0.000            256   [Delegate]:335
                                            Delegate/reshape      0.000      0.011      0.010     0.012%    94.870%      0.000            256   [Delegate]:755
                                            Delegate/reshape      0.000      0.011      0.010     0.012%    94.883%      0.000            256   [Delegate]:139
                                            Delegate/reshape      0.000      0.013      0.010     0.012%    94.895%      0.000            256   [Delegate]:307
                                            Delegate/reshape      0.000      0.010      0.010     0.012%    94.908%      0.000            256   [Delegate]:238
                                            Delegate/reshape      0.000      0.011      0.010     0.012%    94.920%      0.000            256   [Delegate]:727
                                            Delegate/reshape      0.000      0.011      0.010     0.012%    94.932%      0.000            256   [Delegate]:294
                                            Delegate/reshape      0.000      0.011      0.010     0.012%    94.945%      0.000            256   [Delegate]:574
                                            Delegate/reshape      0.000      0.009      0.010     0.012%    94.957%      0.000            256   [Delegate]:490
                                            Delegate/reshape      0.000      0.012      0.010     0.012%    94.970%      0.000            256   [Delegate]:322
                                            Delegate/reshape      0.000      0.015      0.010     0.012%    94.982%      0.000            256   [Delegate]:27
                                            Delegate/reshape      0.000      0.010      0.010     0.012%    94.994%      0.000            256   [Delegate]:210
                                            Delegate/reshape      0.000      0.012      0.010     0.012%    95.007%      0.000            256   [Delegate]:378
                                            Delegate/reshape      0.000      0.011      0.010     0.012%    95.019%      0.000            256   [Delegate]:434
                                            Delegate/reshape      0.000      0.011      0.010     0.012%    95.031%      0.000            256   [Delegate]:182
                                            Delegate/reshape      0.000      0.009      0.010     0.012%    95.044%      0.000            256   [Delegate]:55
                                            Delegate/reshape      0.000      0.012      0.010     0.012%    95.056%      0.000            256   [Delegate]:83
                                            Delegate/reshape      0.000      0.012      0.010     0.012%    95.068%      0.000            256   [Delegate]:18
                                            Delegate/reshape      0.000      0.012      0.010     0.012%    95.080%      0.000            256   [Delegate]:350
                                            Delegate/reshape      0.000      0.011      0.010     0.012%    95.093%      0.000            256   [Delegate]:686
                                            Delegate/reshape      0.000      0.010      0.010     0.012%    95.105%      0.000            256   [Delegate]:546
                                            Delegate/reshape      0.000      0.012      0.010     0.012%    95.117%      0.000            256   [Delegate]:406
                                            Delegate/reshape      0.000      0.011      0.010     0.012%    95.129%      0.000            256   [Delegate]:658
                                            Delegate/reshape      0.000      0.010      0.010     0.012%    95.141%      0.000            256   [Delegate]:266
                                            Delegate/reshape      0.000      0.012      0.010     0.012%    95.153%      0.000            256   [Delegate]:602
                                            Delegate/reshape      0.000      0.010      0.010     0.012%    95.166%      0.000            256   [Delegate]:126
                                            Delegate/reshape      0.000      0.009      0.010     0.012%    95.178%      0.000            256   [Delegate]:630
                                            Delegate/reshape      0.000      0.011      0.010     0.012%    95.190%      0.000            256   [Delegate]:154
                                            Delegate/reshape      0.000      0.011      0.010     0.012%    95.202%      0.000            256   [Delegate]:98
                                            Delegate/reshape      0.000      0.009      0.010     0.012%    95.214%      0.000            256   [Delegate]:518
                                            Delegate/reshape      0.000      0.011      0.010     0.012%    95.226%      0.000            256   [Delegate]:742
                                            Delegate/reshape      0.000      0.012      0.010     0.012%    95.238%      0.000            256   [Delegate]:462
                                            Delegate/reshape      0.000      0.009      0.010     0.012%    95.250%      0.000            256   [Delegate]:770
                                            Delegate/reshape      0.000      0.011      0.010     0.012%    95.262%      0.000            256   [Delegate]:16
                                            Delegate/reshape      0.000      0.010      0.010     0.012%    95.274%      0.000            256   [Delegate]:70
                                            Delegate/reshape      0.000      0.010      0.010     0.012%    95.286%      0.000            256   [Delegate]:714
                                Delegate/add_values_to_cache      0.000      0.012      0.010     0.012%    95.298%      0.000            256   [Delegate]:301
                                Delegate/add_values_to_cache      0.000      0.012      0.010     0.012%    95.310%      0.000            256   [Delegate]:329
                                Delegate/add_values_to_cache      0.000      0.011      0.010     0.012%    95.322%      0.000            256   [Delegate]:357
                                               Delegate/cast      0.000      0.011      0.010     0.012%    95.334%      0.000            256   [Delegate]:19
                                            Delegate/reshape      0.000      0.011      0.010     0.012%    95.346%      0.000            256   [Delegate]:42
                                Delegate/add_values_to_cache      0.000      0.009      0.010     0.012%    95.358%      0.000            256   [Delegate]:245
                                Delegate/add_values_to_cache      0.000      0.012      0.010     0.012%    95.369%      0.000            256   [Delegate]:413
                                Delegate/add_values_to_cache      0.000      0.011      0.010     0.012%    95.381%      0.000            256   [Delegate]:189
                                Delegate/add_values_to_cache      0.000      0.013      0.010     0.012%    95.393%      0.000            256   [Delegate]:385
                                Delegate/add_values_to_cache      0.000      0.009      0.010     0.012%    95.405%      0.000            256   [Delegate]:217
                                            Delegate/reshape      0.000      0.011      0.010     0.012%    95.417%      0.000            256   [Delegate]:11
                                Delegate/add_values_to_cache      0.000      0.010      0.010     0.012%    95.429%      0.000            256   [Delegate]:273
                                Delegate/add_values_to_cache      0.000      0.010      0.010     0.012%    95.440%      0.000            256   [Delegate]:581
                                Delegate/add_values_to_cache      0.000      0.009      0.010     0.012%    95.452%      0.000            256   [Delegate]:497
                                Delegate/add_values_to_cache      0.000      0.012      0.010     0.012%    95.464%      0.000            256   [Delegate]:469
                                Delegate/add_values_to_cache      0.000      0.010      0.010     0.012%    95.476%      0.000            256   [Delegate]:161
                                Delegate/add_values_to_cache      0.000      0.009      0.010     0.012%    95.488%      0.000            256   [Delegate]:553
                                Delegate/add_values_to_cache      0.000      0.010      0.010     0.012%    95.499%      0.000            256   [Delegate]:133
                                Delegate/add_values_to_cache      0.000      0.012      0.010     0.012%    95.511%      0.000            256   [Delegate]:441
                                Delegate/add_values_to_cache      0.000      0.012      0.010     0.012%    95.523%      0.000            256   [Delegate]:609
                                      Delegate/strided_slice      0.000      0.010      0.009     0.012%    95.534%      0.000            256   [Delegate]:317
                                Delegate/add_values_to_cache      0.000      0.010      0.009     0.012%    95.546%      0.000            256   [Delegate]:525
                                Delegate/add_values_to_cache      0.000      0.011      0.009     0.012%    95.558%      0.000            256   [Delegate]:665
                                Delegate/add_values_to_cache      0.000      0.011      0.009     0.012%    95.570%      0.000            256   [Delegate]:693
                                       Delegate/concat_batch      0.000      0.010      0.009     0.012%    95.581%      0.000            256   [Delegate]:15
                                      Delegate/strided_slice      0.000      0.010      0.009     0.012%    95.593%      0.000            256   [Delegate]:177
                                Delegate/add_values_to_cache      0.000      0.009      0.009     0.012%    95.604%      0.000            256   [Delegate]:637
                                      Delegate/strided_slice      0.000      0.010      0.009     0.012%    95.616%      0.000            256   [Delegate]:373
                                Delegate/add_values_to_cache      0.000      0.011      0.009     0.012%    95.628%      0.000            256   [Delegate]:105
                                Delegate/add_values_to_cache      0.000      0.011      0.009     0.012%    95.639%      0.000            256   [Delegate]:721
                                      Delegate/strided_slice      0.000      0.010      0.009     0.012%    95.651%      0.000            256   [Delegate]:205
                                Delegate/add_values_to_cache      0.000      0.010      0.009     0.012%    95.662%      0.000            256   [Delegate]:77
                                Delegate/add_values_to_cache      0.000      0.010      0.009     0.012%    95.674%      0.000            256   [Delegate]:749
                                      Delegate/strided_slice      0.000      0.010      0.009     0.012%    95.686%      0.000            256   [Delegate]:401
                                      Delegate/strided_slice      0.000      0.011      0.009     0.012%    95.697%      0.000            256   [Delegate]:345
                                      Delegate/strided_slice      0.000      0.009      0.009     0.012%    95.709%      0.000            256   [Delegate]:261
                                Delegate/add_values_to_cache      0.000      0.012      0.009     0.012%    95.720%      0.000            256   [Delegate]:49
                                      Delegate/strided_slice      0.000      0.009      0.009     0.012%    95.732%      0.000            256   [Delegate]:233
                                       Delegate/concat_batch      0.000      0.010      0.009     0.012%    95.743%      0.000            256   [Delegate]:14
                                      Delegate/strided_slice      0.000      0.011      0.009     0.012%    95.755%      0.000            256   [Delegate]:429
                                      Delegate/strided_slice      0.000      0.010      0.009     0.012%    95.766%      0.000            256   [Delegate]:597
                                      Delegate/strided_slice      0.000      0.009      0.009     0.012%    95.778%      0.000            256   [Delegate]:289
                                      Delegate/strided_slice      0.000      0.010      0.009     0.012%    95.789%      0.000            256   [Delegate]:457
                                      Delegate/strided_slice      0.000      0.008      0.009     0.011%    95.801%      0.000            256   [Delegate]:485
                                      Delegate/strided_slice      0.000      0.009      0.009     0.011%    95.812%      0.000            256   [Delegate]:93
                                      Delegate/strided_slice      0.000      0.009      0.009     0.011%    95.824%      0.000            256   [Delegate]:149
                                      Delegate/strided_slice      0.000      0.009      0.009     0.011%    95.835%      0.000            256   [Delegate]:765
                                      Delegate/strided_slice      0.000      0.008      0.009     0.011%    95.847%      0.000            256   [Delegate]:625
                                      Delegate/strided_slice      0.000      0.009      0.009     0.011%    95.858%      0.000            256   [Delegate]:541
                                      Delegate/strided_slice      0.000      0.009      0.009     0.011%    95.869%      0.000            256   [Delegate]:569
                                Delegate/add_values_to_cache      0.000      0.008      0.009     0.011%    95.881%      0.000            256   [Delegate]:777
                                      Delegate/strided_slice      0.000      0.009      0.009     0.011%    95.892%      0.000            256   [Delegate]:709
                                      Delegate/strided_slice      0.000      0.010      0.009     0.011%    95.903%      0.000            256   [Delegate]:653
                                      Delegate/strided_slice      0.000      0.009      0.009     0.011%    95.915%      0.000            256   [Delegate]:121
                                      Delegate/strided_slice      0.000      0.010      0.009     0.011%    95.926%      0.000            256   [Delegate]:681
                                      Delegate/strided_slice      0.000      0.009      0.009     0.011%    95.937%      0.000            256   [Delegate]:513
                                      Delegate/strided_slice      0.000      0.010      0.009     0.011%    95.948%      0.000            256   [Delegate]:737
                                            Delegate/reshape      0.000      0.010      0.009     0.011%    95.960%      0.000            256   [Delegate]:9
                   Delegate/weights_convert_uint4_to_float16      0.000      2.280      2.280     0.011%    95.971%      0.000              1   [Delegate]:704
                                      Delegate/strided_slice      0.000      0.010      0.009     0.011%    95.981%      0.000            256   [Delegate]:65
                   Delegate/weights_convert_uint4_to_float16      0.000      2.269      2.269     0.011%    95.992%      0.000              1   [Delegate]:879
                                            Delegate/reshape      0.000      0.009      0.009     0.011%    96.003%      0.000            256   [Delegate]:246
                                            Delegate/reshape      0.000      0.010      0.009     0.011%    96.014%      0.000            256   [Delegate]:302
                                            Delegate/reshape      0.000      0.011      0.009     0.011%    96.025%      0.000            256   [Delegate]:330
                   Delegate/weights_convert_uint4_to_float16      0.000      2.250      2.250     0.011%    96.036%      0.000              1   [Delegate]:354
                   Delegate/weights_convert_uint4_to_float16      0.000      2.248      2.248     0.011%    96.047%      0.000              1   [Delegate]:389
                   Delegate/weights_convert_uint4_to_float16      0.000      2.245      2.245     0.011%    96.057%      0.000              1   [Delegate]:669
                                            Delegate/reshape      0.000      0.009      0.009     0.011%    96.068%      0.000            256   [Delegate]:274
                                            Delegate/reshape      0.000      0.010      0.009     0.011%    96.079%      0.000            256   [Delegate]:358
                                            Delegate/reshape      0.000      0.008      0.009     0.011%    96.090%      0.000            256   [Delegate]:554
                                            Delegate/reshape      0.000      0.009      0.009     0.011%    96.101%      0.000            256   [Delegate]:190
                                            Delegate/reshape      0.000      0.010      0.009     0.011%    96.111%      0.000            256   [Delegate]:414
                                            Delegate/reshape      0.000      0.011      0.009     0.011%    96.122%      0.000            256   [Delegate]:610
                                            Delegate/reshape      0.000      0.009      0.009     0.011%    96.133%      0.000            256   [Delegate]:582
                   Delegate/weights_convert_uint4_to_float16      0.000      2.232      2.232     0.011%    96.144%      0.000              1   [Delegate]:494
                                            Delegate/reshape      0.000      0.011      0.009     0.011%    96.154%      0.000            256   [Delegate]:386
                                            Delegate/reshape      0.000      0.010      0.009     0.011%    96.165%      0.000            256   [Delegate]:694
                                            Delegate/reshape      0.000      0.008      0.009     0.011%    96.176%      0.000            256   [Delegate]:218
                                            Delegate/reshape      0.000      0.009      0.009     0.011%    96.187%      0.000            256   [Delegate]:526
                   Delegate/weights_convert_uint4_to_float16      0.000      2.228      2.228     0.011%    96.197%      0.000              1   [Delegate]:739
                                      Delegate/strided_slice      0.000      0.010      0.009     0.011%    96.208%      0.000            256   [Delegate]:37
                                            Delegate/reshape      0.000      0.010      0.009     0.011%    96.219%      0.000            256   [Delegate]:106
                   Delegate/weights_convert_uint4_to_float16      0.000      2.225      2.225     0.011%    96.230%      0.000              1   [Delegate]:39
                                            Delegate/reshape      0.000      0.010      0.009     0.011%    96.240%      0.000            256   [Delegate]:356
                                            Delegate/reshape      0.000      0.010      0.009     0.011%    96.251%      0.000            256   [Delegate]:442
                                            Delegate/reshape      0.000      0.010      0.009     0.011%    96.262%      0.000            256   [Delegate]:666
                                               Delegate/copy      0.000      0.010      0.009     0.011%    96.272%      0.000            256   [Delegate]:20
                                            Delegate/reshape      0.000      0.010      0.009     0.011%    96.283%      0.000            256   [Delegate]:353
                                            Delegate/reshape      0.000      0.008      0.009     0.011%    96.294%      0.000            256   [Delegate]:498
                                            Delegate/reshape      0.000      0.010      0.009     0.011%    96.304%      0.000            256   [Delegate]:300
                                            Delegate/reshape      0.000      0.009      0.009     0.011%    96.315%      0.000            256   [Delegate]:297
                                            Delegate/reshape      0.000      0.010      0.009     0.011%    96.326%      0.000            256   [Delegate]:325
                   Delegate/weights_convert_uint4_to_float16      0.000      2.220      2.220     0.011%    96.337%      0.000              1   [Delegate]:599
                                            Delegate/reshape      0.000      0.009      0.009     0.011%    96.347%      0.000            256   [Delegate]:134
                                            Delegate/reshape      0.000      0.009      0.009     0.011%    96.358%      0.000            256   [Delegate]:241
                                            Delegate/reshape      0.000      0.008      0.009     0.011%    96.369%      0.000            256   [Delegate]:244
                                            Delegate/reshape      0.000      0.010      0.009     0.011%    96.379%      0.000            256   [Delegate]:328
                                            Delegate/reshape      0.000      0.011      0.009     0.011%    96.390%      0.000            256   [Delegate]:470
                   Delegate/weights_convert_uint4_to_float16      0.000      2.217      2.217     0.011%    96.401%      0.000              1   [Delegate]:529
                                            Delegate/reshape      0.000      0.009      0.009     0.011%    96.411%      0.000            256   [Delegate]:162
                   Delegate/weights_convert_uint4_to_float16      0.000      2.216      2.216     0.011%    96.422%      0.000              1   [Delegate]:319
                   Delegate/weights_convert_uint4_to_float16      0.000      2.215      2.215     0.011%    96.433%      0.000              1   [Delegate]:809
                                            Delegate/reshape      0.000      0.010      0.009     0.011%    96.443%      0.000            256   [Delegate]:412
                                            Delegate/reshape      0.000      0.009      0.009     0.011%    96.454%      0.000            256   [Delegate]:188
                   Delegate/weights_convert_uint4_to_float16      0.000      2.212      2.212     0.011%    96.465%      0.000              1   [Delegate]:109
                                            Delegate/reshape      0.000      0.008      0.009     0.011%    96.475%      0.000            256   [Delegate]:216
                                            Delegate/reshape      0.000      0.009      0.009     0.011%    96.486%      0.000            256   [Delegate]:185
                                            Delegate/reshape      0.000      0.010      0.009     0.011%    96.497%      0.000            256   [Delegate]:384
                                            Delegate/reshape      0.000      0.010      0.009     0.011%    96.507%      0.000            256   [Delegate]:409
                                            Delegate/reshape      0.000      0.009      0.009     0.011%    96.518%      0.000            256   [Delegate]:272
                                            Delegate/reshape      0.000      0.009      0.009     0.011%    96.528%      0.000            256   [Delegate]:580
                                            Delegate/reshape      0.000      0.008      0.009     0.011%    96.539%      0.000            256   [Delegate]:213
                                            Delegate/reshape      0.000      0.008      0.009     0.011%    96.550%      0.000            256   [Delegate]:638
                   Delegate/weights_convert_uint4_to_float16      0.000      2.203      2.203     0.011%    96.560%      0.000              1   [Delegate]:844
                                            Delegate/reshape      0.000      0.009      0.009     0.011%    96.571%      0.000            256   [Delegate]:78
                   Delegate/weights_convert_uint4_to_float16      0.000      2.202      2.202     0.011%    96.581%      0.000              1   [Delegate]:144
                                            Delegate/reshape      0.000      0.008      0.009     0.011%    96.592%      0.000            256   [Delegate]:269
                                            Delegate/reshape      0.000      0.008      0.009     0.011%    96.603%      0.000            256   [Delegate]:496
                                            Delegate/reshape      0.000      0.010      0.009     0.011%    96.613%      0.000            256   [Delegate]:722
                                            Delegate/reshape      0.000      0.010      0.009     0.011%    96.624%      0.000            256   [Delegate]:381
                                            Delegate/reshape      0.000      0.009      0.009     0.011%    96.634%      0.000            256   [Delegate]:577
                   Delegate/weights_convert_uint4_to_float16      0.000      2.199      2.199     0.011%    96.645%      0.000              1   [Delegate]:284
                   Delegate/weights_convert_uint4_to_float16      0.000      2.198      2.198     0.011%    96.656%      0.000              1   [Delegate]:564
                   Delegate/weights_convert_uint4_to_float16      0.000      2.198      2.198     0.011%    96.666%      0.000              1   [Delegate]:774
                                            Delegate/reshape      0.000      0.009      0.009     0.011%    96.677%      0.000            256   [Delegate]:160
                                            Delegate/reshape      0.000      0.010      0.009     0.011%    96.687%      0.000            256   [Delegate]:468
                                            Delegate/reshape      0.000      0.008      0.009     0.011%    96.698%      0.000            256   [Delegate]:493
                                            Delegate/reshape      0.000      0.010      0.009     0.011%    96.709%      0.000            256   [Delegate]:465
                                            Delegate/reshape      0.000      0.009      0.009     0.011%    96.719%      0.000            256   [Delegate]:750
                   Delegate/weights_convert_uint4_to_float16      0.000      2.194      2.194     0.011%    96.730%      0.000              1   [Delegate]:249
                   Delegate/weights_convert_uint4_to_float16      0.000      2.194      2.194     0.011%    96.740%      0.000              1   [Delegate]:634
                                            Delegate/reshape      0.000      0.009      0.009     0.011%    96.751%      0.000            256   [Delegate]:437
                                            Delegate/reshape      0.000      0.010      0.009     0.011%    96.761%      0.000            256   [Delegate]:440
                                            Delegate/reshape      0.000      0.011      0.009     0.011%    96.772%      0.000            256   [Delegate]:50
                   Delegate/weights_convert_uint4_to_float16      0.000      2.191      2.191     0.011%    96.782%      0.000              1   [Delegate]:459
                                            Delegate/reshape      0.000      0.009      0.009     0.011%    96.793%      0.000            256   [Delegate]:157
                                            Delegate/reshape      0.000      0.009      0.009     0.011%    96.804%      0.000            256   [Delegate]:132
                   Delegate/weights_convert_uint4_to_float16      0.000      2.188      2.188     0.011%    96.814%      0.000              1   [Delegate]:214
                   Delegate/weights_convert_uint4_to_float16      0.000      2.188      2.188     0.011%    96.825%      0.000              1   [Delegate]:424
                                            Delegate/reshape      0.000      0.008      0.009     0.011%    96.835%      0.000            256   [Delegate]:552
                                            Delegate/reshape      0.000      0.008      0.009     0.011%    96.846%      0.000            256   [Delegate]:129
                                            Delegate/reshape      0.000      0.011      0.009     0.011%    96.856%      0.000            256   [Delegate]:608
                                            Delegate/reshape      0.000      0.008      0.009     0.010%    96.867%      0.000            256   [Delegate]:549
                                            Delegate/reshape      0.000      0.010      0.009     0.010%    96.877%      0.000            256   [Delegate]:605
                   Delegate/weights_convert_uint4_to_float16      0.000      2.177      2.177     0.010%    96.888%      0.000              1   [Delegate]:949
                                            Delegate/reshape      0.000      0.010      0.009     0.010%    96.898%      0.000            256   [Delegate]:692
                                            Delegate/reshape      0.000      0.008      0.009     0.010%    96.909%      0.000            256   [Delegate]:778
                   Delegate/weights_convert_uint4_to_float16      0.000      2.175      2.175     0.010%    96.919%      0.000              1   [Delegate]:914
                                            Delegate/reshape      0.000      0.009      0.008     0.010%    96.929%      0.000            256   [Delegate]:524
                                            Delegate/reshape      0.000      0.010      0.008     0.010%    96.940%      0.000            256   [Delegate]:664
                                            Delegate/reshape      0.000      0.008      0.008     0.010%    96.950%      0.000            256   [Delegate]:636
                   Delegate/weights_convert_uint4_to_float16      0.000      2.172      2.172     0.010%    96.961%      0.000              1   [Delegate]:74
                                            Delegate/reshape      0.000      0.008      0.008     0.010%    96.971%      0.000            256   [Delegate]:633
                   Delegate/weights_convert_uint4_to_float16      0.000      2.170      2.170     0.010%    96.982%      0.000              1   [Delegate]:179
                   Delegate/weights_convert_uint4_to_float16      0.000      2.170      2.170     0.010%    96.992%      0.000              1   [Delegate]:984
                                            Delegate/reshape      0.000      0.010      0.008     0.010%    97.003%      0.000            256   [Delegate]:689
                                            Delegate/reshape      0.000      0.008      0.008     0.010%    97.013%      0.000            256   [Delegate]:521
                                            Delegate/reshape      0.000      0.009      0.008     0.010%    97.023%      0.000            256   [Delegate]:720
                                            Delegate/reshape      0.000      0.009      0.008     0.010%    97.034%      0.000            256   [Delegate]:661
                                            Delegate/reshape      0.000      0.009      0.008     0.010%    97.044%      0.000            256   [Delegate]:104
                                            Delegate/reshape      0.000      0.009      0.008     0.010%    97.055%      0.000            256   [Delegate]:101
                                            Delegate/reshape      0.000      0.009      0.008     0.010%    97.065%      0.000            256   [Delegate]:717
                                            Delegate/reshape      0.000      0.009      0.008     0.010%    97.075%      0.000            256   [Delegate]:748
                                            Delegate/reshape      0.000      0.009      0.008     0.010%    97.086%      0.000            256   [Delegate]:745
                                            Delegate/reshape      0.000      0.008      0.008     0.010%    97.096%      0.000            256   [Delegate]:76
                                            Delegate/reshape      0.000      0.010      0.008     0.010%    97.106%      0.000            256   [Delegate]:45
                                            Delegate/reshape      0.000      0.008      0.008     0.010%    97.117%      0.000            256   [Delegate]:73
                                            Delegate/reshape      0.000      0.010      0.008     0.010%    97.127%      0.000            256   [Delegate]:48
                                            Delegate/reshape      0.000      0.007      0.008     0.010%    97.137%      0.000            256   [Delegate]:776
                                            Delegate/reshape      0.000      0.007      0.008     0.010%    97.147%      0.000            256   [Delegate]:773
                                      Delegate/strided_slice      0.000      0.008      0.008     0.010%    97.158%      0.000            256   [Delegate]:3
                                            Delegate/reshape      0.000      0.010      0.008     0.010%    97.167%      0.000            256   [Delegate]:348
                                            Delegate/reshape      0.000      0.010      0.008     0.010%    97.177%      0.000            256   [Delegate]:404
                                            Delegate/reshape      0.000      0.009      0.008     0.010%    97.187%      0.000            256   [Delegate]:236
                                            Delegate/reshape      0.000      0.010      0.008     0.010%    97.197%      0.000            256   [Delegate]:320
                                            Delegate/reshape      0.000      0.009      0.008     0.010%    97.207%      0.000            256   [Delegate]:572
                                            Delegate/reshape      0.000      0.008      0.008     0.010%    97.217%      0.000            256   [Delegate]:292
                                            Delegate/reshape      0.000      0.008      0.008     0.010%    97.227%      0.000            256   [Delegate]:264
                                            Delegate/reshape      0.000      0.009      0.008     0.010%    97.237%      0.000            256   [Delegate]:180
                                            Delegate/reshape      0.000      0.009      0.008     0.010%    97.247%      0.000            256   [Delegate]:208
                                            Delegate/reshape      0.000      0.008      0.008     0.010%    97.257%      0.000            256   [Delegate]:544
                                            Delegate/reshape      0.000      0.010      0.008     0.010%    97.266%      0.000            256   [Delegate]:376
                                            Delegate/reshape      0.000      0.008      0.008     0.010%    97.276%      0.000            256   [Delegate]:516
                                            Delegate/reshape      0.000      0.008      0.008     0.010%    97.286%      0.000            256   [Delegate]:628
                                            Delegate/reshape      0.000      0.010      0.008     0.010%    97.296%      0.000            256   [Delegate]:432
                                            Delegate/reshape      0.000      0.009      0.008     0.010%    97.306%      0.000            256   [Delegate]:460
                                            Delegate/reshape      0.000      0.010      0.008     0.010%    97.316%      0.000            256   [Delegate]:684
                                            Delegate/reshape      0.000      0.009      0.008     0.010%    97.326%      0.000            256   [Delegate]:740
                                            Delegate/reshape      0.000      0.010      0.008     0.010%    97.335%      0.000            256   [Delegate]:600
                                            Delegate/reshape      0.000      0.009      0.008     0.010%    97.345%      0.000            256   [Delegate]:712
                                            Delegate/reshape      0.000      0.008      0.008     0.010%    97.355%      0.000            256   [Delegate]:124
                                            Delegate/reshape      0.000      0.009      0.008     0.010%    97.365%      0.000            256   [Delegate]:96
                                            Delegate/reshape      0.000      0.009      0.008     0.010%    97.375%      0.000            256   [Delegate]:295
                                            Delegate/reshape      0.000      0.009      0.008     0.010%    97.384%      0.000            256   [Delegate]:351
                                            Delegate/reshape      0.000      0.009      0.008     0.010%    97.394%      0.000            256   [Delegate]:323
                                            Delegate/reshape      0.000      0.009      0.008     0.010%    97.404%      0.000            256   [Delegate]:183
                                            Delegate/reshape      0.000      0.008      0.008     0.010%    97.414%      0.000            256   [Delegate]:239
                                            Delegate/reshape      0.000      0.007      0.008     0.010%    97.424%      0.000            256   [Delegate]:488
                                            Delegate/reshape      0.000      0.009      0.008     0.010%    97.433%      0.000            256   [Delegate]:656
                                            Delegate/reshape      0.000      0.009      0.008     0.010%    97.443%      0.000            256   [Delegate]:152
                                            Delegate/reshape      0.000      0.009      0.008     0.010%    97.453%      0.000            256   [Delegate]:379
                                            Delegate/reshape      0.000      0.009      0.008     0.010%    97.463%      0.000            256   [Delegate]:407
                                            Delegate/reshape      0.000      0.009      0.008     0.010%    97.472%      0.000            256   [Delegate]:40
                                            Delegate/reshape      0.000      0.007      0.008     0.010%    97.482%      0.000            256   [Delegate]:211
                                            Delegate/reshape      0.000      0.008      0.008     0.010%    97.492%      0.000            256   [Delegate]:547
                                            Delegate/reshape      0.000      0.008      0.008     0.010%    97.502%      0.000            256   [Delegate]:267
                                            Delegate/reshape      0.000      0.009      0.008     0.010%    97.511%      0.000            256   [Delegate]:575
                                            Delegate/reshape      0.000      0.009      0.008     0.010%    97.521%      0.000            256   [Delegate]:463
                                            Delegate/reshape      0.000      0.008      0.008     0.010%    97.531%      0.000            256   [Delegate]:155
                                            Delegate/reshape      0.000      0.009      0.008     0.010%    97.540%      0.000            256   [Delegate]:68
                                            Delegate/reshape      0.000      0.008      0.008     0.010%    97.550%      0.000            256   [Delegate]:127
                                            Delegate/reshape      0.000      0.008      0.008     0.010%    97.560%      0.000            256   [Delegate]:99
                                            Delegate/reshape      0.000      0.007      0.008     0.010%    97.569%      0.000            256   [Delegate]:491
                                            Delegate/reshape      0.000      0.009      0.008     0.010%    97.579%      0.000            256   [Delegate]:603
                                            Delegate/reshape      0.000      0.009      0.008     0.010%    97.589%      0.000            256   [Delegate]:435
                                            Delegate/reshape      0.000      0.009      0.008     0.010%    97.599%      0.000            256   [Delegate]:687
                                            Delegate/reshape      0.000      0.007      0.008     0.010%    97.608%      0.000            256   [Delegate]:631
                                            Delegate/reshape      0.000      0.010      0.008     0.010%    97.618%      0.000            256   [Delegate]:6
                                            Delegate/reshape      0.000      0.008      0.008     0.010%    97.628%      0.000            256   [Delegate]:71
                                            Delegate/reshape      0.000      0.007      0.008     0.010%    97.637%      0.000            256   [Delegate]:768
                                            Delegate/reshape      0.000      0.008      0.008     0.010%    97.647%      0.000            256   [Delegate]:715
                                            Delegate/reshape      0.000      0.009      0.008     0.010%    97.656%      0.000            256   [Delegate]:659
                                            Delegate/reshape      0.000      0.007      0.008     0.010%    97.666%      0.000            256   [Delegate]:519
                                            Delegate/reshape      0.000      0.008      0.008     0.010%    97.676%      0.000            256   [Delegate]:743
                                            Delegate/reshape      0.000      0.009      0.008     0.010%    97.685%      0.000            256   [Delegate]:43
                                      Delegate/strided_slice      0.000      0.009      0.008     0.009%    97.695%      0.000            256   [Delegate]:346
                                            Delegate/reshape      0.000      0.007      0.008     0.009%    97.704%      0.000            256   [Delegate]:771
                                      Delegate/strided_slice      0.000      0.008      0.008     0.009%    97.714%      0.000            256   [Delegate]:318
                                      Delegate/strided_slice      0.000      0.008      0.008     0.009%    97.723%      0.000            256   [Delegate]:206
                                      Delegate/strided_slice      0.000      0.008      0.008     0.009%    97.732%      0.000            256   [Delegate]:402
                                      Delegate/strided_slice      0.000      0.008      0.008     0.009%    97.742%      0.000            256   [Delegate]:290
                                      Delegate/strided_slice      0.000      0.007      0.008     0.009%    97.751%      0.000            256   [Delegate]:234
                                      Delegate/strided_slice      0.000      0.008      0.008     0.009%    97.761%      0.000            256   [Delegate]:374
                                      Delegate/strided_slice      0.000      0.008      0.008     0.009%    97.770%      0.000            256   [Delegate]:178
                                      Delegate/strided_slice      0.000      0.007      0.008     0.009%    97.779%      0.000            256   [Delegate]:262
                                      Delegate/strided_slice      0.000      0.008      0.008     0.009%    97.789%      0.000            256   [Delegate]:570
                                      Delegate/strided_slice      0.000      0.009      0.008     0.009%    97.798%      0.000            256   [Delegate]:347
                                      Delegate/strided_slice      0.000      0.009      0.008     0.009%    97.807%      0.000            256   [Delegate]:430
                                      Delegate/strided_slice      0.000      0.007      0.008     0.009%    97.817%      0.000            256   [Delegate]:122
                                      Delegate/strided_slice      0.000      0.007      0.008     0.009%    97.826%      0.000            256   [Delegate]:542
                                      Delegate/strided_slice      0.000      0.007      0.008     0.009%    97.835%      0.000            256   [Delegate]:291
                                      Delegate/strided_slice      0.000      0.008      0.008     0.009%    97.845%      0.000            256   [Delegate]:458
                                      Delegate/strided_slice      0.000      0.008      0.008     0.009%    97.854%      0.000            256   [Delegate]:403
                                      Delegate/strided_slice      0.000      0.008      0.008     0.009%    97.863%      0.000            256   [Delegate]:571
                                      Delegate/strided_slice      0.000      0.009      0.008     0.009%    97.872%      0.000            256   [Delegate]:459
                                      Delegate/strided_slice      0.000      0.007      0.008     0.009%    97.882%      0.000            256   [Delegate]:486
                                      Delegate/strided_slice      0.000      0.007      0.007     0.009%    97.891%      0.000            256   [Delegate]:543
                                      Delegate/strided_slice      0.000      0.008      0.007     0.009%    97.900%      0.000            256   [Delegate]:235
                                      Delegate/strided_slice      0.000      0.007      0.007     0.009%    97.909%      0.000            256   [Delegate]:514
                                      Delegate/strided_slice      0.000      0.009      0.007     0.009%    97.919%      0.000            256   [Delegate]:598
                                      Delegate/strided_slice      0.000      0.008      0.007     0.009%    97.928%      0.000            256   [Delegate]:654
                                      Delegate/strided_slice      0.000      0.008      0.007     0.009%    97.937%      0.000            256   [Delegate]:207
                                      Delegate/strided_slice      0.000      0.008      0.007     0.009%    97.946%      0.000            256   [Delegate]:682
                                      Delegate/strided_slice      0.000      0.007      0.007     0.009%    97.955%      0.000            256   [Delegate]:94
                                      Delegate/strided_slice      0.000      0.007      0.007     0.009%    97.965%      0.000            256   [Delegate]:487
                                      Delegate/strided_slice      0.000      0.007      0.007     0.009%    97.974%      0.000            256   [Delegate]:626
                                      Delegate/strided_slice      0.000      0.007      0.007     0.009%    97.983%      0.000            256   [Delegate]:95
                                      Delegate/strided_slice      0.000      0.007      0.007     0.009%    97.992%      0.000            256   [Delegate]:150
                                      Delegate/strided_slice      0.000      0.007      0.007     0.009%    98.001%      0.000            256   [Delegate]:766
                                      Delegate/strided_slice      0.000      0.008      0.007     0.009%    98.011%      0.000            256   [Delegate]:710
                                      Delegate/strided_slice      0.000      0.008      0.007     0.009%    98.020%      0.000            256   [Delegate]:738
                                      Delegate/strided_slice      0.000      0.007      0.007     0.009%    98.029%      0.000            256   [Delegate]:123
                                      Delegate/strided_slice      0.000      0.009      0.007     0.009%    98.038%      0.000            256   [Delegate]:431
                                      Delegate/strided_slice      0.000      0.008      0.007     0.009%    98.047%      0.000            256   [Delegate]:179
                                      Delegate/strided_slice      0.000      0.009      0.007     0.009%    98.056%      0.000            256   [Delegate]:375
                                      Delegate/strided_slice      0.000      0.009      0.007     0.009%    98.065%      0.000            256   [Delegate]:319
                                      Delegate/strided_slice      0.000      0.007      0.007     0.009%    98.075%      0.000            256   [Delegate]:515
                                      Delegate/strided_slice      0.000      0.008      0.007     0.009%    98.084%      0.000            256   [Delegate]:38
                                      Delegate/strided_slice      0.000      0.008      0.007     0.009%    98.093%      0.000            256   [Delegate]:66
                                      Delegate/strided_slice      0.000      0.008      0.007     0.009%    98.102%      0.000            256   [Delegate]:711
                                      Delegate/strided_slice      0.000      0.008      0.007     0.009%    98.111%      0.000            256   [Delegate]:599
                                      Delegate/strided_slice      0.000      0.007      0.007     0.009%    98.120%      0.000            256   [Delegate]:627
                                      Delegate/strided_slice      0.000      0.007      0.007     0.009%    98.129%      0.000            256   [Delegate]:767
                                      Delegate/strided_slice      0.000      0.008      0.007     0.009%    98.138%      0.000            256   [Delegate]:39
                                      Delegate/strided_slice      0.000      0.008      0.007     0.009%    98.147%      0.000            256   [Delegate]:655
                                      Delegate/strided_slice      0.000      0.009      0.007     0.009%    98.156%      0.000            256   [Delegate]:683
                                      Delegate/strided_slice      0.000      0.008      0.007     0.009%    98.165%      0.000            256   [Delegate]:67
                                      Delegate/strided_slice      0.000      0.007      0.007     0.009%    98.174%      0.000            256   [Delegate]:263
                                      Delegate/strided_slice      0.000      0.008      0.007     0.009%    98.183%      0.000            256   [Delegate]:151
                                      Delegate/strided_slice      0.000      0.008      0.007     0.009%    98.192%      0.000            256   [Delegate]:739
                                      Delegate/strided_slice      0.000      0.007      0.007     0.009%    98.201%      0.000            256   [Delegate]:4
                                      Delegate/strided_slice      0.000      0.009      0.007     0.009%    98.209%      0.000            256   [Delegate]:5
                    Delegate/select_v2 -> maximum -> minimum      0.000      1.726      1.726     0.008%    98.218%      0.000              1   [Delegate]:30
                    Delegate/select_v2 -> maximum -> minimum      0.000      1.675      1.675     0.008%    98.226%      0.000              1   [Delegate]:765
                              Delegate/softmax (elementwise)      0.000      1.670      1.670     0.008%    98.234%      0.000              1   [Delegate]:32
                    Delegate/select_v2 -> maximum -> minimum      0.000      1.662      1.662     0.008%    98.242%      0.000              1   [Delegate]:625
                    Delegate/select_v2 -> maximum -> minimum      0.000      1.652      1.652     0.008%    98.250%      0.000              1   [Delegate]:100
                    Delegate/select_v2 -> maximum -> minimum      0.000      1.645      1.645     0.008%    98.258%      0.000              1   [Delegate]:170
                    Delegate/select_v2 -> maximum -> minimum      0.000      1.632      1.632     0.008%    98.265%      0.000              1   [Delegate]:870
                    Delegate/select_v2 -> maximum -> minimum      0.000      1.631      1.631     0.008%    98.273%      0.000              1   [Delegate]:975
                    Delegate/select_v2 -> maximum -> minimum      0.000      1.630      1.630     0.008%    98.281%      0.000              1   [Delegate]:275
                    Delegate/select_v2 -> maximum -> minimum      0.000      1.629      1.629     0.008%    98.289%      0.000              1   [Delegate]:345
                    Delegate/select_v2 -> maximum -> minimum      0.000      1.625      1.625     0.008%    98.297%      0.000              1   [Delegate]:695
                    Delegate/select_v2 -> maximum -> minimum      0.000      1.617      1.617     0.008%    98.305%      0.000              1   [Delegate]:135
                    Delegate/select_v2 -> maximum -> minimum      0.000      1.617      1.617     0.008%    98.312%      0.000              1   [Delegate]:450
                    Delegate/select_v2 -> maximum -> minimum      0.000      1.614      1.614     0.008%    98.320%      0.000              1   [Delegate]:485
                    Delegate/select_v2 -> maximum -> minimum      0.000      1.613      1.613     0.008%    98.328%      0.000              1   [Delegate]:415
                    Delegate/select_v2 -> maximum -> minimum      0.000      1.611      1.611     0.008%    98.336%      0.000              1   [Delegate]:205
                    Delegate/select_v2 -> maximum -> minimum      0.000      1.611      1.611     0.008%    98.343%      0.000              1   [Delegate]:730
                    Delegate/select_v2 -> maximum -> minimum      0.000      1.611      1.611     0.008%    98.351%      0.000              1   [Delegate]:940
                    Delegate/select_v2 -> maximum -> minimum      0.000      1.610      1.610     0.008%    98.359%      0.000              1   [Delegate]:905
                    Delegate/select_v2 -> maximum -> minimum      0.000      1.608      1.608     0.008%    98.367%      0.000              1   [Delegate]:590
                    Delegate/select_v2 -> maximum -> minimum      0.000      1.607      1.607     0.008%    98.374%      0.000              1   [Delegate]:520
                    Delegate/select_v2 -> maximum -> minimum      0.000      1.605      1.605     0.008%    98.382%      0.000              1   [Delegate]:240
                    Delegate/select_v2 -> maximum -> minimum      0.000      1.605      1.605     0.008%    98.390%      0.000              1   [Delegate]:555
                    Delegate/select_v2 -> maximum -> minimum      0.000      1.604      1.604     0.008%    98.398%      0.000              1   [Delegate]:310
                    Delegate/select_v2 -> maximum -> minimum      0.000      1.604      1.604     0.008%    98.405%      0.000              1   [Delegate]:380
                    Delegate/select_v2 -> maximum -> minimum      0.000      1.603      1.603     0.008%    98.413%      0.000              1   [Delegate]:660
                    Delegate/select_v2 -> maximum -> minimum      0.000      1.603      1.603     0.008%    98.421%      0.000              1   [Delegate]:800
                    Delegate/select_v2 -> maximum -> minimum      0.000      1.603      1.603     0.008%    98.428%      0.000              1   [Delegate]:835
                    Delegate/select_v2 -> maximum -> minimum      0.000      1.598      1.598     0.008%    98.436%      0.000              1   [Delegate]:65
                              Delegate/softmax (elementwise)      0.000      1.583      1.583     0.008%    98.444%      0.000              1   [Delegate]:977
                              Delegate/softmax (elementwise)      0.000      1.566      1.566     0.008%    98.451%      0.000              1   [Delegate]:732
                              Delegate/softmax (elementwise)      0.000      1.561      1.561     0.008%    98.459%      0.000              1   [Delegate]:487
                              Delegate/softmax (elementwise)      0.000      1.559      1.559     0.008%    98.466%      0.000              1   [Delegate]:207
                              Delegate/softmax (elementwise)      0.000      1.552      1.552     0.007%    98.474%      0.000              1   [Delegate]:67
                              Delegate/softmax (elementwise)      0.000      1.552      1.552     0.007%    98.481%      0.000              1   [Delegate]:907
                              Delegate/softmax (elementwise)      0.000      1.549      1.549     0.007%    98.489%      0.000              1   [Delegate]:522
                              Delegate/softmax (elementwise)      0.000      1.548      1.548     0.007%    98.496%      0.000              1   [Delegate]:347
                              Delegate/softmax (elementwise)      0.000      1.547      1.547     0.007%    98.504%      0.000              1   [Delegate]:557
                              Delegate/softmax (elementwise)      0.000      1.544      1.544     0.007%    98.511%      0.000              1   [Delegate]:662
                              Delegate/softmax (elementwise)      0.000      1.544      1.544     0.007%    98.519%      0.000              1   [Delegate]:837
                              Delegate/softmax (elementwise)      0.000      1.543      1.543     0.007%    98.526%      0.000              1   [Delegate]:242
                              Delegate/softmax (elementwise)      0.000      1.543      1.543     0.007%    98.533%      0.000              1   [Delegate]:382
                              Delegate/softmax (elementwise)      0.000      1.540      1.540     0.007%    98.541%      0.000              1   [Delegate]:102
                              Delegate/softmax (elementwise)      0.000      1.540      1.540     0.007%    98.548%      0.000              1   [Delegate]:172
                              Delegate/softmax (elementwise)      0.000      1.540      1.540     0.007%    98.556%      0.000              1   [Delegate]:872
                              Delegate/softmax (elementwise)      0.000      1.539      1.539     0.007%    98.563%      0.000              1   [Delegate]:137
                              Delegate/softmax (elementwise)      0.000      1.539      1.539     0.007%    98.570%      0.000              1   [Delegate]:452
                              Delegate/softmax (elementwise)      0.000      1.539      1.539     0.007%    98.578%      0.000              1   [Delegate]:627
                              Delegate/softmax (elementwise)      0.000      1.539      1.539     0.007%    98.585%      0.000              1   [Delegate]:942
                              Delegate/softmax (elementwise)      0.000      1.538      1.538     0.007%    98.593%      0.000              1   [Delegate]:277
                              Delegate/softmax (elementwise)      0.000      1.538      1.538     0.007%    98.600%      0.000              1   [Delegate]:592
                              Delegate/softmax (elementwise)      0.000      1.538      1.538     0.007%    98.607%      0.000              1   [Delegate]:802
                              Delegate/softmax (elementwise)      0.000      1.537      1.537     0.007%    98.615%      0.000              1   [Delegate]:312
                              Delegate/softmax (elementwise)      0.000      1.537      1.537     0.007%    98.622%      0.000              1   [Delegate]:417
                              Delegate/softmax (elementwise)      0.000      1.537      1.537     0.007%    98.630%      0.000              1   [Delegate]:697
                              Delegate/softmax (elementwise)      0.000      1.537      1.537     0.007%    98.637%      0.000              1   [Delegate]:767
                                   Delegate/softmax (reduce)      0.000      1.191      1.191     0.006%    98.643%      0.000              1   [Delegate]:31
                                   Delegate/softmax (reduce)      0.000      1.183      1.183     0.006%    98.648%      0.000              1   [Delegate]:976
                                   Delegate/softmax (reduce)      0.000      1.181      1.181     0.006%    98.654%      0.000              1   [Delegate]:871
                                   Delegate/softmax (reduce)      0.000      1.177      1.177     0.006%    98.660%      0.000              1   [Delegate]:346
                                   Delegate/softmax (reduce)      0.000      1.168      1.168     0.006%    98.665%      0.000              1   [Delegate]:451
                                   Delegate/softmax (reduce)      0.000      1.167      1.167     0.006%    98.671%      0.000              1   [Delegate]:626
                                   Delegate/softmax (reduce)      0.000      1.167      1.167     0.006%    98.677%      0.000              1   [Delegate]:836
                                   Delegate/softmax (reduce)      0.000      1.165      1.165     0.006%    98.682%      0.000              1   [Delegate]:276
                                   Delegate/softmax (reduce)      0.000      1.160      1.160     0.006%    98.688%      0.000              1   [Delegate]:906
                                   Delegate/softmax (reduce)      0.000      1.157      1.157     0.006%    98.693%      0.000              1   [Delegate]:941
                                   Delegate/softmax (reduce)      0.000      1.156      1.156     0.006%    98.699%      0.000              1   [Delegate]:101
                                   Delegate/softmax (reduce)      0.000      1.156      1.156     0.006%    98.705%      0.000              1   [Delegate]:311
                                   Delegate/softmax (reduce)      0.000      1.156      1.156     0.006%    98.710%      0.000              1   [Delegate]:591
                                   Delegate/softmax (reduce)      0.000      1.155      1.155     0.006%    98.716%      0.000              1   [Delegate]:136
                                   Delegate/softmax (reduce)      0.000      1.155      1.155     0.006%    98.721%      0.000              1   [Delegate]:661
                                   Delegate/softmax (reduce)      0.000      1.154      1.154     0.006%    98.727%      0.000              1   [Delegate]:556
                                   Delegate/softmax (reduce)      0.000      1.152      1.152     0.006%    98.732%      0.000              1   [Delegate]:486
                                   Delegate/softmax (reduce)      0.000      1.152      1.152     0.006%    98.738%      0.000              1   [Delegate]:696
                                   Delegate/softmax (reduce)      0.000      1.149      1.149     0.006%    98.743%      0.000              1   [Delegate]:381
                                   Delegate/softmax (reduce)      0.000      1.148      1.148     0.006%    98.749%      0.000              1   [Delegate]:66
                                   Delegate/softmax (reduce)      0.000      1.147      1.147     0.006%    98.755%      0.000              1   [Delegate]:766
                                   Delegate/softmax (reduce)      0.000      1.145      1.145     0.006%    98.760%      0.000              1   [Delegate]:731
                                   Delegate/softmax (reduce)      0.000      1.144      1.144     0.006%    98.766%      0.000              1   [Delegate]:416
                                   Delegate/softmax (reduce)      0.000      1.142      1.142     0.005%    98.771%      0.000              1   [Delegate]:241
                                   Delegate/softmax (reduce)      0.000      1.136      1.136     0.005%    98.776%      0.000              1   [Delegate]:171
                                   Delegate/softmax (reduce)      0.000      1.134      1.134     0.005%    98.782%      0.000              1   [Delegate]:801
                                   Delegate/softmax (reduce)      0.000      1.132      1.132     0.005%    98.787%      0.000              1   [Delegate]:521
                                   Delegate/softmax (reduce)      0.000      1.131      1.131     0.005%    98.793%      0.000              1   [Delegate]:206
                   Delegate/weights_convert_uint4_to_float16      0.000      1.038      1.038     0.005%    98.798%      0.000              1   [Delegate]:744
                   Delegate/weights_convert_uint4_to_float16      0.000      1.022      1.022     0.005%    98.803%      0.000              1   [Delegate]:989
                   Delegate/weights_convert_uint4_to_float16      0.000      1.020      1.020     0.005%    98.808%      0.000              1   [Delegate]:219
                   Delegate/weights_convert_uint4_to_float16      0.000      1.014      1.014     0.005%    98.813%      0.000              1   [Delegate]:79
                   Delegate/weights_convert_uint4_to_float16      0.000      1.013      1.013     0.005%    98.817%      0.000              1   [Delegate]:464
                   Delegate/weights_convert_uint4_to_float16      0.000      1.008      1.008     0.005%    98.822%      0.000              1   [Delegate]:429
                   Delegate/weights_convert_uint4_to_float16      0.000      1.008      1.008     0.005%    98.827%      0.000              1   [Delegate]:534
                   Delegate/weights_convert_uint4_to_float16      0.000      1.004      1.004     0.005%    98.832%      0.000              1   [Delegate]:884
                   Delegate/weights_convert_uint4_to_float16      0.000      1.001      1.001     0.005%    98.837%      0.000              1   [Delegate]:849
                   Delegate/weights_convert_uint4_to_float16      0.000      0.997      0.997     0.005%    98.842%      0.000              1   [Delegate]:814
                                                Delegate/mul      0.000      0.997      0.997     0.005%    98.846%      0.000              1   [Delegate]:988
                   Delegate/weights_convert_uint4_to_float16      0.000      0.995      0.995     0.005%    98.851%      0.000              1   [Delegate]:604
                   Delegate/weights_convert_uint4_to_float16      0.000      0.995      0.995     0.005%    98.856%      0.000              1   [Delegate]:779
                   Delegate/weights_convert_uint4_to_float16      0.000      0.990      0.990     0.005%    98.861%      0.000              1   [Delegate]:919
                   Delegate/weights_convert_uint4_to_float16      0.000      0.988      0.988     0.005%    98.865%      0.000              1   [Delegate]:149
                   Delegate/weights_convert_uint4_to_float16      0.000      0.987      0.987     0.005%    98.870%      0.000              1   [Delegate]:184
                   Delegate/weights_convert_uint4_to_float16      0.000      0.986      0.986     0.005%    98.875%      0.000              1   [Delegate]:324
                                                Delegate/mul      0.000      0.984      0.984     0.005%    98.880%      0.000              1   [Delegate]:323
                                                Delegate/mul      0.000      0.984      0.984     0.005%    98.884%      0.000              1   [Delegate]:708
                   Delegate/weights_convert_uint4_to_float16      0.000      0.983      0.983     0.005%    98.889%      0.000              1   [Delegate]:639
                   Delegate/weights_convert_uint4_to_float16      0.000      0.979      0.979     0.005%    98.894%      0.000              1   [Delegate]:254
                   Delegate/weights_convert_uint4_to_float16      0.000      0.978      0.978     0.005%    98.899%      0.000              1   [Delegate]:114
                   Delegate/weights_convert_uint4_to_float16      0.000      0.978      0.978     0.005%    98.903%      0.000              1   [Delegate]:569
                   Delegate/weights_convert_uint4_to_float16      0.000      0.977      0.977     0.005%    98.908%      0.000              1   [Delegate]:289
                                                Delegate/mul      0.000      0.977      0.977     0.005%    98.913%      0.000              1   [Delegate]:533
                   Delegate/weights_convert_uint4_to_float16      0.000      0.977      0.977     0.005%    98.917%      0.000              1   [Delegate]:709
                                                Delegate/mul      0.000      0.977      0.977     0.005%    98.922%      0.000              1   [Delegate]:918
                   Delegate/weights_convert_uint4_to_float16      0.000      0.977      0.977     0.005%    98.927%      0.000              1   [Delegate]:954
                   Delegate/weights_convert_uint4_to_float16      0.000      0.976      0.976     0.005%    98.932%      0.000              1   [Delegate]:499
                   Delegate/weights_convert_uint4_to_float16      0.000      0.973      0.973     0.005%    98.936%      0.000              1   [Delegate]:359
                   Delegate/weights_convert_uint4_to_float16      0.000      0.972      0.972     0.005%    98.941%      0.000              1   [Delegate]:674
                   Delegate/weights_convert_uint4_to_float16      0.000      0.970      0.970     0.005%    98.946%      0.000              1   [Delegate]:394
                   Delegate/weights_convert_uint4_to_float16      0.000      0.969      0.969     0.005%    98.950%      0.000              1   [Delegate]:44
                                                Delegate/mul      0.000      0.967      0.967     0.005%    98.955%      0.000              1   [Delegate]:743
                                          Delegate/transpose      0.000      0.948      0.948     0.005%    98.959%      0.000              1   [Delegate]:12
                                                Delegate/mul      0.000      0.893      0.893     0.004%    98.964%      0.000              1   [Delegate]:883
                                                Delegate/mul      0.000      0.887      0.887     0.004%    98.968%      0.000              1   [Delegate]:43
                                                Delegate/mul      0.000      0.883      0.883     0.004%    98.972%      0.000              1   [Delegate]:463
                                                Delegate/mul      0.000      0.869      0.869     0.004%    98.976%      0.000              1   [Delegate]:393
                                                Delegate/mul      0.000      0.861      0.861     0.004%    98.981%      0.000              1   [Delegate]:673
                                                Delegate/mul      0.000      0.861      0.861     0.004%    98.985%      0.000              1   [Delegate]:778
                                                Delegate/mul      0.000      0.858      0.858     0.004%    98.989%      0.000              1   [Delegate]:638
                                                Delegate/mul      0.000      0.855      0.855     0.004%    98.993%      0.000              1   [Delegate]:568
                                                Delegate/mul      0.000      0.853      0.853     0.004%    98.997%      0.000              1   [Delegate]:288
                                                Delegate/mul      0.000      0.852      0.852     0.004%    99.001%      0.000              1   [Delegate]:253
                                                Delegate/mul      0.000      0.852      0.852     0.004%    99.005%      0.000              1   [Delegate]:603
                                                Delegate/mul      0.000      0.852      0.852     0.004%    99.009%      0.000              1   [Delegate]:848
                                                Delegate/mul      0.000      0.851      0.851     0.004%    99.014%      0.000              1   [Delegate]:78
                                                Delegate/mul      0.000      0.851      0.851     0.004%    99.018%      0.000              1   [Delegate]:813
                                                Delegate/mul      0.000      0.850      0.850     0.004%    99.022%      0.000              1   [Delegate]:498
                                                Delegate/mul      0.000      0.849      0.849     0.004%    99.026%      0.000              1   [Delegate]:113
                                                Delegate/mul      0.000      0.849      0.849     0.004%    99.030%      0.000              1   [Delegate]:148
                                                Delegate/mul      0.000      0.849      0.849     0.004%    99.034%      0.000              1   [Delegate]:183
                                                Delegate/mul      0.000      0.849      0.849     0.004%    99.038%      0.000              1   [Delegate]:218
                                                Delegate/mul      0.000      0.849      0.849     0.004%    99.042%      0.000              1   [Delegate]:358
                                                Delegate/mul      0.000      0.849      0.849     0.004%    99.046%      0.000              1   [Delegate]:428
                                                Delegate/mul      0.000      0.849      0.849     0.004%    99.050%      0.000              1   [Delegate]:953
                                          Delegate/transpose      0.000      0.826      0.826     0.004%    99.054%      0.000              1   [Delegate]:789
                                          Delegate/transpose      0.000      0.819      0.819     0.004%    99.058%      0.000              1   [Delegate]:579
                                          Delegate/transpose      0.000      0.794      0.794     0.004%    99.062%      0.000              1   [Delegate]:229
                                          Delegate/transpose      0.000      0.793      0.793     0.004%    99.066%      0.000              1   [Delegate]:544
                                          Delegate/transpose      0.000      0.792      0.792     0.004%    99.070%      0.000              1   [Delegate]:54
                                          Delegate/transpose      0.000      0.790      0.790     0.004%    99.073%      0.000              1   [Delegate]:859
                                          Delegate/transpose      0.000      0.789      0.789     0.004%    99.077%      0.000              1   [Delegate]:474
                                          Delegate/transpose      0.000      0.787      0.787     0.004%    99.081%      0.000              1   [Delegate]:194
                                          Delegate/transpose      0.000      0.786      0.786     0.004%    99.085%      0.000              1   [Delegate]:509
                                          Delegate/transpose      0.000      0.776      0.776     0.004%    99.089%      0.000              1   [Delegate]:369
                                          Delegate/transpose      0.000      0.773      0.773     0.004%    99.092%      0.000              1   [Delegate]:334
                                          Delegate/transpose      0.000      0.773      0.773     0.004%    99.096%      0.000              1   [Delegate]:439
                                          Delegate/transpose      0.000      0.773      0.773     0.004%    99.100%      0.000              1   [Delegate]:684
                                          Delegate/transpose      0.000      0.773      0.773     0.004%    99.103%      0.000              1   [Delegate]:754
                                          Delegate/transpose      0.000      0.772      0.772     0.004%    99.107%      0.000              1   [Delegate]:404
                                          Delegate/transpose      0.000      0.772      0.772     0.004%    99.111%      0.000              1   [Delegate]:614
                                          Delegate/transpose      0.000      0.771      0.771     0.004%    99.115%      0.000              1   [Delegate]:89
                                          Delegate/transpose      0.000      0.771      0.771     0.004%    99.118%      0.000              1   [Delegate]:124
                                          Delegate/transpose      0.000      0.770      0.770     0.004%    99.122%      0.000              1   [Delegate]:299
                                          Delegate/transpose      0.000      0.770      0.770     0.004%    99.126%      0.000              1   [Delegate]:719
                                          Delegate/transpose      0.000      0.770      0.770     0.004%    99.129%      0.000              1   [Delegate]:929
                                          Delegate/transpose      0.000      0.769      0.769     0.004%    99.133%      0.000              1   [Delegate]:159
                                          Delegate/transpose      0.000      0.769      0.769     0.004%    99.137%      0.000              1   [Delegate]:264
                                          Delegate/transpose      0.000      0.769      0.769     0.004%    99.141%      0.000              1   [Delegate]:824
                                          Delegate/transpose      0.000      0.768      0.768     0.004%    99.144%      0.000              1   [Delegate]:964
                                          Delegate/transpose      0.000      0.767      0.767     0.004%    99.148%      0.000              1   [Delegate]:649
                                          Delegate/transpose      0.000      0.764      0.764     0.004%    99.152%      0.000              1   [Delegate]:894
                   Delegate/weights_convert_uint4_to_float16      0.000      0.710      0.710     0.003%    99.155%      0.000              1   [Delegate]:5
                   Delegate/weights_convert_uint4_to_float16      0.000      0.690      0.690     0.003%    99.158%      0.000              1   [Delegate]:397
                   Delegate/weights_convert_uint4_to_float16      0.000      0.689      0.689     0.003%    99.162%      0.000              1   [Delegate]:292
                                      Delegate/strided_slice      0.000      0.689      0.689     0.003%    99.165%      0.000              1   [Delegate]:987
                   Delegate/weights_convert_uint4_to_float16      0.000      0.687      0.687     0.003%    99.168%      0.000              1   [Delegate]:712
                   Delegate/weights_convert_uint4_to_float16      0.000      0.685      0.685     0.003%    99.172%      0.000              1   [Delegate]:852
                   Delegate/weights_convert_uint4_to_float16      0.000      0.684      0.684     0.003%    99.175%      0.000              1   [Delegate]:82
                   Delegate/weights_convert_uint4_to_float16      0.000      0.684      0.684     0.003%    99.178%      0.000              1   [Delegate]:257
                   Delegate/weights_convert_uint4_to_float16      0.000      0.681      0.681     0.003%    99.181%      0.000              1   [Delegate]:152
                   Delegate/weights_convert_uint4_to_float16      0.000      0.680      0.680     0.003%    99.185%      0.000              1   [Delegate]:47
                                      Delegate/strided_slice      0.000      0.679      0.679     0.003%    99.188%      0.000              1   [Delegate]:462
                                      Delegate/strided_slice      0.000      0.679      0.679     0.003%    99.191%      0.000              1   [Delegate]:532
                   Delegate/weights_convert_uint4_to_float16      0.000      0.677      0.677     0.003%    99.195%      0.000              1   [Delegate]:432
                   Delegate/weights_convert_uint4_to_float16      0.000      0.677      0.677     0.003%    99.198%      0.000              1   [Delegate]:782
                    Delegate/strided_slice -> sigmoid -> mul      0.000      0.677      0.677     0.003%    99.201%      0.000              1   [Delegate]:846
                   Delegate/weights_convert_uint4_to_float16      0.000      0.676      0.676     0.003%    99.204%      0.000              1   [Delegate]:362
                    Delegate/strided_slice -> sigmoid -> mul      0.000      0.676      0.676     0.003%    99.208%      0.000              1   [Delegate]:636
                    Delegate/strided_slice -> sigmoid -> mul      0.000      0.676      0.676     0.003%    99.211%      0.000              1   [Delegate]:671
                   Delegate/weights_convert_uint4_to_float16      0.000      0.676      0.676     0.003%    99.214%      0.000              1   [Delegate]:747
                    Delegate/strided_slice -> sigmoid -> mul      0.000      0.675      0.675     0.003%    99.217%      0.000              1   [Delegate]:881
                                      Delegate/strided_slice      0.000      0.674      0.674     0.003%    99.221%      0.000              1   [Delegate]:322
                    Delegate/strided_slice -> sigmoid -> mul      0.000      0.674      0.674     0.003%    99.224%      0.000              1   [Delegate]:601
                                      Delegate/strided_slice      0.000      0.674      0.674     0.003%    99.227%      0.000              1   [Delegate]:882
                    Delegate/strided_slice -> sigmoid -> mul      0.000      0.673      0.673     0.003%    99.230%      0.000              1   [Delegate]:146
                    Delegate/strided_slice -> sigmoid -> mul      0.000      0.673      0.673     0.003%    99.234%      0.000              1   [Delegate]:216
                    Delegate/strided_slice -> sigmoid -> mul      0.000      0.673      0.673     0.003%    99.237%      0.000              1   [Delegate]:251
                    Delegate/strided_slice -> sigmoid -> mul      0.000      0.673      0.673     0.003%    99.240%      0.000              1   [Delegate]:356
                    Delegate/strided_slice -> sigmoid -> mul      0.000      0.673      0.673     0.003%    99.243%      0.000              1   [Delegate]:426
                    Delegate/strided_slice -> sigmoid -> mul      0.000      0.673      0.673     0.003%    99.247%      0.000              1   [Delegate]:461
                    Delegate/strided_slice -> sigmoid -> mul      0.000      0.673      0.673     0.003%    99.250%      0.000              1   [Delegate]:531
                    Delegate/strided_slice -> sigmoid -> mul      0.000      0.673      0.673     0.003%    99.253%      0.000              1   [Delegate]:706
                    Delegate/strided_slice -> sigmoid -> mul      0.000      0.673      0.673     0.003%    99.256%      0.000              1   [Delegate]:776
                    Delegate/strided_slice -> sigmoid -> mul      0.000      0.672      0.672     0.003%    99.259%      0.000              1   [Delegate]:181
                    Delegate/strided_slice -> sigmoid -> mul      0.000      0.672      0.672     0.003%    99.263%      0.000              1   [Delegate]:321
                   Delegate/weights_convert_uint4_to_float16      0.000      0.672      0.672     0.003%    99.266%      0.000              1   [Delegate]:327
                    Delegate/strided_slice -> sigmoid -> mul      0.000      0.672      0.672     0.003%    99.269%      0.000              1   [Delegate]:391
                                      Delegate/strided_slice      0.000      0.672      0.672     0.003%    99.272%      0.000              1   [Delegate]:392
                    Delegate/strided_slice -> sigmoid -> mul      0.000      0.672      0.672     0.003%    99.276%      0.000              1   [Delegate]:496
                    Delegate/strided_slice -> sigmoid -> mul      0.000      0.672      0.672     0.003%    99.279%      0.000              1   [Delegate]:741
                                      Delegate/strided_slice      0.000      0.672      0.672     0.003%    99.282%      0.000              1   [Delegate]:777
                   Delegate/weights_convert_uint4_to_float16      0.000      0.672      0.672     0.003%    99.285%      0.000              1   [Delegate]:817
                   Delegate/weights_convert_uint4_to_float16      0.000      0.672      0.672     0.003%    99.289%      0.000              1   [Delegate]:887
                    Delegate/strided_slice -> sigmoid -> mul      0.000      0.672      0.672     0.003%    99.292%      0.000              1   [Delegate]:916
                                      Delegate/strided_slice      0.000      0.672      0.672     0.003%    99.295%      0.000              1   [Delegate]:917
                                      Delegate/strided_slice      0.000      0.671      0.671     0.003%    99.298%      0.000              1   [Delegate]:42
                    Delegate/strided_slice -> sigmoid -> mul      0.000      0.671      0.671     0.003%    99.302%      0.000              1   [Delegate]:286
                                      Delegate/strided_slice      0.000      0.671      0.671     0.003%    99.305%      0.000              1   [Delegate]:707
                    Delegate/strided_slice -> sigmoid -> mul      0.000      0.671      0.671     0.003%    99.308%      0.000              1   [Delegate]:811
                    Delegate/strided_slice -> sigmoid -> mul      0.000      0.670      0.670     0.003%    99.311%      0.000              1   [Delegate]:111
                   Delegate/weights_convert_uint4_to_float16      0.000      0.670      0.670     0.003%    99.314%      0.000              1   [Delegate]:642
                    Delegate/strided_slice -> sigmoid -> mul      0.000      0.669      0.669     0.003%    99.318%      0.000              1   [Delegate]:566
                                      Delegate/strided_slice      0.000      0.669      0.669     0.003%    99.321%      0.000              1   [Delegate]:742
                   Delegate/weights_convert_uint4_to_float16      0.000      0.666      0.666     0.003%    99.324%      0.000              1   [Delegate]:117
                   Delegate/weights_convert_uint4_to_float16      0.000      0.666      0.666     0.003%    99.327%      0.000              1   [Delegate]:467
                   Delegate/weights_convert_uint4_to_float16      0.000      0.665      0.665     0.003%    99.330%      0.000              1   [Delegate]:537
                                      Delegate/strided_slice      0.000      0.665      0.665     0.003%    99.334%      0.000              1   [Delegate]:672
                   Delegate/weights_convert_uint4_to_float16      0.000      0.663      0.663     0.003%    99.337%      0.000              1   [Delegate]:607
                   Delegate/weights_convert_uint4_to_float16      0.000      0.662      0.662     0.003%    99.340%      0.000              1   [Delegate]:222
                    Delegate/strided_slice -> sigmoid -> mul      0.000      0.661      0.661     0.003%    99.343%      0.000              1   [Delegate]:986
                    Delegate/strided_slice -> sigmoid -> mul      0.000      0.660      0.660     0.003%    99.346%      0.000              1   [Delegate]:41
                    Delegate/strided_slice -> sigmoid -> mul      0.000      0.660      0.660     0.003%    99.350%      0.000              1   [Delegate]:76
                   Delegate/weights_convert_uint4_to_float16      0.000      0.659      0.659     0.003%    99.353%      0.000              1   [Delegate]:187
                   Delegate/weights_convert_uint4_to_float16      0.000      0.659      0.659     0.003%    99.356%      0.000              1   [Delegate]:572
                   Delegate/weights_convert_uint4_to_float16      0.000      0.659      0.659     0.003%    99.359%      0.000              1   [Delegate]:922
                   Delegate/weights_convert_uint4_to_float16      0.000      0.659      0.659     0.003%    99.362%      0.000              1   [Delegate]:957
                   Delegate/weights_convert_uint4_to_float16      0.000      0.658      0.658     0.003%    99.365%      0.000              1   [Delegate]:677
                   Delegate/weights_convert_uint4_to_float16      0.000      0.657      0.657     0.003%    99.369%      0.000              1   [Delegate]:502
                                      Delegate/strided_slice      0.000      0.655      0.655     0.003%    99.372%      0.000              1   [Delegate]:217
                                      Delegate/strided_slice      0.000      0.644      0.644     0.003%    99.375%      0.000              1   [Delegate]:427
                                      Delegate/strided_slice      0.000      0.639      0.639     0.003%    99.378%      0.000              1   [Delegate]:637
                                      Delegate/strided_slice      0.000      0.635      0.635     0.003%    99.381%      0.000              1   [Delegate]:252
                                      Delegate/strided_slice      0.000      0.633      0.633     0.003%    99.384%      0.000              1   [Delegate]:147
                                      Delegate/strided_slice      0.000      0.631      0.631     0.003%    99.387%      0.000              1   [Delegate]:357
                                      Delegate/strided_slice      0.000      0.629      0.629     0.003%    99.390%      0.000              1   [Delegate]:112
                                      Delegate/strided_slice      0.000      0.625      0.625     0.003%    99.393%      0.000              1   [Delegate]:287
                                      Delegate/strided_slice      0.000      0.624      0.624     0.003%    99.396%      0.000              1   [Delegate]:847
                                      Delegate/strided_slice      0.000      0.614      0.614     0.003%    99.399%      0.000              1   [Delegate]:497
                                      Delegate/strided_slice      0.000      0.613      0.613     0.003%    99.402%      0.000              1   [Delegate]:602
                                      Delegate/strided_slice      0.000      0.602      0.602     0.003%    99.405%      0.000              1   [Delegate]:182
                                      Delegate/strided_slice      0.000      0.596      0.596     0.003%    99.408%      0.000              1   [Delegate]:567
                                      Delegate/strided_slice      0.000      0.590      0.590     0.003%    99.411%      0.000              1   [Delegate]:77
                                      Delegate/strided_slice      0.000      0.585      0.585     0.003%    99.413%      0.000              1   [Delegate]:812
                    Delegate/strided_slice -> sigmoid -> mul      0.000      0.585      0.585     0.003%    99.416%      0.000              1   [Delegate]:951
                                      Delegate/strided_slice      0.000      0.584      0.584     0.003%    99.419%      0.000              1   [Delegate]:952
                          Delegate/convolution(conv_generic)      0.000      0.580      0.580     0.003%    99.422%      0.000              1   [Delegate]:29
                          Delegate/convolution(conv_generic)      0.000      0.575      0.575     0.003%    99.425%      0.000              1   [Delegate]:309
                          Delegate/convolution(conv_generic)      0.000      0.574      0.574     0.003%    99.427%      0.000              1   [Delegate]:834
                          Delegate/convolution(conv_generic)      0.000      0.572      0.572     0.003%    99.430%      0.000              1   [Delegate]:99
                          Delegate/convolution(conv_generic)      0.000      0.572      0.572     0.003%    99.433%      0.000              1   [Delegate]:134
                          Delegate/convolution(conv_generic)      0.000      0.572      0.572     0.003%    99.436%      0.000              1   [Delegate]:274
                          Delegate/convolution(conv_generic)      0.000      0.572      0.572     0.003%    99.438%      0.000              1   [Delegate]:414
                          Delegate/convolution(conv_generic)      0.000      0.571      0.571     0.003%    99.441%      0.000              1   [Delegate]:169
                          Delegate/convolution(conv_generic)      0.000      0.570      0.570     0.003%    99.444%      0.000              1   [Delegate]:379
                          Delegate/convolution(conv_generic)      0.000      0.570      0.570     0.003%    99.447%      0.000              1   [Delegate]:729
                          Delegate/convolution(conv_generic)      0.000      0.570      0.570     0.003%    99.449%      0.000              1   [Delegate]:764
                          Delegate/convolution(conv_generic)      0.000      0.569      0.569     0.003%    99.452%      0.000              1   [Delegate]:239
                          Delegate/convolution(conv_generic)      0.000      0.568      0.568     0.003%    99.455%      0.000              1   [Delegate]:64
                          Delegate/convolution(conv_generic)      0.000      0.568      0.568     0.003%    99.458%      0.000              1   [Delegate]:519
                          Delegate/convolution(conv_generic)      0.000      0.568      0.568     0.003%    99.460%      0.000              1   [Delegate]:659
                          Delegate/convolution(conv_generic)      0.000      0.568      0.568     0.003%    99.463%      0.000              1   [Delegate]:694
                          Delegate/convolution(conv_generic)      0.000      0.568      0.568     0.003%    99.466%      0.000              1   [Delegate]:799
                          Delegate/convolution(conv_generic)      0.000      0.568      0.568     0.003%    99.469%      0.000              1   [Delegate]:869
                          Delegate/convolution(conv_generic)      0.000      0.567      0.567     0.003%    99.471%      0.000              1   [Delegate]:204
                          Delegate/convolution(conv_generic)      0.000      0.567      0.567     0.003%    99.474%      0.000              1   [Delegate]:554
                          Delegate/convolution(conv_generic)      0.000      0.566      0.566     0.003%    99.477%      0.000              1   [Delegate]:344
                          Delegate/convolution(conv_generic)      0.000      0.566      0.566     0.003%    99.479%      0.000              1   [Delegate]:624
                          Delegate/convolution(conv_generic)      0.000      0.565      0.565     0.003%    99.482%      0.000              1   [Delegate]:589
                          Delegate/convolution(conv_generic)      0.000      0.564      0.564     0.003%    99.485%      0.000              1   [Delegate]:449
                          Delegate/convolution(conv_generic)      0.000      0.563      0.563     0.003%    99.488%      0.000              1   [Delegate]:484
                          Delegate/convolution(conv_generic)      0.000      0.556      0.556     0.003%    99.490%      0.000              1   [Delegate]:904
                          Delegate/convolution(conv_generic)      0.000      0.555      0.555     0.003%    99.493%      0.000              1   [Delegate]:939
                          Delegate/convolution(conv_generic)      0.000      0.555      0.555     0.003%    99.496%      0.000              1   [Delegate]:974
                          Delegate/convolution(conv_generic)      0.000      0.541      0.541     0.003%    99.498%      0.000              1   [Delegate]:769
                          Delegate/convolution(conv_generic)      0.000      0.540      0.540     0.003%    99.501%      0.000              1   [Delegate]:34
                          Delegate/convolution(conv_generic)      0.000      0.527      0.527     0.003%    99.503%      0.000              1   [Delegate]:314
                          Delegate/convolution(conv_generic)      0.000      0.526      0.526     0.003%    99.506%      0.000              1   [Delegate]:244
                          Delegate/convolution(conv_generic)      0.000      0.525      0.525     0.003%    99.508%      0.000              1   [Delegate]:104
                          Delegate/convolution(conv_generic)      0.000      0.525      0.525     0.003%    99.511%      0.000              1   [Delegate]:139
                          Delegate/convolution(conv_generic)      0.000      0.524      0.524     0.003%    99.513%      0.000              1   [Delegate]:174
                          Delegate/convolution(conv_generic)      0.000      0.523      0.523     0.003%    99.516%      0.000              1   [Delegate]:279
                          Delegate/convolution(conv_generic)      0.000      0.523      0.523     0.003%    99.519%      0.000              1   [Delegate]:349
                          Delegate/convolution(conv_generic)      0.000      0.523      0.523     0.003%    99.521%      0.000              1   [Delegate]:559
                          Delegate/convolution(conv_generic)      0.000      0.523      0.523     0.003%    99.524%      0.000              1   [Delegate]:734
                          Delegate/convolution(conv_generic)      0.000      0.523      0.523     0.003%    99.526%      0.000              1   [Delegate]:874
                          Delegate/convolution(conv_generic)      0.000      0.522      0.522     0.003%    99.529%      0.000              1   [Delegate]:69
                          Delegate/convolution(conv_generic)      0.000      0.522      0.522     0.003%    99.531%      0.000              1   [Delegate]:419
                          Delegate/convolution(conv_generic)      0.000      0.522      0.522     0.003%    99.534%      0.000              1   [Delegate]:839
                          Delegate/convolution(conv_generic)      0.000      0.521      0.521     0.003%    99.536%      0.000              1   [Delegate]:384
                          Delegate/convolution(conv_generic)      0.000      0.521      0.521     0.003%    99.539%      0.000              1   [Delegate]:629
                          Delegate/convolution(conv_generic)      0.000      0.521      0.521     0.003%    99.541%      0.000              1   [Delegate]:699
                          Delegate/convolution(conv_generic)      0.000      0.520      0.520     0.003%    99.544%      0.000              1   [Delegate]:209
                          Delegate/convolution(conv_generic)      0.000      0.520      0.520     0.003%    99.546%      0.000              1   [Delegate]:454
                          Delegate/convolution(conv_generic)      0.000      0.520      0.520     0.003%    99.549%      0.000              1   [Delegate]:524
                          Delegate/convolution(conv_generic)      0.000      0.520      0.520     0.003%    99.551%      0.000              1   [Delegate]:664
                          Delegate/convolution(conv_generic)      0.000      0.520      0.520     0.003%    99.554%      0.000              1   [Delegate]:804
                          Delegate/convolution(conv_generic)      0.000      0.519      0.519     0.002%    99.556%      0.000              1   [Delegate]:489
                          Delegate/convolution(conv_generic)      0.000      0.519      0.519     0.002%    99.559%      0.000              1   [Delegate]:594
                          Delegate/convolution(conv_generic)      0.000      0.514      0.514     0.002%    99.561%      0.000              1   [Delegate]:979
                          Delegate/convolution(conv_generic)      0.000      0.513      0.513     0.002%    99.564%      0.000              1   [Delegate]:909
                          Delegate/convolution(conv_generic)      0.000      0.512      0.512     0.002%    99.566%      0.000              1   [Delegate]:944
                                          Delegate/transpose      0.000      0.486      0.486     0.002%    99.568%      0.000              1   [Delegate]:15
                           Delegate/rms_normalization -> mul      0.000      0.458      0.458     0.002%    99.571%      0.000              1   [Delegate]:4
                                          Delegate/transpose      0.000      0.426      0.426     0.002%    99.573%      0.000              1   [Delegate]:442
                                          Delegate/transpose      0.000      0.423      0.423     0.002%    99.575%      0.000              1   [Delegate]:862
                                          Delegate/transpose      0.000      0.418      0.418     0.002%    99.577%      0.000              1   [Delegate]:722
                                          Delegate/transpose      0.000      0.412      0.412     0.002%    99.579%      0.000              1   [Delegate]:477
                                          Delegate/transpose      0.000      0.406      0.406     0.002%    99.581%      0.000              1   [Delegate]:302
                                          Delegate/transpose      0.000      0.405      0.405     0.002%    99.583%      0.000              1   [Delegate]:267
                                          Delegate/transpose      0.000      0.405      0.405     0.002%    99.585%      0.000              1   [Delegate]:407
                                          Delegate/transpose      0.000      0.403      0.403     0.002%    99.586%      0.000              1   [Delegate]:337
                                          Delegate/transpose      0.000      0.401      0.401     0.002%    99.588%      0.000              1   [Delegate]:687
                                          Delegate/transpose      0.000      0.400      0.400     0.002%    99.590%      0.000              1   [Delegate]:372
                                          Delegate/transpose      0.000      0.399      0.399     0.002%    99.592%      0.000              1   [Delegate]:127
                                          Delegate/transpose      0.000      0.392      0.392     0.002%    99.594%      0.000              1   [Delegate]:827
                                          Delegate/transpose      0.000      0.391      0.391     0.002%    99.596%      0.000              1   [Delegate]:162
                                          Delegate/transpose      0.000      0.380      0.380     0.002%    99.598%      0.000              1   [Delegate]:547
                                          Delegate/transpose      0.000      0.375      0.375     0.002%    99.600%      0.000              1   [Delegate]:512
                                          Delegate/transpose      0.000      0.374      0.374     0.002%    99.601%      0.000              1   [Delegate]:57
                                          Delegate/transpose      0.000      0.371      0.371     0.002%    99.603%      0.000              1   [Delegate]:197
                                          Delegate/transpose      0.000      0.368      0.368     0.002%    99.605%      0.000              1   [Delegate]:232
                                          Delegate/transpose      0.000      0.367      0.367     0.002%    99.607%      0.000              1   [Delegate]:757
                                          Delegate/transpose      0.000      0.365      0.365     0.002%    99.609%      0.000              1   [Delegate]:617
                                          Delegate/transpose      0.000      0.363      0.363     0.002%    99.610%      0.000              1   [Delegate]:652
                                          Delegate/transpose      0.000      0.361      0.361     0.002%    99.612%      0.000              1   [Delegate]:582
                                          Delegate/transpose      0.000      0.352      0.352     0.002%    99.614%      0.000              1   [Delegate]:92
                                          Delegate/transpose      0.000      0.352      0.352     0.002%    99.615%      0.000              1   [Delegate]:792
                   Delegate/weights_convert_uint4_to_float16      0.000      0.344      0.344     0.002%    99.617%      0.000              1   [Delegate]:36
                   Delegate/weights_convert_uint4_to_float16      0.000      0.339      0.339     0.002%    99.619%      0.000              1   [Delegate]:981
                   Delegate/weights_convert_uint4_to_float16      0.000      0.338      0.338     0.002%    99.620%      0.000              1   [Delegate]:211
                   Delegate/weights_convert_uint4_to_float16      0.000      0.337      0.337     0.002%    99.622%      0.000              1   [Delegate]:526
                   Delegate/weights_convert_uint4_to_float16      0.000      0.337      0.337     0.002%    99.624%      0.000              1   [Delegate]:876
                   Delegate/weights_convert_uint4_to_float16      0.000      0.336      0.336     0.002%    99.625%      0.000              1   [Delegate]:631
                   Delegate/weights_convert_uint4_to_float16      0.000      0.336      0.336     0.002%    99.627%      0.000              1   [Delegate]:736
                   Delegate/weights_convert_uint4_to_float16      0.000      0.335      0.335     0.002%    99.628%      0.000              1   [Delegate]:106
                   Delegate/weights_convert_uint4_to_float16      0.000      0.335      0.335     0.002%    99.630%      0.000              1   [Delegate]:141
                   Delegate/weights_convert_uint4_to_float16      0.000      0.335      0.335     0.002%    99.632%      0.000              1   [Delegate]:386
                   Delegate/weights_convert_uint4_to_float16      0.000      0.335      0.335     0.002%    99.633%      0.000              1   [Delegate]:421
                                          Delegate/transpose      0.000      0.335      0.335     0.002%    99.635%      0.000              1   [Delegate]:897
                   Delegate/weights_convert_uint4_to_float16      0.000      0.334      0.334     0.002%    99.636%      0.000              1   [Delegate]:176
                   Delegate/weights_convert_uint4_to_float16      0.000      0.334      0.334     0.002%    99.638%      0.000              1   [Delegate]:351
                   Delegate/weights_convert_uint4_to_float16      0.000      0.334      0.334     0.002%    99.640%      0.000              1   [Delegate]:456
                   Delegate/weights_convert_uint4_to_float16      0.000      0.334      0.334     0.002%    99.641%      0.000              1   [Delegate]:491
                   Delegate/weights_convert_uint4_to_float16      0.000      0.334      0.334     0.002%    99.643%      0.000              1   [Delegate]:561
                   Delegate/weights_convert_uint4_to_float16      0.000      0.334      0.334     0.002%    99.645%      0.000              1   [Delegate]:666
                   Delegate/weights_convert_uint4_to_float16      0.000      0.334      0.334     0.002%    99.646%      0.000              1   [Delegate]:806
                   Delegate/weights_convert_uint4_to_float16      0.000      0.333      0.333     0.002%    99.648%      0.000              1   [Delegate]:281
                   Delegate/weights_convert_uint4_to_float16      0.000      0.333      0.333     0.002%    99.649%      0.000              1   [Delegate]:316
                   Delegate/weights_convert_uint4_to_float16      0.000      0.333      0.333     0.002%    99.651%      0.000              1   [Delegate]:701
                   Delegate/weights_convert_uint4_to_float16      0.000      0.333      0.333     0.002%    99.653%      0.000              1   [Delegate]:841
                                          Delegate/transpose      0.000      0.333      0.333     0.002%    99.654%      0.000              1   [Delegate]:967
                   Delegate/weights_convert_uint4_to_float16      0.000      0.332      0.332     0.002%    99.656%      0.000              1   [Delegate]:771
                                          Delegate/transpose      0.000      0.332      0.332     0.002%    99.657%      0.000              1   [Delegate]:932
                   Delegate/weights_convert_uint4_to_float16      0.000      0.332      0.332     0.002%    99.659%      0.000              1   [Delegate]:946
                   Delegate/weights_convert_uint4_to_float16      0.000      0.330      0.330     0.002%    99.661%      0.000              1   [Delegate]:596
                   Delegate/weights_convert_uint4_to_float16      0.000      0.329      0.329     0.002%    99.662%      0.000              1   [Delegate]:246
                   Delegate/weights_convert_uint4_to_float16      0.000      0.329      0.329     0.002%    99.664%      0.000              1   [Delegate]:911
                   Delegate/weights_convert_uint4_to_float16      0.000      0.327      0.327     0.002%    99.665%      0.000              1   [Delegate]:71
                           Delegate/rms_normalization -> mul      0.000      0.322      0.322     0.002%    99.667%      0.000              1   [Delegate]:676
                           Delegate/rms_normalization -> mul      0.000      0.319      0.319     0.002%    99.668%      0.000              1   [Delegate]:326
                           Delegate/rms_normalization -> mul      0.000      0.319      0.319     0.002%    99.670%      0.000              1   [Delegate]:983
                           Delegate/rms_normalization -> mul      0.000      0.316      0.316     0.002%    99.671%      0.000              1   [Delegate]:38
                           Delegate/rms_normalization -> mul      0.000      0.315      0.315     0.002%    99.673%      0.000              1   [Delegate]:213
                           Delegate/rms_normalization -> mul      0.000      0.315      0.315     0.002%    99.674%      0.000              1   [Delegate]:423
                           Delegate/rms_normalization -> mul      0.000      0.315      0.315     0.002%    99.676%      0.000              1   [Delegate]:458
                           Delegate/rms_normalization -> mul      0.000      0.315      0.315     0.002%    99.677%      0.000              1   [Delegate]:738
                           Delegate/rms_normalization -> mul      0.000      0.313      0.313     0.002%    99.679%      0.000              1   [Delegate]:633
                           Delegate/rms_normalization -> mul      0.000      0.313      0.313     0.002%    99.680%      0.000              1   [Delegate]:668
                           Delegate/rms_normalization -> mul      0.000      0.312      0.312     0.002%    99.682%      0.000              1   [Delegate]:143
                           Delegate/rms_normalization -> mul      0.000      0.312      0.312     0.002%    99.683%      0.000              1   [Delegate]:178
                           Delegate/rms_normalization -> mul      0.000      0.312      0.312     0.002%    99.685%      0.000              1   [Delegate]:283
                           Delegate/rms_normalization -> mul      0.000      0.312      0.312     0.002%    99.686%      0.000              1   [Delegate]:773
                           Delegate/rms_normalization -> mul      0.000      0.312      0.312     0.002%    99.688%      0.000              1   [Delegate]:808
                           Delegate/rms_normalization -> mul      0.000      0.312      0.312     0.002%    99.689%      0.000              1   [Delegate]:913
                           Delegate/rms_normalization -> mul      0.000      0.312      0.312     0.002%    99.691%      0.000              1   [Delegate]:948
                           Delegate/rms_normalization -> mul      0.000      0.311      0.311     0.001%    99.692%      0.000              1   [Delegate]:73
                           Delegate/rms_normalization -> mul      0.000      0.311      0.311     0.001%    99.694%      0.000              1   [Delegate]:108
                           Delegate/rms_normalization -> mul      0.000      0.311      0.311     0.001%    99.695%      0.000              1   [Delegate]:388
                           Delegate/rms_normalization -> mul      0.000      0.311      0.311     0.001%    99.697%      0.000              1   [Delegate]:563
                           Delegate/rms_normalization -> mul      0.000      0.311      0.311     0.001%    99.698%      0.000              1   [Delegate]:843
                           Delegate/rms_normalization -> mul      0.000      0.311      0.311     0.001%    99.700%      0.000              1   [Delegate]:878
                           Delegate/rms_normalization -> mul      0.000      0.309      0.309     0.001%    99.701%      0.000              1   [Delegate]:248
                           Delegate/rms_normalization -> mul      0.000      0.309      0.309     0.001%    99.703%      0.000              1   [Delegate]:318
                           Delegate/rms_normalization -> mul      0.000      0.309      0.309     0.001%    99.704%      0.000              1   [Delegate]:353
                           Delegate/rms_normalization -> mul      0.000      0.309      0.309     0.001%    99.706%      0.000              1   [Delegate]:493
                           Delegate/rms_normalization -> mul      0.000      0.309      0.309     0.001%    99.707%      0.000              1   [Delegate]:528
                           Delegate/rms_normalization -> mul      0.000      0.308      0.308     0.001%    99.709%      0.000              1   [Delegate]:703
                           Delegate/rms_normalization -> mul      0.000      0.308      0.308     0.001%    99.710%      0.000              1   [Delegate]:781
                           Delegate/rms_normalization -> mul      0.000      0.306      0.306     0.001%    99.712%      0.000              1   [Delegate]:598
                           Delegate/rms_normalization -> mul      0.000      0.305      0.305     0.001%    99.713%      0.000              1   [Delegate]:396
                           Delegate/rms_normalization -> mul      0.000      0.305      0.305     0.001%    99.715%      0.000              1   [Delegate]:431
                           Delegate/rms_normalization -> mul      0.000      0.305      0.305     0.001%    99.716%      0.000              1   [Delegate]:816
                           Delegate/rms_normalization -> mul      0.000      0.304      0.304     0.001%    99.718%      0.000              1   [Delegate]:606
                           Delegate/rms_normalization -> mul      0.000      0.303      0.303     0.001%    99.719%      0.000              1   [Delegate]:291
                           Delegate/rms_normalization -> mul      0.000      0.303      0.303     0.001%    99.721%      0.000              1   [Delegate]:361
                           Delegate/rms_normalization -> mul      0.000      0.303      0.303     0.001%    99.722%      0.000              1   [Delegate]:501
                           Delegate/rms_normalization -> mul      0.000      0.303      0.303     0.001%    99.724%      0.000              1   [Delegate]:536
                           Delegate/rms_normalization -> mul      0.000      0.302      0.302     0.001%    99.725%      0.000              1   [Delegate]:11
                           Delegate/rms_normalization -> mul      0.000      0.302      0.302     0.001%    99.726%      0.000              1   [Delegate]:186
                           Delegate/rms_normalization -> mul      0.000      0.302      0.302     0.001%    99.728%      0.000              1   [Delegate]:256
                           Delegate/rms_normalization -> mul      0.000      0.302      0.302     0.001%    99.729%      0.000              1   [Delegate]:466
                           Delegate/rms_normalization -> mul      0.000      0.302      0.302     0.001%    99.731%      0.000              1   [Delegate]:571
                           Delegate/rms_normalization -> mul      0.000      0.302      0.302     0.001%    99.732%      0.000              1   [Delegate]:641
                           Delegate/rms_normalization -> mul      0.000      0.302      0.302     0.001%    99.734%      0.000              1   [Delegate]:711
                           Delegate/rms_normalization -> mul      0.000      0.302      0.302     0.001%    99.735%      0.000              1   [Delegate]:886
                                            Delegate/reshape      0.000      0.301      0.301     0.001%    99.737%      0.000              1   [Delegate]:3
                           Delegate/rms_normalization -> mul      0.000      0.301      0.301     0.001%    99.738%      0.000              1   [Delegate]:221
                           Delegate/rms_normalization -> mul      0.000      0.301      0.301     0.001%    99.740%      0.000              1   [Delegate]:746
                           Delegate/rms_normalization -> mul      0.000      0.300      0.300     0.001%    99.741%      0.000              1   [Delegate]:151
                           Delegate/rms_normalization -> mul      0.000      0.299      0.299     0.001%    99.742%      0.000              1   [Delegate]:851
                           Delegate/rms_normalization -> mul      0.000      0.299      0.299     0.001%    99.744%      0.000              1   [Delegate]:956
                           Delegate/rms_normalization -> mul      0.000      0.298      0.298     0.001%    99.745%      0.000              1   [Delegate]:116
                           Delegate/rms_normalization -> mul      0.000      0.298      0.298     0.001%    99.747%      0.000              1   [Delegate]:921
                           Delegate/rms_normalization -> mul      0.000      0.297      0.297     0.001%    99.748%      0.000              1   [Delegate]:81
                           Delegate/rms_normalization -> mul      0.000      0.297      0.297     0.001%    99.750%      0.000              1   [Delegate]:991
                           Delegate/rms_normalization -> mul      0.000      0.294      0.294     0.001%    99.751%      0.000              1   [Delegate]:46
                                            Delegate/reshape      0.000      0.289      0.289     0.001%    99.752%      0.000              1   [Delegate]:10
                                            Delegate/reshape      0.000      0.286      0.286     0.001%    99.754%      0.000              1   [Delegate]:367
                                            Delegate/reshape      0.000      0.282      0.282     0.001%    99.755%      0.000              1   [Delegate]:402
                                            Delegate/reshape      0.000      0.280      0.280     0.001%    99.756%      0.000              1   [Delegate]:542
                           Delegate/rms_normalization -> mul      0.000      0.278      0.278     0.001%    99.758%      0.000              1   [Delegate]:88
                           Delegate/rms_normalization -> mul      0.000      0.276      0.276     0.001%    99.759%      0.000              1   [Delegate]:298
                                            Delegate/reshape      0.000      0.276      0.276     0.001%    99.760%      0.000              1   [Delegate]:857
                           Delegate/rms_normalization -> mul      0.000      0.274      0.274     0.001%    99.762%      0.000              1   [Delegate]:613
                           Delegate/rms_normalization -> mul      0.000      0.273      0.273     0.001%    99.763%      0.000              1   [Delegate]:753
                           Delegate/rms_normalization -> mul      0.000      0.273      0.273     0.001%    99.764%      0.000              1   [Delegate]:823
                                            Delegate/reshape      0.000      0.272      0.272     0.001%    99.766%      0.000              1   [Delegate]:227
                                            Delegate/reshape      0.000      0.271      0.271     0.001%    99.767%      0.000              1   [Delegate]:52
                           Delegate/rms_normalization -> mul      0.000      0.270      0.270     0.001%    99.768%      0.000              1   [Delegate]:123
                           Delegate/rms_normalization -> mul      0.000      0.269      0.269     0.001%    99.770%      0.000              1   [Delegate]:263
                                            Delegate/reshape      0.000      0.269      0.269     0.001%    99.771%      0.000              1   [Delegate]:332
                                            Delegate/reshape      0.000      0.269      0.269     0.001%    99.772%      0.000              1   [Delegate]:437
                                            Delegate/reshape      0.000      0.267      0.267     0.001%    99.774%      0.000              1   [Delegate]:192
                           Delegate/rms_normalization -> mul      0.000      0.267      0.267     0.001%    99.775%      0.000              1   [Delegate]:648
                                            Delegate/reshape      0.000      0.267      0.267     0.001%    99.776%      0.000              1   [Delegate]:682
                           Delegate/rms_normalization -> mul      0.000      0.266      0.266     0.001%    99.777%      0.000              1   [Delegate]:158
                                            Delegate/reshape      0.000      0.266      0.266     0.001%    99.779%      0.000              1   [Delegate]:612
                                            Delegate/reshape      0.000      0.265      0.265     0.001%    99.780%      0.000              1   [Delegate]:647
                                            Delegate/reshape      0.000      0.264      0.264     0.001%    99.781%      0.000              1   [Delegate]:507
                             Delegate/SplitRoPEConcat -> mul      0.000      0.263      0.263     0.001%    99.782%      0.000              1   [Delegate]:16
                                            Delegate/reshape      0.000      0.263      0.263     0.001%    99.784%      0.000              1   [Delegate]:822
                                            Delegate/reshape      0.000      0.262      0.262     0.001%    99.785%      0.000              1   [Delegate]:472
                                            Delegate/reshape      0.000      0.262      0.262     0.001%    99.786%      0.000              1   [Delegate]:787
                           Delegate/rms_normalization -> mul      0.000      0.257      0.257     0.001%    99.787%      0.000              1   [Delegate]:718
                                            Delegate/reshape      0.000      0.255      0.255     0.001%    99.789%      0.000              1   [Delegate]:717
                           Delegate/rms_normalization -> mul      0.000      0.254      0.254     0.001%    99.790%      0.000              1   [Delegate]:438
                                            Delegate/reshape      0.000      0.253      0.253     0.001%    99.791%      0.000              1   [Delegate]:577
                                            Delegate/reshape      0.000      0.252      0.252     0.001%    99.792%      0.000              1   [Delegate]:157
                           Delegate/rms_normalization -> mul      0.000      0.252      0.252     0.001%    99.794%      0.000              1   [Delegate]:333
                                            Delegate/reshape      0.000      0.251      0.251     0.001%    99.795%      0.000              1   [Delegate]:122
                           Delegate/rms_normalization -> mul      0.000      0.250      0.250     0.001%    99.796%      0.000              1   [Delegate]:683
                           Delegate/rms_normalization -> mul      0.000      0.248      0.248     0.001%    99.797%      0.000              1   [Delegate]:193
                             Delegate/SplitRoPEConcat -> mul      0.000      0.245      0.245     0.001%    99.798%      0.000              1   [Delegate]:233
                                            Delegate/reshape      0.000      0.245      0.245     0.001%    99.800%      0.000              1   [Delegate]:297
                           Delegate/rms_normalization -> mul      0.000      0.245      0.245     0.001%    99.801%      0.000              1   [Delegate]:473
                             Delegate/SplitRoPEConcat -> mul      0.000      0.244      0.244     0.001%    99.802%      0.000              1   [Delegate]:58
                           Delegate/rms_normalization -> mul      0.000      0.243      0.243     0.001%    99.803%      0.000              1   [Delegate]:508
                           Delegate/rms_normalization -> mul      0.000      0.242      0.242     0.001%    99.804%      0.000              1   [Delegate]:53
                                            Delegate/reshape      0.000      0.242      0.242     0.001%    99.805%      0.000              1   [Delegate]:752
                           Delegate/rms_normalization -> mul      0.000      0.242      0.242     0.001%    99.807%      0.000              1   [Delegate]:858
                             Delegate/SplitRoPEConcat -> mul      0.000      0.240      0.240     0.001%    99.808%      0.000              1   [Delegate]:513
                             Delegate/SplitRoPEConcat -> mul      0.000      0.238      0.238     0.001%    99.809%      0.000              1   [Delegate]:93
                             Delegate/SplitRoPEConcat -> mul      0.000      0.238      0.238     0.001%    99.810%      0.000              1   [Delegate]:198
                                            Delegate/reshape      0.000      0.238      0.238     0.001%    99.811%      0.000              1   [Delegate]:262
                           Delegate/rms_normalization -> mul      0.000      0.238      0.238     0.001%    99.812%      0.000              1   [Delegate]:578
                             Delegate/SplitRoPEConcat -> mul      0.000      0.238      0.238     0.001%    99.813%      0.000              1   [Delegate]:758
                                            Delegate/reshape      0.000      0.237      0.237     0.001%    99.815%      0.000              1   [Delegate]:87
                           Delegate/rms_normalization -> mul      0.000      0.236      0.236     0.001%    99.816%      0.000              1   [Delegate]:543
                           Delegate/rms_normalization -> mul      0.000      0.236      0.236     0.001%    99.817%      0.000              1   [Delegate]:788
                           Delegate/rms_normalization -> mul      0.000      0.235      0.235     0.001%    99.818%      0.000              1   [Delegate]:228
                           Delegate/rms_normalization -> mul      0.000      0.235      0.235     0.001%    99.819%      0.000              1   [Delegate]:368
                           Delegate/rms_normalization -> mul      0.000      0.235      0.235     0.001%    99.820%      0.000              1   [Delegate]:403
                           Delegate/rms_normalization -> mul      0.000      0.235      0.235     0.001%    99.821%      0.000              1   [Delegate]:893
                           Delegate/rms_normalization -> mul      0.000      0.234      0.234     0.001%    99.823%      0.000              1   [Delegate]:928
                           Delegate/rms_normalization -> mul      0.000      0.234      0.234     0.001%    99.824%      0.000              1   [Delegate]:963
                             Delegate/SplitRoPEConcat -> mul      0.000      0.233      0.233     0.001%    99.825%      0.000              1   [Delegate]:793
                             Delegate/SplitRoPEConcat -> mul      0.000      0.232      0.232     0.001%    99.826%      0.000              1   [Delegate]:583
                             Delegate/SplitRoPEConcat -> mul      0.000      0.231      0.231     0.001%    99.827%      0.000              1   [Delegate]:618
                    Delegate/reshape -> transpose -> reshape      0.000      0.225      0.225     0.001%    99.828%      0.000              1   [Delegate]:35
                                            Delegate/reshape      0.000      0.220      0.220     0.001%    99.829%      0.000              1   [Delegate]:892
                             Delegate/SplitRoPEConcat -> mul      0.000      0.217      0.217     0.001%    99.830%      0.000              1   [Delegate]:303
                             Delegate/SplitRoPEConcat -> mul      0.000      0.217      0.217     0.001%    99.831%      0.000              1   [Delegate]:548
                                            Delegate/reshape      0.000      0.217      0.217     0.001%    99.832%      0.000              1   [Delegate]:927
                             Delegate/SplitRoPEConcat -> mul      0.000      0.217      0.217     0.001%    99.833%      0.000              1   [Delegate]:933
                                            Delegate/reshape      0.000      0.217      0.217     0.001%    99.834%      0.000              1   [Delegate]:962
                             Delegate/SplitRoPEConcat -> mul      0.000      0.216      0.216     0.001%    99.835%      0.000              1   [Delegate]:653
                             Delegate/SplitRoPEConcat -> mul      0.000      0.216      0.216     0.001%    99.836%      0.000              1   [Delegate]:828
                             Delegate/SplitRoPEConcat -> mul      0.000      0.215      0.215     0.001%    99.837%      0.000              1   [Delegate]:898
                             Delegate/SplitRoPEConcat -> mul      0.000      0.214      0.214     0.001%    99.838%      0.000              1   [Delegate]:968
                             Delegate/SplitRoPEConcat -> mul      0.000      0.213      0.213     0.001%    99.840%      0.000              1   [Delegate]:443
                             Delegate/SplitRoPEConcat -> mul      0.000      0.213      0.213     0.001%    99.841%      0.000              1   [Delegate]:688
                             Delegate/SplitRoPEConcat -> mul      0.000      0.213      0.213     0.001%    99.842%      0.000              1   [Delegate]:723
                             Delegate/SplitRoPEConcat -> mul      0.000      0.212      0.212     0.001%    99.843%      0.000              1   [Delegate]:863
                             Delegate/SplitRoPEConcat -> mul      0.000      0.211      0.211     0.001%    99.844%      0.000              1   [Delegate]:128
                                      Delegate/strided_slice      0.000      0.210      0.210     0.001%    99.845%      0.000              1   [Delegate]:7
                             Delegate/SplitRoPEConcat -> mul      0.000      0.207      0.207     0.001%    99.846%      0.000              1   [Delegate]:163
                             Delegate/SplitRoPEConcat -> mul      0.000      0.207      0.207     0.001%    99.847%      0.000              1   [Delegate]:338
                             Delegate/SplitRoPEConcat -> mul      0.000      0.206      0.206     0.001%    99.848%      0.000              1   [Delegate]:268
                             Delegate/SplitRoPEConcat -> mul      0.000      0.206      0.206     0.001%    99.849%      0.000              1   [Delegate]:408
                             Delegate/SplitRoPEConcat -> mul      0.000      0.206      0.206     0.001%    99.850%      0.000              1   [Delegate]:478
                                            Delegate/reshape      0.000      0.205      0.205     0.001%    99.851%      0.000              1   [Delegate]:23
                             Delegate/SplitRoPEConcat -> mul      0.000      0.204      0.204     0.001%    99.852%      0.000              1   [Delegate]:373
                                   Delegate/embedding_lookup      0.000      0.195      0.195     0.001%    99.852%      0.000              1   [Delegate]:2
                                            Delegate/reshape      0.000      0.195      0.195     0.001%    99.853%      0.000              1   [Delegate]:517
                                            Delegate/reshape      0.000      0.195      0.195     0.001%    99.854%      0.000              1   [Delegate]:587
                                            Delegate/reshape      0.000      0.194      0.194     0.001%    99.855%      0.000              1   [Delegate]:62
                                            Delegate/reshape      0.000      0.194      0.194     0.001%    99.856%      0.000              1   [Delegate]:867
                                            Delegate/reshape      0.000      0.193      0.193     0.001%    99.857%      0.000              1   [Delegate]:132
                                            Delegate/reshape      0.000      0.193      0.193     0.001%    99.858%      0.000              1   [Delegate]:237
                                            Delegate/reshape      0.000      0.193      0.193     0.001%    99.859%      0.000              1   [Delegate]:447
                                            Delegate/reshape      0.000      0.193      0.193     0.001%    99.860%      0.000              1   [Delegate]:482
                                            Delegate/reshape      0.000      0.193      0.193     0.001%    99.861%      0.000              1   [Delegate]:552
                                            Delegate/reshape      0.000      0.192      0.192     0.001%    99.862%      0.000              1   [Delegate]:342
                                            Delegate/reshape      0.000      0.191      0.191     0.001%    99.863%      0.000              1   [Delegate]:412
                                            Delegate/reshape      0.000      0.191      0.191     0.001%    99.864%      0.000              1   [Delegate]:727
                                            Delegate/reshape      0.000      0.191      0.191     0.001%    99.865%      0.000              1   [Delegate]:762
                                            Delegate/reshape      0.000      0.191      0.191     0.001%    99.865%      0.000              1   [Delegate]:832
                                            Delegate/reshape      0.000      0.190      0.190     0.001%    99.866%      0.000              1   [Delegate]:307
                                            Delegate/reshape      0.000      0.190      0.190     0.001%    99.867%      0.000              1   [Delegate]:657
                                            Delegate/reshape      0.000      0.189      0.189     0.001%    99.868%      0.000              1   [Delegate]:97
                                            Delegate/reshape      0.000      0.189      0.189     0.001%    99.869%      0.000              1   [Delegate]:622
                    Delegate/reshape -> transpose -> reshape      0.000      0.188      0.188     0.001%    99.870%      0.000              1   [Delegate]:245
                                            Delegate/reshape      0.000      0.188      0.188     0.001%    99.871%      0.000              1   [Delegate]:377
                                            Delegate/reshape      0.000      0.188      0.188     0.001%    99.872%      0.000              1   [Delegate]:797
                                            Delegate/reshape      0.000      0.186      0.186     0.001%    99.873%      0.000              1   [Delegate]:202
                                            Delegate/reshape      0.000      0.186      0.186     0.001%    99.874%      0.000              1   [Delegate]:272
                                            Delegate/reshape      0.000      0.185      0.185     0.001%    99.875%      0.000              1   [Delegate]:167
                    Delegate/reshape -> transpose -> reshape      0.000      0.185      0.185     0.001%    99.875%      0.000              1   [Delegate]:525
                    Delegate/reshape -> transpose -> reshape      0.000      0.185      0.185     0.001%    99.876%      0.000              1   [Delegate]:665
                                            Delegate/reshape      0.000      0.185      0.185     0.001%    99.877%      0.000              1   [Delegate]:692
                    Delegate/reshape -> transpose -> reshape      0.000      0.185      0.185     0.001%    99.878%      0.000              1   [Delegate]:875
                    Delegate/reshape -> transpose -> reshape      0.000      0.184      0.184     0.001%    99.879%      0.000              1   [Delegate]:70
                    Delegate/reshape -> transpose -> reshape      0.000      0.183      0.183     0.001%    99.880%      0.000              1   [Delegate]:455
                    Delegate/reshape -> transpose -> reshape      0.000      0.180      0.180     0.001%    99.881%      0.000              1   [Delegate]:385
                    Delegate/reshape -> transpose -> reshape      0.000      0.180      0.180     0.001%    99.882%      0.000              1   [Delegate]:420
                                      Delegate/strided_slice      0.000      0.180      0.180     0.001%    99.882%      0.000              1   [Delegate]:504
                    Delegate/reshape -> transpose -> reshape      0.000      0.180      0.180     0.001%    99.883%      0.000              1   [Delegate]:630
                    Delegate/reshape -> transpose -> reshape      0.000      0.180      0.180     0.001%    99.884%      0.000              1   [Delegate]:700
                    Delegate/reshape -> transpose -> reshape      0.000      0.179      0.179     0.001%    99.885%      0.000              1   [Delegate]:350
                    Delegate/reshape -> transpose -> reshape      0.000      0.179      0.179     0.001%    99.886%      0.000              1   [Delegate]:980
                    Delegate/reshape -> transpose -> reshape      0.000      0.177      0.177     0.001%    99.887%      0.000              1   [Delegate]:490
                                      Delegate/strided_slice      0.000      0.177      0.177     0.001%    99.888%      0.000              1   [Delegate]:539
                    Delegate/reshape -> transpose -> reshape      0.000      0.177      0.177     0.001%    99.888%      0.000              1   [Delegate]:560
                    Delegate/reshape -> transpose -> reshape      0.000      0.177      0.177     0.001%    99.889%      0.000              1   [Delegate]:595
                    Delegate/reshape -> transpose -> reshape      0.000      0.177      0.177     0.001%    99.890%      0.000              1   [Delegate]:770
                    Delegate/reshape -> transpose -> reshape      0.000      0.176      0.176     0.001%    99.891%      0.000              1   [Delegate]:280
                    Delegate/reshape -> transpose -> reshape      0.000      0.176      0.176     0.001%    99.892%      0.000              1   [Delegate]:315
                    Delegate/reshape -> transpose -> reshape      0.000      0.176      0.176     0.001%    99.893%      0.000              1   [Delegate]:735
                    Delegate/reshape -> transpose -> reshape      0.000      0.176      0.176     0.001%    99.894%      0.000              1   [Delegate]:805
                    Delegate/reshape -> transpose -> reshape      0.000      0.176      0.176     0.001%    99.894%      0.000              1   [Delegate]:840
                    Delegate/reshape -> transpose -> reshape      0.000      0.175      0.175     0.001%    99.895%      0.000              1   [Delegate]:140
                    Delegate/reshape -> transpose -> reshape      0.000      0.175      0.175     0.001%    99.896%      0.000              1   [Delegate]:210
                    Delegate/reshape -> transpose -> reshape      0.000      0.175      0.175     0.001%    99.897%      0.000              1   [Delegate]:910
                    Delegate/reshape -> transpose -> reshape      0.000      0.175      0.175     0.001%    99.898%      0.000              1   [Delegate]:945
                    Delegate/reshape -> transpose -> reshape      0.000      0.174      0.174     0.001%    99.899%      0.000              1   [Delegate]:105
                                      Delegate/strided_slice      0.000      0.174      0.174     0.001%    99.899%      0.000              1   [Delegate]:329
                    Delegate/reshape -> transpose -> reshape      0.000      0.173      0.173     0.001%    99.900%      0.000              1   [Delegate]:175
                                            Delegate/reshape      0.000      0.164      0.164     0.001%    99.901%      0.000              1   [Delegate]:937
                                            Delegate/reshape      0.000      0.164      0.164     0.001%    99.902%      0.000              1   [Delegate]:972
                                            Delegate/reshape      0.000      0.162      0.162     0.001%    99.903%      0.000              1   [Delegate]:902
                         Delegate/concat_height -> not_equal      0.000      0.158      0.158     0.001%    99.903%      0.000              1   [Delegate]:26
                                      Delegate/strided_slice      0.000      0.156      0.156     0.001%    99.904%      0.000              1   [Delegate]:889
                                      Delegate/strided_slice      0.000      0.152      0.152     0.001%    99.905%      0.000              1   [Delegate]:224
                                      Delegate/strided_slice      0.000      0.152      0.152     0.001%    99.906%      0.000              1   [Delegate]:469
                                      Delegate/strided_slice      0.000      0.152      0.152     0.001%    99.906%      0.000              1   [Delegate]:854
                           Delegate/rms_normalization -> mul      0.000      0.151      0.151     0.001%    99.907%      0.000              1   [Delegate]:14
                                      Delegate/strided_slice      0.000      0.151      0.151     0.001%    99.908%      0.000              1   [Delegate]:119
                                      Delegate/strided_slice      0.000      0.151      0.151     0.001%    99.909%      0.000              1   [Delegate]:154
                                      Delegate/strided_slice      0.000      0.151      0.151     0.001%    99.909%      0.000              1   [Delegate]:189
                                      Delegate/strided_slice      0.000      0.151      0.151     0.001%    99.910%      0.000              1   [Delegate]:259
                                      Delegate/strided_slice      0.000      0.151      0.151     0.001%    99.911%      0.000              1   [Delegate]:294
                                      Delegate/strided_slice      0.000      0.151      0.151     0.001%    99.911%      0.000              1   [Delegate]:399
                                      Delegate/strided_slice      0.000      0.151      0.151     0.001%    99.912%      0.000              1   [Delegate]:434
                                      Delegate/strided_slice      0.000      0.151      0.151     0.001%    99.913%      0.000              1   [Delegate]:574
                                      Delegate/strided_slice      0.000      0.151      0.151     0.001%    99.914%      0.000              1   [Delegate]:609
                                      Delegate/strided_slice      0.000      0.151      0.151     0.001%    99.914%      0.000              1   [Delegate]:644
                                      Delegate/strided_slice      0.000      0.151      0.151     0.001%    99.915%      0.000              1   [Delegate]:679
                                      Delegate/strided_slice      0.000      0.151      0.151     0.001%    99.916%      0.000              1   [Delegate]:714
                                      Delegate/strided_slice      0.000      0.151      0.151     0.001%    99.917%      0.000              1   [Delegate]:749
                                      Delegate/strided_slice      0.000      0.151      0.151     0.001%    99.917%      0.000              1   [Delegate]:819
                                      Delegate/strided_slice      0.000      0.151      0.151     0.001%    99.918%      0.000              1   [Delegate]:924
                                      Delegate/strided_slice      0.000      0.151      0.151     0.001%    99.919%      0.000              1   [Delegate]:959
                                      Delegate/strided_slice      0.000      0.150      0.150     0.001%    99.919%      0.000              1   [Delegate]:84
                                      Delegate/strided_slice      0.000      0.150      0.150     0.001%    99.920%      0.000              1   [Delegate]:364
                                      Delegate/strided_slice      0.000      0.150      0.150     0.001%    99.921%      0.000              1   [Delegate]:784
                                      Delegate/strided_slice      0.000      0.149      0.149     0.001%    99.922%      0.000              1   [Delegate]:49
                                            Delegate/reshape      0.000      0.138      0.138     0.001%    99.922%      0.000              1   [Delegate]:27
                                    Delegate/SplitRoPEConcat      0.000      0.126      0.126     0.001%    99.923%      0.000              1   [Delegate]:17
                                            Delegate/reshape      0.000      0.123      0.123     0.001%    99.923%      0.000              1   [Delegate]:13
                                    Delegate/SplitRoPEConcat      0.000      0.110      0.110     0.001%    99.924%      0.000              1   [Delegate]:304
                                    Delegate/SplitRoPEConcat      0.000      0.109      0.109     0.001%    99.925%      0.000              1   [Delegate]:129
                                    Delegate/SplitRoPEConcat      0.000      0.109      0.109     0.001%    99.925%      0.000              1   [Delegate]:269
                                    Delegate/SplitRoPEConcat      0.000      0.109      0.109     0.001%    99.926%      0.000              1   [Delegate]:339
                                    Delegate/SplitRoPEConcat      0.000      0.109      0.109     0.001%    99.926%      0.000              1   [Delegate]:549
                                    Delegate/SplitRoPEConcat      0.000      0.108      0.108     0.001%    99.927%      0.000              1   [Delegate]:164
                                    Delegate/SplitRoPEConcat      0.000      0.108      0.108     0.001%    99.927%      0.000              1   [Delegate]:374
                                    Delegate/SplitRoPEConcat      0.000      0.108      0.108     0.001%    99.928%      0.000              1   [Delegate]:409
                                    Delegate/SplitRoPEConcat      0.000      0.108      0.108     0.001%    99.928%      0.000              1   [Delegate]:689
                                    Delegate/SplitRoPEConcat      0.000      0.108      0.108     0.001%    99.929%      0.000              1   [Delegate]:829
                                    Delegate/SplitRoPEConcat      0.000      0.107      0.107     0.001%    99.929%      0.000              1   [Delegate]:654
                           Delegate/rms_normalization -> mul      0.000      0.106      0.106     0.001%    99.930%      0.000              1   [Delegate]:336
                           Delegate/rms_normalization -> mul      0.000      0.106      0.106     0.001%    99.930%      0.000              1   [Delegate]:686
                           Delegate/rms_normalization -> mul      0.000      0.105      0.105     0.001%    99.931%      0.000              1   [Delegate]:231
                           Delegate/rms_normalization -> mul      0.000      0.105      0.105     0.001%    99.931%      0.000              1   [Delegate]:581
                           Delegate/rms_normalization -> mul      0.000      0.105      0.105     0.001%    99.932%      0.000              1   [Delegate]:756
                           Delegate/rms_normalization -> mul      0.000      0.104      0.104     0.001%    99.932%      0.000              1   [Delegate]:651
                           Delegate/rms_normalization -> mul      0.000      0.104      0.104     0.001%    99.933%      0.000              1   [Delegate]:791
                           Delegate/rms_normalization -> mul      0.000      0.103      0.103     0.000%    99.933%      0.000              1   [Delegate]:161
                           Delegate/rms_normalization -> mul      0.000      0.103      0.103     0.000%    99.934%      0.000              1   [Delegate]:441
                           Delegate/rms_normalization -> mul      0.000      0.103      0.103     0.000%    99.934%      0.000              1   [Delegate]:476
                           Delegate/rms_normalization -> mul      0.000      0.103      0.103     0.000%    99.935%      0.000              1   [Delegate]:721
                           Delegate/rms_normalization -> mul      0.000      0.102      0.102     0.000%    99.935%      0.000              1   [Delegate]:56
                           Delegate/rms_normalization -> mul      0.000      0.102      0.102     0.000%    99.936%      0.000              1   [Delegate]:126
                           Delegate/rms_normalization -> mul      0.000      0.102      0.102     0.000%    99.936%      0.000              1   [Delegate]:371
                           Delegate/rms_normalization -> mul      0.000      0.102      0.102     0.000%    99.937%      0.000              1   [Delegate]:616
                           Delegate/rms_normalization -> mul      0.000      0.102      0.102     0.000%    99.937%      0.000              1   [Delegate]:826
                           Delegate/rms_normalization -> mul      0.000      0.101      0.101     0.000%    99.938%      0.000              1   [Delegate]:196
                           Delegate/rms_normalization -> mul      0.000      0.101      0.101     0.000%    99.938%      0.000              1   [Delegate]:266
                           Delegate/rms_normalization -> mul      0.000      0.101      0.101     0.000%    99.939%      0.000              1   [Delegate]:301
                           Delegate/rms_normalization -> mul      0.000      0.101      0.101     0.000%    99.939%      0.000              1   [Delegate]:406
                           Delegate/rms_normalization -> mul      0.000      0.101      0.101     0.000%    99.940%      0.000              1   [Delegate]:511
                                    Delegate/SplitRoPEConcat      0.000      0.100      0.100     0.000%    99.940%      0.000              1   [Delegate]:759
                           Delegate/rms_normalization -> mul      0.000      0.100      0.100     0.000%    99.941%      0.000              1   [Delegate]:861
                           Delegate/rms_normalization -> mul      0.000      0.099      0.099     0.000%    99.941%      0.000              1   [Delegate]:91
                           Delegate/rms_normalization -> mul      0.000      0.099      0.099     0.000%    99.942%      0.000              1   [Delegate]:546
                                            Delegate/reshape      0.000      0.098      0.098     0.000%    99.942%      0.000              1   [Delegate]:650
                                    Delegate/SplitRoPEConcat      0.000      0.097      0.097     0.000%    99.942%      0.000              1   [Delegate]:59
                                    Delegate/SplitRoPEConcat      0.000      0.097      0.097     0.000%    99.943%      0.000              1   [Delegate]:94
                                    Delegate/SplitRoPEConcat      0.000      0.097      0.097     0.000%    99.943%      0.000              1   [Delegate]:199
                                    Delegate/SplitRoPEConcat      0.000      0.097      0.097     0.000%    99.944%      0.000              1   [Delegate]:234
                                    Delegate/SplitRoPEConcat      0.000      0.097      0.097     0.000%    99.944%      0.000              1   [Delegate]:444
                                    Delegate/SplitRoPEConcat      0.000      0.097      0.097     0.000%    99.945%      0.000              1   [Delegate]:479
                                    Delegate/SplitRoPEConcat      0.000      0.097      0.097     0.000%    99.945%      0.000              1   [Delegate]:514
                                    Delegate/SplitRoPEConcat      0.000      0.097      0.097     0.000%    99.946%      0.000              1   [Delegate]:584
                                    Delegate/SplitRoPEConcat      0.000      0.097      0.097     0.000%    99.946%      0.000              1   [Delegate]:619
                                    Delegate/SplitRoPEConcat      0.000      0.097      0.097     0.000%    99.947%      0.000              1   [Delegate]:724
                                    Delegate/SplitRoPEConcat      0.000      0.097      0.097     0.000%    99.947%      0.000              1   [Delegate]:794
                                    Delegate/SplitRoPEConcat      0.000      0.097      0.097     0.000%    99.948%      0.000              1   [Delegate]:864
                                    Delegate/SplitRoPEConcat      0.000      0.097      0.097     0.000%    99.948%      0.000              1   [Delegate]:899
                                    Delegate/SplitRoPEConcat      0.000      0.097      0.097     0.000%    99.949%      0.000              1   [Delegate]:934
                                    Delegate/SplitRoPEConcat      0.000      0.097      0.097     0.000%    99.949%      0.000              1   [Delegate]:969
                                            Delegate/reshape      0.000      0.096      0.096     0.000%    99.949%      0.000              1   [Delegate]:370
                                            Delegate/reshape      0.000      0.096      0.096     0.000%    99.950%      0.000              1   [Delegate]:405
                                            Delegate/reshape      0.000      0.095      0.095     0.000%    99.950%      0.000              1   [Delegate]:475
                                            Delegate/reshape      0.000      0.095      0.095     0.000%    99.951%      0.000              1   [Delegate]:965
                                            Delegate/reshape      0.000      0.094      0.094     0.000%    99.951%      0.000              1   [Delegate]:160
                                            Delegate/reshape      0.000      0.094      0.094     0.000%    99.952%      0.000              1   [Delegate]:265
                                            Delegate/reshape      0.000      0.094      0.094     0.000%    99.952%      0.000              1   [Delegate]:300
                                            Delegate/reshape      0.000      0.094      0.094     0.000%    99.953%      0.000              1   [Delegate]:335
                                            Delegate/reshape      0.000      0.094      0.094     0.000%    99.953%      0.000              1   [Delegate]:440
                                            Delegate/reshape      0.000      0.094      0.094     0.000%    99.954%      0.000              1   [Delegate]:510
                                            Delegate/reshape      0.000      0.094      0.094     0.000%    99.954%      0.000              1   [Delegate]:615
                                            Delegate/reshape      0.000      0.094      0.094     0.000%    99.954%      0.000              1   [Delegate]:720
                                            Delegate/reshape      0.000      0.094      0.094     0.000%    99.955%      0.000              1   [Delegate]:860
                                            Delegate/reshape      0.000      0.093      0.093     0.000%    99.955%      0.000              1   [Delegate]:195
                                            Delegate/reshape      0.000      0.093      0.093     0.000%    99.956%      0.000              1   [Delegate]:545
                                            Delegate/reshape      0.000      0.093      0.093     0.000%    99.956%      0.000              1   [Delegate]:580
                                            Delegate/reshape      0.000      0.093      0.093     0.000%    99.957%      0.000              1   [Delegate]:685
                                            Delegate/reshape      0.000      0.093      0.093     0.000%    99.957%      0.000              1   [Delegate]:895
                                            Delegate/reshape      0.000      0.093      0.093     0.000%    99.958%      0.000              1   [Delegate]:930
                                            Delegate/reshape      0.000      0.092      0.092     0.000%    99.958%      0.000              1   [Delegate]:90
                                            Delegate/reshape      0.000      0.092      0.092     0.000%    99.958%      0.000              1   [Delegate]:125
                                            Delegate/reshape      0.000      0.092      0.092     0.000%    99.959%      0.000              1   [Delegate]:230
                                            Delegate/reshape      0.000      0.092      0.092     0.000%    99.959%      0.000              1   [Delegate]:755
                                            Delegate/reshape      0.000      0.092      0.092     0.000%    99.960%      0.000              1   [Delegate]:790
                                            Delegate/reshape      0.000      0.092      0.092     0.000%    99.960%      0.000              1   [Delegate]:825
                           Delegate/rms_normalization -> mul      0.000      0.092      0.092     0.000%    99.961%      0.000              1   [Delegate]:896
                           Delegate/rms_normalization -> mul      0.000      0.092      0.092     0.000%    99.961%      0.000              1   [Delegate]:966
                                            Delegate/reshape      0.000      0.091      0.091     0.000%    99.962%      0.000              1   [Delegate]:55
                           Delegate/rms_normalization -> mul      0.000      0.091      0.091     0.000%    99.962%      0.000              1   [Delegate]:931
                                      Delegate/strided_slice      0.000      0.084      0.084     0.000%    99.962%      0.000              1   [Delegate]:8
                                               Delegate/copy      0.000      0.080      0.080     0.000%    99.963%      0.000              1   [Delegate]:25
                                               Delegate/cast      0.000      0.076      0.076     0.000%    99.963%      0.000              1   [Delegate]:24
                               Delegate/reshape -> transpose      0.000      0.075      0.075     0.000%    99.964%      0.000              1   [Delegate]:21
                                      Delegate/strided_slice      0.000      0.073      0.073     0.000%    99.964%      0.000              1   [Delegate]:9
                               Delegate/reshape -> transpose      0.000      0.072      0.072     0.000%    99.964%      0.000              1   [Delegate]:760
                               Delegate/reshape -> transpose      0.000      0.071      0.071     0.000%    99.965%      0.000              1   [Delegate]:60
                                      Delegate/strided_slice      0.000      0.071      0.071     0.000%    99.965%      0.000              1   [Delegate]:260
                               Delegate/reshape -> transpose      0.000      0.071      0.071     0.000%    99.965%      0.000              1   [Delegate]:550
                                      Delegate/strided_slice      0.000      0.070      0.070     0.000%    99.966%      0.000              1   [Delegate]:155
                               Delegate/reshape -> transpose      0.000      0.070      0.070     0.000%    99.966%      0.000              1   [Delegate]:445
                               Delegate/reshape -> transpose      0.000      0.070      0.070     0.000%    99.966%      0.000              1   [Delegate]:515
                                      Delegate/strided_slice      0.000      0.069      0.069     0.000%    99.967%      0.000              1   [Delegate]:50
                                      Delegate/strided_slice      0.000      0.069      0.069     0.000%    99.967%      0.000              1   [Delegate]:85
                               Delegate/reshape -> transpose      0.000      0.069      0.069     0.000%    99.967%      0.000              1   [Delegate]:95
                                      Delegate/strided_slice      0.000      0.069      0.069     0.000%    99.968%      0.000              1   [Delegate]:120
                                      Delegate/strided_slice      0.000      0.069      0.069     0.000%    99.968%      0.000              1   [Delegate]:190
                                      Delegate/strided_slice      0.000      0.069      0.069     0.000%    99.968%      0.000              1   [Delegate]:295
                               Delegate/reshape -> transpose      0.000      0.069      0.069     0.000%    99.969%      0.000              1   [Delegate]:480
                                      Delegate/strided_slice      0.000      0.069      0.069     0.000%    99.969%      0.000              1   [Delegate]:576
                               Delegate/reshape -> transpose      0.000      0.069      0.069     0.000%    99.969%      0.000              1   [Delegate]:585
                                      Delegate/strided_slice      0.000      0.069      0.069     0.000%    99.970%      0.000              1   [Delegate]:610
                               Delegate/reshape -> transpose      0.000      0.069      0.069     0.000%    99.970%      0.000              1   [Delegate]:620
                               Delegate/reshape -> transpose      0.000      0.069      0.069     0.000%    99.970%      0.000              1   [Delegate]:655
                                      Delegate/strided_slice      0.000      0.069      0.069     0.000%    99.971%      0.000              1   [Delegate]:680
                               Delegate/reshape -> transpose      0.000      0.069      0.069     0.000%    99.971%      0.000              1   [Delegate]:725
                                      Delegate/strided_slice      0.000      0.069      0.069     0.000%    99.971%      0.000              1   [Delegate]:785
                               Delegate/reshape -> transpose      0.000      0.069      0.069     0.000%    99.972%      0.000              1   [Delegate]:795
                                      Delegate/strided_slice      0.000      0.069      0.069     0.000%    99.972%      0.000              1   [Delegate]:855
                               Delegate/reshape -> transpose      0.000      0.069      0.069     0.000%    99.972%      0.000              1   [Delegate]:865
                               Delegate/reshape -> transpose      0.000      0.068      0.068     0.000%    99.973%      0.000              1   [Delegate]:200
                               Delegate/reshape -> transpose      0.000      0.068      0.068     0.000%    99.973%      0.000              1   [Delegate]:235
                               Delegate/reshape -> transpose      0.000      0.068      0.068     0.000%    99.973%      0.000              1   [Delegate]:375
                                      Delegate/strided_slice      0.000      0.068      0.068     0.000%    99.974%      0.000              1   [Delegate]:750
                                      Delegate/strided_slice      0.000      0.068      0.068     0.000%    99.974%      0.000              1   [Delegate]:820
                                      Delegate/strided_slice      0.000      0.067      0.067     0.000%    99.974%      0.000              1   [Delegate]:226
                                      Delegate/strided_slice      0.000      0.067      0.067     0.000%    99.975%      0.000              1   [Delegate]:400
                                      Delegate/strided_slice      0.000      0.067      0.067     0.000%    99.975%      0.000              1   [Delegate]:471
                                      Delegate/strided_slice      0.000      0.067      0.067     0.000%    99.975%      0.000              1   [Delegate]:506
                                      Delegate/strided_slice      0.000      0.067      0.067     0.000%    99.976%      0.000              1   [Delegate]:681
                                      Delegate/strided_slice      0.000      0.067      0.067     0.000%    99.976%      0.000              1   [Delegate]:786
                                      Delegate/strided_slice      0.000      0.067      0.067     0.000%    99.976%      0.000              1   [Delegate]:821
                                      Delegate/strided_slice      0.000      0.066      0.066     0.000%    99.976%      0.000              1   [Delegate]:365
                                      Delegate/strided_slice      0.000      0.066      0.066     0.000%    99.977%      0.000              1   [Delegate]:366
                                      Delegate/strided_slice      0.000      0.066      0.066     0.000%    99.977%      0.000              1   [Delegate]:401
                                      Delegate/strided_slice      0.000      0.066      0.066     0.000%    99.977%      0.000              1   [Delegate]:611
                                      Delegate/strided_slice      0.000      0.066      0.066     0.000%    99.978%      0.000              1   [Delegate]:715
                                      Delegate/strided_slice      0.000      0.065      0.065     0.000%    99.978%      0.000              1   [Delegate]:51
                                      Delegate/strided_slice      0.000      0.065      0.065     0.000%    99.978%      0.000              1   [Delegate]:296
                               Delegate/reshape -> transpose      0.000      0.065      0.065     0.000%    99.979%      0.000              1   [Delegate]:305
                                      Delegate/strided_slice      0.000      0.065      0.065     0.000%    99.979%      0.000              1   [Delegate]:436
                                      Delegate/strided_slice      0.000      0.065      0.065     0.000%    99.979%      0.000              1   [Delegate]:646
                                      Delegate/strided_slice      0.000      0.065      0.065     0.000%    99.980%      0.000              1   [Delegate]:751
                                      Delegate/strided_slice      0.000      0.064      0.064     0.000%    99.980%      0.000              1   [Delegate]:261
                                      Delegate/strided_slice      0.000      0.064      0.064     0.000%    99.980%      0.000              1   [Delegate]:330
                                      Delegate/strided_slice      0.000      0.064      0.064     0.000%    99.981%      0.000              1   [Delegate]:716
                                      Delegate/strided_slice      0.000      0.064      0.064     0.000%    99.981%      0.000              1   [Delegate]:856
                                      Delegate/strided_slice      0.000      0.063      0.063     0.000%    99.981%      0.000              1   [Delegate]:86
                               Delegate/reshape -> transpose      0.000      0.063      0.063     0.000%    99.981%      0.000              1   [Delegate]:130
                               Delegate/reshape -> transpose      0.000      0.063      0.063     0.000%    99.982%      0.000              1   [Delegate]:165
                                      Delegate/strided_slice      0.000      0.063      0.063     0.000%    99.982%      0.000              1   [Delegate]:331
                               Delegate/reshape -> transpose      0.000      0.063      0.063     0.000%    99.982%      0.000              1   [Delegate]:410
                                      Delegate/strided_slice      0.000      0.063      0.063     0.000%    99.983%      0.000              1   [Delegate]:541
                                      Delegate/strided_slice      0.000      0.063      0.063     0.000%    99.983%      0.000              1   [Delegate]:890
                                      Delegate/strided_slice      0.000      0.062      0.062     0.000%    99.983%      0.000              1   [Delegate]:121
                                      Delegate/strided_slice      0.000      0.062      0.062     0.000%    99.984%      0.000              1   [Delegate]:156
                                      Delegate/strided_slice      0.000      0.062      0.062     0.000%    99.984%      0.000              1   [Delegate]:225
                               Delegate/reshape -> transpose      0.000      0.062      0.062     0.000%    99.984%      0.000              1   [Delegate]:270
                               Delegate/reshape -> transpose      0.000      0.062      0.062     0.000%    99.984%      0.000              1   [Delegate]:340
                                      Delegate/strided_slice      0.000      0.062      0.062     0.000%    99.985%      0.000              1   [Delegate]:435
                                      Delegate/strided_slice      0.000      0.062      0.062     0.000%    99.985%      0.000              1   [Delegate]:470
                                      Delegate/strided_slice      0.000      0.062      0.062     0.000%    99.985%      0.000              1   [Delegate]:505
                                      Delegate/strided_slice      0.000      0.062      0.062     0.000%    99.986%      0.000              1   [Delegate]:540
                                      Delegate/strided_slice      0.000      0.062      0.062     0.000%    99.986%      0.000              1   [Delegate]:575
                                      Delegate/strided_slice      0.000      0.062      0.062     0.000%    99.986%      0.000              1   [Delegate]:645
                               Delegate/reshape -> transpose      0.000      0.062      0.062     0.000%    99.987%      0.000              1   [Delegate]:690
                               Delegate/reshape -> transpose      0.000      0.062      0.062     0.000%    99.987%      0.000              1   [Delegate]:830
                               Delegate/reshape -> transpose      0.000      0.062      0.062     0.000%    99.987%      0.000              1   [Delegate]:900
                                      Delegate/strided_slice      0.000      0.062      0.062     0.000%    99.987%      0.000              1   [Delegate]:925
                               Delegate/reshape -> transpose      0.000      0.062      0.062     0.000%    99.988%      0.000              1   [Delegate]:935
                                      Delegate/strided_slice      0.000      0.062      0.062     0.000%    99.988%      0.000              1   [Delegate]:960
                               Delegate/reshape -> transpose      0.000      0.062      0.062     0.000%    99.988%      0.000              1   [Delegate]:970
                                      Delegate/strided_slice      0.000      0.061      0.061     0.000%    99.989%      0.000              1   [Delegate]:191
                                      Delegate/strided_slice      0.000      0.061      0.061     0.000%    99.989%      0.000              1   [Delegate]:891
                                      Delegate/strided_slice      0.000      0.061      0.061     0.000%    99.989%      0.000              1   [Delegate]:926
                                      Delegate/strided_slice      0.000      0.061      0.061     0.000%    99.990%      0.000              1   [Delegate]:961
                 Delegate/weights_convert_float16_to_float16      0.000      0.031      0.031     0.000%    99.990%      0.000              1   [Delegate]:33
                 Delegate/weights_convert_float16_to_float16      0.000      0.029      0.029     0.000%    99.990%      0.000              1   [Delegate]:28
                 Delegate/weights_convert_float16_to_float16      0.000      0.029      0.029     0.000%    99.990%      0.000              1   [Delegate]:768
                 Delegate/weights_convert_float16_to_float16      0.000      0.028      0.028     0.000%    99.990%      0.000              1   [Delegate]:68
                 Delegate/weights_convert_float16_to_float16      0.000      0.028      0.028     0.000%    99.990%      0.000              1   [Delegate]:103
                 Delegate/weights_convert_float16_to_float16      0.000      0.028      0.028     0.000%    99.990%      0.000              1   [Delegate]:138
                 Delegate/weights_convert_float16_to_float16      0.000      0.028      0.028     0.000%    99.990%      0.000              1   [Delegate]:173
                 Delegate/weights_convert_float16_to_float16      0.000      0.028      0.028     0.000%    99.991%      0.000              1   [Delegate]:208
                 Delegate/weights_convert_float16_to_float16      0.000      0.028      0.028     0.000%    99.991%      0.000              1   [Delegate]:243
                 Delegate/weights_convert_float16_to_float16      0.000      0.028      0.028     0.000%    99.991%      0.000              1   [Delegate]:278
                 Delegate/weights_convert_float16_to_float16      0.000      0.028      0.028     0.000%    99.991%      0.000              1   [Delegate]:313
                 Delegate/weights_convert_float16_to_float16      0.000      0.028      0.028     0.000%    99.991%      0.000              1   [Delegate]:348
                 Delegate/weights_convert_float16_to_float16      0.000      0.028      0.028     0.000%    99.991%      0.000              1   [Delegate]:383
                 Delegate/weights_convert_float16_to_float16      0.000      0.028      0.028     0.000%    99.991%      0.000              1   [Delegate]:418
                 Delegate/weights_convert_float16_to_float16      0.000      0.028      0.028     0.000%    99.992%      0.000              1   [Delegate]:453
                 Delegate/weights_convert_float16_to_float16      0.000      0.028      0.028     0.000%    99.992%      0.000              1   [Delegate]:488
                 Delegate/weights_convert_float16_to_float16      0.000      0.028      0.028     0.000%    99.992%      0.000              1   [Delegate]:523
                 Delegate/weights_convert_float16_to_float16      0.000      0.028      0.028     0.000%    99.992%      0.000              1   [Delegate]:558
                 Delegate/weights_convert_float16_to_float16      0.000      0.028      0.028     0.000%    99.992%      0.000              1   [Delegate]:593
                 Delegate/weights_convert_float16_to_float16      0.000      0.028      0.028     0.000%    99.992%      0.000              1   [Delegate]:628
                 Delegate/weights_convert_float16_to_float16      0.000      0.028      0.028     0.000%    99.992%      0.000              1   [Delegate]:663
                 Delegate/weights_convert_float16_to_float16      0.000      0.028      0.028     0.000%    99.993%      0.000              1   [Delegate]:698
                 Delegate/weights_convert_float16_to_float16      0.000      0.028      0.028     0.000%    99.993%      0.000              1   [Delegate]:733
                 Delegate/weights_convert_float16_to_float16      0.000      0.028      0.028     0.000%    99.993%      0.000              1   [Delegate]:803
                 Delegate/weights_convert_float16_to_float16      0.000      0.028      0.028     0.000%    99.993%      0.000              1   [Delegate]:838
                 Delegate/weights_convert_float16_to_float16      0.000      0.028      0.028     0.000%    99.993%      0.000              1   [Delegate]:873
                 Delegate/weights_convert_float16_to_float16      0.000      0.028      0.028     0.000%    99.993%      0.000              1   [Delegate]:908
                 Delegate/weights_convert_float16_to_float16      0.000      0.028      0.028     0.000%    99.993%      0.000              1   [Delegate]:943
                 Delegate/weights_convert_float16_to_float16      0.000      0.028      0.028     0.000%    99.993%      0.000              1   [Delegate]:978
                 Delegate/weights_convert_float16_to_float16      0.000      0.027      0.027     0.000%    99.994%      0.000              1   [Delegate]:63
                 Delegate/weights_convert_float16_to_float16      0.000      0.027      0.027     0.000%    99.994%      0.000              1   [Delegate]:98
                 Delegate/weights_convert_float16_to_float16      0.000      0.027      0.027     0.000%    99.994%      0.000              1   [Delegate]:133
                 Delegate/weights_convert_float16_to_float16      0.000      0.027      0.027     0.000%    99.994%      0.000              1   [Delegate]:168
                 Delegate/weights_convert_float16_to_float16      0.000      0.027      0.027     0.000%    99.994%      0.000              1   [Delegate]:203
                 Delegate/weights_convert_float16_to_float16      0.000      0.027      0.027     0.000%    99.994%      0.000              1   [Delegate]:238
                 Delegate/weights_convert_float16_to_float16      0.000      0.027      0.027     0.000%    99.994%      0.000              1   [Delegate]:273
                 Delegate/weights_convert_float16_to_float16      0.000      0.027      0.027     0.000%    99.994%      0.000              1   [Delegate]:308
                 Delegate/weights_convert_float16_to_float16      0.000      0.027      0.027     0.000%    99.995%      0.000              1   [Delegate]:343
                 Delegate/weights_convert_float16_to_float16      0.000      0.027      0.027     0.000%    99.995%      0.000              1   [Delegate]:378
                 Delegate/weights_convert_float16_to_float16      0.000      0.027      0.027     0.000%    99.995%      0.000              1   [Delegate]:413
                 Delegate/weights_convert_float16_to_float16      0.000      0.027      0.027     0.000%    99.995%      0.000              1   [Delegate]:448
                 Delegate/weights_convert_float16_to_float16      0.000      0.027      0.027     0.000%    99.995%      0.000              1   [Delegate]:483
                 Delegate/weights_convert_float16_to_float16      0.000      0.027      0.027     0.000%    99.995%      0.000              1   [Delegate]:518
                 Delegate/weights_convert_float16_to_float16      0.000      0.027      0.027     0.000%    99.995%      0.000              1   [Delegate]:553
                 Delegate/weights_convert_float16_to_float16      0.000      0.027      0.027     0.000%    99.996%      0.000              1   [Delegate]:588
                 Delegate/weights_convert_float16_to_float16      0.000      0.027      0.027     0.000%    99.996%      0.000              1   [Delegate]:623
                 Delegate/weights_convert_float16_to_float16      0.000      0.027      0.027     0.000%    99.996%      0.000              1   [Delegate]:658
                 Delegate/weights_convert_float16_to_float16      0.000      0.027      0.027     0.000%    99.996%      0.000              1   [Delegate]:693
                 Delegate/weights_convert_float16_to_float16      0.000      0.027      0.027     0.000%    99.996%      0.000              1   [Delegate]:728
                 Delegate/weights_convert_float16_to_float16      0.000      0.027      0.027     0.000%    99.996%      0.000              1   [Delegate]:763
                 Delegate/weights_convert_float16_to_float16      0.000      0.027      0.027     0.000%    99.996%      0.000              1   [Delegate]:798
                 Delegate/weights_convert_float16_to_float16      0.000      0.027      0.027     0.000%    99.996%      0.000              1   [Delegate]:833
                 Delegate/weights_convert_float16_to_float16      0.000      0.027      0.027     0.000%    99.997%      0.000              1   [Delegate]:868
                 Delegate/weights_convert_float16_to_float16      0.000      0.027      0.027     0.000%    99.997%      0.000              1   [Delegate]:903
                 Delegate/weights_convert_float16_to_float16      0.000      0.027      0.027     0.000%    99.997%      0.000              1   [Delegate]:938
                 Delegate/weights_convert_float16_to_float16      0.000      0.027      0.027     0.000%    99.997%      0.000              1   [Delegate]:973
                                            Delegate/reshape      0.000      0.025      0.025     0.000%    99.997%      0.000              1   [Delegate]:0
                                Delegate/add_values_to_cache      0.000      0.021      0.021     0.000%    99.997%      0.000              1   [Delegate]:22
                                Delegate/add_values_to_cache      0.000      0.021      0.021     0.000%    99.997%      0.000              1   [Delegate]:61
                                Delegate/add_values_to_cache      0.000      0.021      0.021     0.000%    99.997%      0.000              1   [Delegate]:96
                                Delegate/add_values_to_cache      0.000      0.021      0.021     0.000%    99.997%      0.000              1   [Delegate]:201
                                Delegate/add_values_to_cache      0.000      0.021      0.021     0.000%    99.998%      0.000              1   [Delegate]:621
                                Delegate/add_values_to_cache      0.000      0.021      0.021     0.000%    99.998%      0.000              1   [Delegate]:656
                                Delegate/add_values_to_cache      0.000      0.021      0.021     0.000%    99.998%      0.000              1   [Delegate]:761
                                Delegate/add_values_to_cache      0.000      0.020      0.020     0.000%    99.998%      0.000              1   [Delegate]:131
                                Delegate/add_values_to_cache      0.000      0.020      0.020     0.000%    99.998%      0.000              1   [Delegate]:166
                                Delegate/add_values_to_cache      0.000      0.020      0.020     0.000%    99.998%      0.000              1   [Delegate]:236
                                Delegate/add_values_to_cache      0.000      0.020      0.020     0.000%    99.998%      0.000              1   [Delegate]:271
                                Delegate/add_values_to_cache      0.000      0.020      0.020     0.000%    99.998%      0.000              1   [Delegate]:341
                                Delegate/add_values_to_cache      0.000      0.020      0.020     0.000%    99.998%      0.000              1   [Delegate]:376
                                Delegate/add_values_to_cache      0.000      0.020      0.020     0.000%    99.998%      0.000              1   [Delegate]:411
                                Delegate/add_values_to_cache      0.000      0.020      0.020     0.000%    99.999%      0.000              1   [Delegate]:446
                                Delegate/add_values_to_cache      0.000      0.020      0.020     0.000%    99.999%      0.000              1   [Delegate]:481
                                Delegate/add_values_to_cache      0.000      0.020      0.020     0.000%    99.999%      0.000              1   [Delegate]:516
                                Delegate/add_values_to_cache      0.000      0.020      0.020     0.000%    99.999%      0.000              1   [Delegate]:551
                                Delegate/add_values_to_cache      0.000      0.020      0.020     0.000%    99.999%      0.000              1   [Delegate]:586
                                Delegate/add_values_to_cache      0.000      0.020      0.020     0.000%    99.999%      0.000              1   [Delegate]:691
                                Delegate/add_values_to_cache      0.000      0.020      0.020     0.000%    99.999%      0.000              1   [Delegate]:726
                                Delegate/add_values_to_cache      0.000      0.020      0.020     0.000%    99.999%      0.000              1   [Delegate]:796
                                Delegate/add_values_to_cache      0.000      0.020      0.020     0.000%    99.999%      0.000              1   [Delegate]:831
                                Delegate/add_values_to_cache      0.000      0.020      0.020     0.000%    99.999%      0.000              1   [Delegate]:866
                                Delegate/add_values_to_cache      0.000      0.020      0.020     0.000%   100.000%      0.000              1   [Delegate]:901
                                Delegate/add_values_to_cache      0.000      0.020      0.020     0.000%   100.000%      0.000              1   [Delegate]:936
                                Delegate/add_values_to_cache      0.000      0.019      0.019     0.000%   100.000%      0.000              1   [Delegate]:306
                                Delegate/add_values_to_cache      0.000      0.019      0.019     0.000%   100.000%      0.000              1   [Delegate]:971
                                            Delegate/reshape      0.000      0.013      0.013     0.000%   100.000%      0.000              1   [Delegate]:1
                                      Delegate/strided_slice      0.000      0.008      0.008     0.000%   100.000%      0.000              1   [Delegate]:992
                                       Delegate/concat_batch      0.000      0.007      0.007     0.000%   100.000%      0.000              1   [Delegate]:19
                                       Delegate/concat_batch      0.000      0.007      0.007     0.000%   100.000%      0.000              1   [Delegate]:20
                                      Delegate/strided_slice      0.000      0.006      0.006     0.000%   100.000%      0.000              1   [Delegate]:18

Number of nodes executed: 1791

====================================================== Summary by node type ======================================================
                                                 [Node type]    [count]   [avg ms]    [avg %]    [cdf %]   [mem KB] [times called]
                                 Delegate/fc1x1_int4_weights         58      0.698    49.020%    49.020%      0.000          14593
                          Delegate/fc1x1_int4_weights -> add         56      0.239    16.502%    65.521%      0.000          14336
                          Delegate/convolution(conv_generic)        112     17.843     9.621%    75.142%      0.000            112
                           Delegate/UploadOrBindTensorBuffer          2      5.147     6.369%    81.510%      0.000            257
                   Delegate/convolution(conv_generic) -> add         56     18.765     5.059%    86.570%      0.000             56
                                            Delegate/reshape        285      0.009     2.223%    88.793%      0.000          50520
                           Delegate/rms_normalization -> mul        226      0.014     1.957%    90.749%      0.000          29041
                                    Delegate/fully_connected         56      0.025     1.751%    92.500%      0.000          14336
                                      Delegate/strided_slice        226      0.010     1.343%    93.843%      0.000          28786
                                            Delegate/softmax         28      0.024     0.835%    94.678%      0.000           7168
           Delegate/DownloadGpuMemoryToTensorBufferGpuMemory          2      0.649     0.803%    95.480%      0.000            257
                    Delegate/select_v2 -> maximum -> minimum         56      0.023     0.783%    96.263%      0.000           7196
                   Delegate/weights_convert_uint4_to_float16        112      1.052     0.567%    96.831%      0.000            112
                             Delegate/SplitRoPEConcat -> mul         56      0.016     0.565%    97.396%      0.000           7196
                                                Delegate/mul         56      0.016     0.561%    97.957%      0.000           7196
                    Delegate/strided_slice -> sigmoid -> mul         56      0.015     0.535%    98.492%      0.000           7196
                                    Delegate/SplitRoPEConcat         56      0.015     0.513%    99.005%      0.000           7196
                                Delegate/add_values_to_cache         56      0.010     0.333%    99.338%      0.000           7196
                              Delegate/softmax (elementwise)         28      1.550     0.209%    99.547%      0.000             28
                                          Delegate/transpose         56      0.586     0.158%    99.705%      0.000             56
                                   Delegate/softmax (reduce)         28      1.156     0.156%    99.861%      0.000             28
                                   Delegate/embedding_lookup          2      0.030     0.037%    99.897%      0.000            257
                    Delegate/reshape -> transpose -> reshape         28      0.180     0.024%    99.922%      0.000             28
                                       Delegate/concat_batch          4      0.009     0.023%    99.945%      0.000            514
                         Delegate/concat_height -> not_equal          2      0.012     0.015%    99.960%      0.000            257
                                               Delegate/cast          2      0.010     0.012%    99.972%      0.000            257
                                               Delegate/copy          2      0.009     0.011%    99.984%      0.000            257
                               Delegate/reshape -> transpose         28      0.067     0.009%    99.993%      0.000             28
                 Delegate/weights_convert_float16_to_float16         56      0.028     0.007%   100.000%      0.000             56

========================================================= Delegate Statistics =========================================================
Op Name                                                                               Count    Avg(us)    Min(us)    Max(us)  Total(us)
Delegate/DownloadGpuMemoryToTensorBufferGpuMemory                                       257     648.77        467       4533     166734
Delegate/SplitRoPEConcat                                                               7196      14.82         13        126     106645
Delegate/SplitRoPEConcat -> mul                                                        7196      16.31         13        263     117359
Delegate/UploadOrBindTensorBuffer                                                       257    5147.48       2710       8902    1322903
Delegate/add_values_to_cache                                                           7196       9.61          8         21      69149
Delegate/cast                                                                           257       9.94          7         76       2554
Delegate/concat_batch                                                                   514       9.39          7         15       4827
Delegate/concat_height -> not_equal                                                     257      12.42         10        158       3191
Delegate/convolution(conv_generic)                                                      112   17842.88        512      53283    1998403
Delegate/convolution(conv_generic) -> add                                                56   18765.48       8890      28651    1050867
Delegate/copy                                                                           257       8.96          7         80       2304
Delegate/embedding_lookup                                                               257      29.68         27        195       7627
Delegate/fc1x1_int4_weights                                                           14593     697.76        154      10383   10182352
Delegate/fc1x1_int4_weights -> add                                                    14336     239.10         61        454    3427721
Delegate/fully_connected                                                              14336      25.37         16         38     363697
Delegate/mul                                                                           7196      16.20         11        997     116587
Delegate/reshape                                                                      50520       9.14          7        301     461777
Delegate/reshape -> transpose                                                            28      66.89         62         75       1873
Delegate/reshape -> transpose -> reshape                                                 28     180.29        173        225       5048
Delegate/rms_normalization -> mul                                                     29041      13.99          9        458     406407
Delegate/select_v2 -> maximum -> minimum                                               7196      22.60         14       1726     162604
Delegate/softmax                                                                       7168      24.19         21         45     173419
Delegate/softmax (elementwise)                                                           28    1549.96       1537       1670      43399
Delegate/softmax (reduce)                                                                28    1155.71       1131       1191      32360
Delegate/strided_slice                                                                28786       9.69          6        689     278933
Delegate/strided_slice -> sigmoid -> mul                                               7196      15.44         11        677     111090
Delegate/transpose                                                                       56     585.52        332        948      32789
Delegate/weights_convert_float16_to_float16                                              56      27.61         27         31       1546
Delegate/weights_convert_uint4_to_float16                                               112    1052.34        327       2280     117862

Timings (microseconds): count=1791 curr=20772027
Memory (bytes): count=0
1791 nodes observed

--------------------------------------------------
INFO: [accelerator_registry.cc:43] DestroyAccelerator: ptr=0xb400007283632950, name=CpuAccelerator
INFO: [accelerator_registry.cc:43] DestroyAccelerator: ptr=0xb400007283631c30, name=LiteRT GPU
INFO: [accelerator_registry.cc:43] DestroyAccelerator: ptr=0xb4000072839f9a30, name=CpuAccelerator
INFO: [accelerator_registry.cc:43] DestroyAccelerator: ptr=0xb400007283637930, name=LiteRT GPU
EXIT_CODE=0
