VmRSS:	  212328 kB
VmRSS:	  183424 kB
VmRSS:	  184292 kB
VmRSS:	  181072 kB
VmRSS:	  686972 kB
VmRSS:	  763004 kB
VmRSS:	 1410488 kB
VmRSS:	 1717292 kB
VmRSS:	 2324904 kB
VmRSS:	 2370740 kB
VmRSS:	 2417208 kB
VmRSS:	 2468336 kB
VmRSS:	 2553548 kB
VmRSS:	 2613132 kB
VmRSS:	 2659688 kB
VmRSS:	 2715476 kB
VmRSS:	 2762308 kB
VmRSS:	 2808088 kB
VmRSS:	 2862928 kB
VmRSS:	 2909812 kB
VmRSS:	 2956736 kB
VmRSS:	 3006260 kB
VmRSS:	 3081780 kB
VmRSS:	 3128484 kB
VmRSS:	 3204800 kB
VmRSS:	 3255504 kB
VmRSS:	 3302204 kB
VmRSS:	 3353060 kB
VmRSS:	 3404756 kB
VmRSS:	 3453776 kB
VmRSS:	 3497372 kB
VmRSS:	 3548288 kB
VmRSS:	 3599676 kB
VmRSS:	 3960964 kB
VmRSS:	 3960964 kB
VmRSS:	 3960964 kB
VmRSS:	 3960964 kB
VmRSS:	 3960964 kB
VmRSS:	 3960964 kB
VmRSS:	 3960964 kB
VmRSS:	 3960964 kB
VmRSS:	 3960964 kB
VmRSS:	 3960964 kB
VmRSS:	 3960964 kB
VmRSS:	 3960964 kB
VmRSS:	 3960964 kB
VmRSS:	 3960964 kB
VmRSS:	 3960964 kB
VmRSS:	 3960964 kB
VmRSS:	 3960964 kB
VmRSS:	 3962876 kB
VmRSS:	 3962876 kB
VmRSS:	 3962876 kB
VmRSS:	 3962876 kB
VmRSS:	 3962876 kB
VmRSS:	 3962876 kB
VmRSS:	 3962876 kB
VmRSS:	 3962876 kB
VmRSS:	 3962876 kB
VmRSS:	 3962876 kB
VmRSS:	 3962876 kB
VmRSS:	 3962876 kB
VmRSS:	 3962876 kB
VmRSS:	 3962876 kB
VmRSS:	 3962876 kB
VmRSS:	 3962876 kB
VmRSS:	 3962876 kB
VmRSS:	 3962876 kB
VmRSS:	 3962876 kB
VmRSS:	 3962876 kB
VmRSS:	 3962876 kB
VmRSS:	 3962876 kB
VmRSS:	 3962876 kB
VmRSS:	 3962876 kB
VmRSS:	 3964908 kB
VmRSS:	 3964908 kB
VmRSS:	 3964908 kB
VmRSS:	 3964908 kB
VmRSS:	 3964908 kB
VmRSS:	 3964908 kB
VmRSS:	 3964908 kB
VmRSS:	 3964908 kB
VmRSS:	 3964908 kB
VmRSS:	 3964908 kB
VmRSS:	 3964908 kB
VmRSS:	 3964908 kB
VmRSS:	 3964908 kB
VmRSS:	 3964908 kB
VmRSS:	 3964908 kB
VmRSS:	 3964908 kB
VmRSS:	 3964908 kB
VmRSS:	 3964908 kB
VmRSS:	 3964908 kB
VmRSS:	 3964908 kB
VmRSS:	 3964908 kB
VmRSS:	 3964908 kB
VmRSS:	 3964908 kB
VmRSS:	 3964908 kB
VmRSS:	 3964908 kB
VmRSS:	 3964908 kB
VmRSS:	 3964908 kB
VmRSS:	 3964908 kB
VmRSS:	 3964908 kB
VmRSS:	 3964908 kB
VmRSS:	 3964908 kB
VmRSS:	 3964908 kB
VmRSS:	 3966984 kB
VmRSS:	 3966984 kB
VmRSS:	 3966984 kB
VmRSS:	 3966984 kB
VmRSS:	 3966984 kB
VmRSS:	 3966984 kB
VmRSS:	 3966984 kB
VmRSS:	 3966984 kB
VmRSS:	 3966984 kB
VmRSS:	 3966984 kB
VmRSS:	 3966984 kB
VmRSS:	 3966984 kB
VmRSS:	 3966984 kB
VmRSS:	 3966984 kB
VmRSS:	 3966984 kB
VmRSS:	 3966984 kB
VmRSS:	 3966984 kB
VmRSS:	 3966984 kB
VmRSS:	 3966984 kB
VmRSS:	 3966984 kB
VmRSS:	 3966984 kB
VmRSS:	 3966984 kB
VmRSS:	 3966984 kB
VmRSS:	 3966984 kB
VmRSS:	 3966984 kB
VmRSS:	 3966984 kB
VmRSS:	 3966984 kB
VmRSS:	 3966984 kB
VmRSS:	 3966984 kB
VmRSS:	 3966984 kB
VmRSS:	 3966984 kB
VmRSS:	 3966984 kB
VmRSS:	 3966984 kB
VmRSS:	 3966984 kB
VmRSS:	 3966984 kB
VmRSS:	 3966984 kB
VmRSS:	 3966984 kB
VmRSS:	 3966984 kB
VmRSS:	 3966984 kB
VmRSS:	 3966984 kB
VmRSS:	 3966984 kB
VmRSS:	 3966984 kB
VmRSS:	 3966984 kB
VmRSS:	 3966984 kB
VmRSS:	 3966984 kB
VmRSS:	 3966984 kB
VmRSS:	 3966984 kB
VmRSS:	 3966984 kB
VmRSS:	 3966984 kB
VmRSS:	 3969108 kB
VmRSS:	 3969108 kB
VmRSS:	 3969108 kB
VmRSS:	 3969108 kB
VmRSS:	 3969108 kB
VmRSS:	 3969108 kB
VmRSS:	 3969108 kB
VmRSS:	 3969108 kB
VmRSS:	 3969108 kB
VmRSS:	 3969108 kB
VmRSS:	 3969108 kB
VmRSS:	 3969108 kB
VmRSS:	 3969108 kB
VmRSS:	 3969108 kB
VmRSS:	 3969108 kB
VmRSS:	 3969108 kB
VmRSS:	 3969108 kB
VmRSS:	 3969108 kB
VmRSS:	 3969108 kB
VmRSS:	 3969108 kB
VmRSS:	 3969108 kB
VmRSS:	 3969108 kB
VmRSS:	 3969108 kB
VmRSS:	 3969108 kB
VmRSS:	 3969108 kB
VmRSS:	 3969108 kB
VmRSS:	 3969108 kB
VmRSS:	 3969108 kB
VmRSS:	 3969108 kB
VmRSS:	 3969108 kB
VmRSS:	 3969108 kB
VmRSS:	 3969108 kB
VmRSS:	 3969108 kB
VmRSS:	 3969108 kB
VmRSS:	 3969108 kB
VmRSS:	 3969108 kB
VmRSS:	 3969108 kB
VmRSS:	 3969108 kB
VmRSS:	 3969108 kB
VmRSS:	 3969108 kB
VmRSS:	 3969108 kB
VmRSS:	 3969108 kB
VmRSS:	 3969108 kB
VmRSS:	 3969108 kB
VmRSS:	 3969108 kB
VmRSS:	 3969108 kB
VmRSS:	 3969108 kB
VmRSS:	 3969108 kB
VmRSS:	 3969108 kB
VmRSS:	 3969108 kB
VmRSS:	 3969108 kB
VmRSS:	 3969108 kB
VmRSS:	 3969108 kB
VmRSS:	 3969108 kB
VmRSS:	 3971064 kB
VmRSS:	 3971064 kB
VmRSS:	 3971064 kB
VmRSS:	 3971064 kB
VmRSS:	 3971064 kB
VmRSS:	 3971064 kB
VmRSS:	 3971064 kB
VmRSS:	 3971064 kB
VmRSS:	 3971064 kB
VmRSS:	 3971064 kB
VmRSS:	 3971064 kB
VmRSS:	 3971064 kB
VmRSS:	 3971064 kB
VmRSS:	 3971064 kB
VmRSS:	 3971064 kB
VmRSS:	 3971064 kB
VmRSS:	 3971064 kB
VmRSS:	 3971064 kB
VmRSS:	 3971064 kB
VmRSS:	 3971064 kB
VmRSS:	 3971064 kB
VmRSS:	 3971064 kB
VmRSS:	 3971064 kB
VmRSS:	 3971064 kB
VmRSS:	 3971064 kB
VmRSS:	 3971064 kB
VmRSS:	 3971064 kB
VmRSS:	 3971064 kB
VmRSS:	 3971064 kB
VmRSS:	 3971064 kB
VmRSS:	 3971064 kB
VmRSS:	 3971064 kB
VmRSS:	 3971064 kB
VmRSS:	 3971064 kB
VmRSS:	 3971064 kB
VmRSS:	 3971064 kB
VmRSS:	 3971064 kB
VmRSS:	 3971064 kB
VmRSS:	 3971064 kB
VmRSS:	 3971064 kB
VmRSS:	 3971064 kB
VmRSS:	 3040796 kB
===ENGINE_OUTPUT===
INFO: [environment.cc:36] Creating LiteRT environment with options
WARNING: [npu_registry.cc:34] NPU accelerator could not be loaded and registered: kLiteRtStatusErrorInvalidArgument.
INFO: [gpu_registry.cc:101] Attempting to load GPU accelerator(libLiteRtGpuAccelerator.so).
INFO: [accelerator_registry.cc:54] RegisterAccelerator: ptr=0xb400007bc3e96590, name=LiteRT GPU
INFO: [gpu_registry.cc:109] Dynamically loaded GPU accelerator(libLiteRtGpuAccelerator.so) registered.
INFO: [accelerator_registry.cc:54] RegisterAccelerator: ptr=0xb400007bc3e96e30, name=CpuAccelerator
INFO: [cpu_registry.cc:75] XNNPACK CPU accelerator registered.
INFO: [environment.cc:36] Creating LiteRT environment with options
WARNING: [npu_registry.cc:34] NPU accelerator could not be loaded and registered: kLiteRtStatusErrorInvalidArgument.
INFO: [gpu_registry.cc:101] Attempting to load GPU accelerator(libLiteRtGpuAccelerator.so).
INFO: [accelerator_registry.cc:54] RegisterAccelerator: ptr=0xb400007bc3e98630, name=LiteRT GPU
INFO: [gpu_registry.cc:109] Dynamically loaded GPU accelerator(libLiteRtGpuAccelerator.so) registered.
INFO: [accelerator_registry.cc:54] RegisterAccelerator: ptr=0xb400007bc3e9a310, name=CpuAccelerator
INFO: [cpu_registry.cc:75] XNNPACK CPU accelerator registered.
INFO: [magic_number_utils.cc:101] Loaded: num_subgraphs=508, num_signatures=2
INFO: [magic_number_utils.cc:109]   signature=prefill_1024, subgraph_index=0, num_tensors=1358, num_inputs=60, num_outputs=57, num_ops=1022
INFO: [magic_number_utils.cc:109]   signature=decode, subgraph_index=1, num_tensors=1270, num_inputs=60, num_outputs=57, num_ops=936
INFO: [magic_number_utils.cc:113] Magic number configs: num_configs=1
INFO: [magic_number_utils.cc:120]   config[0]: magic_number=4099, target_number=4096, signature_prefix=null
INFO: [magic_number_utils.cc:536] 482 tensors of signature prefill_1024 have been updated for magic number  4099 to target number 4096
INFO: [magic_number_utils.cc:536] 482 tensors of signature decode have been updated for magic number  4099 to target number 4096
INFO: [compiled_model.cc:815] Flatbuffer model initialized directly from incoming litert model.
INFO: Initialized TensorFlow Lite runtime.
INFO: Created TensorFlow Lite XNNPACK delegate for CPU.
VERBOSE: XNNPack weight cache: written to '/data/local/tmp/llmbench/models/litert-local_Qwen3-1.7B-wi8-gpuflags_Qwen3-1.7B_wi8_gpuflags.litertlm_1789339766_1744998208.xnnpack_cache'.
VERBOSE: XNNPack weight cache build for '/data/local/tmp/llmbench/models/litert-local_Qwen3-1.7B-wi8-gpuflags_Qwen3-1.7B_wi8_gpuflags.litertlm_1789339766_1744998208.xnnpack_cache' started.
VERBOSE: Replacing 732 out of 1022 node(s) with delegate (TfLiteXNNPackDelegate) node, yielding 340 partitions for subgraph 0 (prefill_1024).
VERBOSE: XNNPack weight cache: written to '/data/local/tmp/llmbench/models/litert-local_Qwen3-1.7B-wi8-gpuflags_Qwen3-1.7B_wi8_gpuflags.litertlm_1789339766_1744998208.xnnpack_cache'.
VERBOSE: XNNPack weight cache: written to '/data/local/tmp/llmbench/models/litert-local_Qwen3-1.7B-wi8-gpuflags_Qwen3-1.7B_wi8_gpuflags.litertlm_1789339766_1744998208.xnnpack_cache'.
VERBOSE: XNNPack weight cache: written to '/data/local/tmp/llmbench/models/litert-local_Qwen3-1.7B-wi8-gpuflags_Qwen3-1.7B_wi8_gpuflags.litertlm_1789339766_1744998208.xnnpack_cache'.
VERBOSE: XNNPack weight cache: written to '/data/local/tmp/llmbench/models/litert-local_Qwen3-1.7B-wi8-gpuflags_Qwen3-1.7B_wi8_gpuflags.litertlm_1789339766_1744998208.xnnpack_cache'.
VERBOSE: XNNPack weight cache: written to '/data/local/tmp/llmbench/models/litert-local_Qwen3-1.7B-wi8-gpuflags_Qwen3-1.7B_wi8_gpuflags.litertlm_1789339766_1744998208.xnnpack_cache'.
VERBOSE: XNNPack weight cache: written to '/data/local/tmp/llmbench/models/litert-local_Qwen3-1.7B-wi8-gpuflags_Qwen3-1.7B_wi8_gpuflags.litertlm_1789339766_1744998208.xnnpack_cache'.
VERBOSE: XNNPack weight cache: written to '/data/local/tmp/llmbench/models/litert-local_Qwen3-1.7B-wi8-gpuflags_Qwen3-1.7B_wi8_gpuflags.litertlm_1789339766_1744998208.xnnpack_cache'.
VERBOSE: XNNPack weight cache: written to '/data/local/tmp/llmbench/models/litert-local_Qwen3-1.7B-wi8-gpuflags_Qwen3-1.7B_wi8_gpuflags.litertlm_1789339766_1744998208.xnnpack_cache'.
VERBOSE: XNNPack weight cache: written to '/data/local/tmp/llmbench/models/litert-local_Qwen3-1.7B-wi8-gpuflags_Qwen3-1.7B_wi8_gpuflags.litertlm_1789339766_1744998208.xnnpack_cache'.
VERBOSE: XNNPack weight cache: written to '/data/local/tmp/llmbench/models/litert-local_Qwen3-1.7B-wi8-gpuflags_Qwen3-1.7B_wi8_gpuflags.litertlm_1789339766_1744998208.xnnpack_cache'.
VERBOSE: XNNPack weight cache: written to '/data/local/tmp/llmbench/models/litert-local_Qwen3-1.7B-wi8-gpuflags_Qwen3-1.7B_wi8_gpuflags.litertlm_1789339766_1744998208.xnnpack_cache'.
VERBOSE: XNNPack weight cache: written to '/data/local/tmp/llmbench/models/litert-local_Qwen3-1.7B-wi8-gpuflags_Qwen3-1.7B_wi8_gpuflags.litertlm_1789339766_1744998208.xnnpack_cache'.
VERBOSE: XNNPack weight cache: written to '/data/local/tmp/llmbench/models/litert-local_Qwen3-1.7B-wi8-gpuflags_Qwen3-1.7B_wi8_gpuflags.litertlm_1789339766_1744998208.xnnpack_cache'.
VERBOSE: XNNPack weight cache: written to '/data/local/tmp/llmbench/models/litert-local_Qwen3-1.7B-wi8-gpuflags_Qwen3-1.7B_wi8_gpuflags.litertlm_1789339766_1744998208.xnnpack_cache'.
VERBOSE: XNNPack weight cache: written to '/data/local/tmp/llmbench/models/litert-local_Qwen3-1.7B-wi8-gpuflags_Qwen3-1.7B_wi8_gpuflags.litertlm_1789339766_1744998208.xnnpack_cache'.
VERBOSE: XNNPack weight cache: written to '/data/local/tmp/llmbench/models/litert-local_Qwen3-1.7B-wi8-gpuflags_Qwen3-1.7B_wi8_gpuflags.litertlm_1789339766_1744998208.xnnpack_cache'.
VERBOSE: XNNPack weight cache: written to '/data/local/tmp/llmbench/models/litert-local_Qwen3-1.7B-wi8-gpuflags_Qwen3-1.7B_wi8_gpuflags.litertlm_1789339766_1744998208.xnnpack_cache'.
VERBOSE: XNNPack weight cache: written to '/data/local/tmp/llmbench/models/litert-local_Qwen3-1.7B-wi8-gpuflags_Qwen3-1.7B_wi8_gpuflags.litertlm_1789339766_1744998208.xnnpack_cache'.
VERBOSE: XNNPack weight cache: written to '/data/local/tmp/llmbench/models/litert-local_Qwen3-1.7B-wi8-gpuflags_Qwen3-1.7B_wi8_gpuflags.litertlm_1789339766_1744998208.xnnpack_cache'.
VERBOSE: XNNPack weight cache: written to '/data/local/tmp/llmbench/models/litert-local_Qwen3-1.7B-wi8-gpuflags_Qwen3-1.7B_wi8_gpuflags.litertlm_1789339766_1744998208.xnnpack_cache'.
VERBOSE: XNNPack weight cache: written to '/data/local/tmp/llmbench/models/litert-local_Qwen3-1.7B-wi8-gpuflags_Qwen3-1.7B_wi8_gpuflags.litertlm_1789339766_1744998208.xnnpack_cache'.
VERBOSE: XNNPack weight cache: written to '/data/local/tmp/llmbench/models/litert-local_Qwen3-1.7B-wi8-gpuflags_Qwen3-1.7B_wi8_gpuflags.litertlm_1789339766_1744998208.xnnpack_cache'.
VERBOSE: XNNPack weight cache: written to '/data/local/tmp/llmbench/models/litert-local_Qwen3-1.7B-wi8-gpuflags_Qwen3-1.7B_wi8_gpuflags.litertlm_1789339766_1744998208.xnnpack_cache'.
VERBOSE: XNNPack weight cache: written to '/data/local/tmp/llmbench/models/litert-local_Qwen3-1.7B-wi8-gpuflags_Qwen3-1.7B_wi8_gpuflags.litertlm_1789339766_1744998208.xnnpack_cache'.
VERBOSE: XNNPack weight cache: written to '/data/local/tmp/llmbench/models/litert-local_Qwen3-1.7B-wi8-gpuflags_Qwen3-1.7B_wi8_gpuflags.litertlm_1789339766_1744998208.xnnpack_cache'.
VERBOSE: XNNPack weight cache: written to '/data/local/tmp/llmbench/models/litert-local_Qwen3-1.7B-wi8-gpuflags_Qwen3-1.7B_wi8_gpuflags.litertlm_1789339766_1744998208.xnnpack_cache'.
VERBOSE: XNNPack weight cache: written to '/data/local/tmp/llmbench/models/litert-local_Qwen3-1.7B-wi8-gpuflags_Qwen3-1.7B_wi8_gpuflags.litertlm_1789339766_1744998208.xnnpack_cache'.
VERBOSE: XNNPack weight cache: written to '/data/local/tmp/llmbench/models/litert-local_Qwen3-1.7B-wi8-gpuflags_Qwen3-1.7B_wi8_gpuflags.litertlm_1789339766_1744998208.xnnpack_cache'.
VERBOSE: XNNPack weight cache: written to '/data/local/tmp/llmbench/models/litert-local_Qwen3-1.7B-wi8-gpuflags_Qwen3-1.7B_wi8_gpuflags.litertlm_1789339766_1744998208.xnnpack_cache'.
VERBOSE: XNNPack weight cache: written to '/data/local/tmp/llmbench/models/litert-local_Qwen3-1.7B-wi8-gpuflags_Qwen3-1.7B_wi8_gpuflags.litertlm_1789339766_1744998208.xnnpack_cache'.
VERBOSE: XNNPack weight cache: written to '/data/local/tmp/llmbench/models/litert-local_Qwen3-1.7B-wi8-gpuflags_Qwen3-1.7B_wi8_gpuflags.litertlm_1789339766_1744998208.xnnpack_cache'.
VERBOSE: XNNPack weight cache: written to '/data/local/tmp/llmbench/models/litert-local_Qwen3-1.7B-wi8-gpuflags_Qwen3-1.7B_wi8_gpuflags.litertlm_1789339766_1744998208.xnnpack_cache'.
VERBOSE: XNNPack weight cache: written to '/data/local/tmp/llmbench/models/litert-local_Qwen3-1.7B-wi8-gpuflags_Qwen3-1.7B_wi8_gpuflags.litertlm_1789339766_1744998208.xnnpack_cache'.
VERBOSE: XNNPack weight cache: written to '/data/local/tmp/llmbench/models/litert-local_Qwen3-1.7B-wi8-gpuflags_Qwen3-1.7B_wi8_gpuflags.litertlm_1789339766_1744998208.xnnpack_cache'.
VERBOSE: XNNPack weight cache: written to '/data/local/tmp/llmbench/models/litert-local_Qwen3-1.7B-wi8-gpuflags_Qwen3-1.7B_wi8_gpuflags.litertlm_1789339766_1744998208.xnnpack_cache'.
VERBOSE: XNNPack weight cache: written to '/data/local/tmp/llmbench/models/litert-local_Qwen3-1.7B-wi8-gpuflags_Qwen3-1.7B_wi8_gpuflags.litertlm_1789339766_1744998208.xnnpack_cache'.
VERBOSE: XNNPack weight cache: written to '/data/local/tmp/llmbench/models/litert-local_Qwen3-1.7B-wi8-gpuflags_Qwen3-1.7B_wi8_gpuflags.litertlm_1789339766_1744998208.xnnpack_cache'.
VERBOSE: XNNPack weight cache: written to '/data/local/tmp/llmbench/models/litert-local_Qwen3-1.7B-wi8-gpuflags_Qwen3-1.7B_wi8_gpuflags.litertlm_1789339766_1744998208.xnnpack_cache'.
VERBOSE: XNNPack weight cache: written to '/data/local/tmp/llmbench/models/litert-local_Qwen3-1.7B-wi8-gpuflags_Qwen3-1.7B_wi8_gpuflags.litertlm_1789339766_1744998208.xnnpack_cache'.
VERBOSE: XNNPack weight cache: written to '/data/local/tmp/llmbench/models/litert-local_Qwen3-1.7B-wi8-gpuflags_Qwen3-1.7B_wi8_gpuflags.litertlm_1789339766_1744998208.xnnpack_cache'.
VERBOSE: XNNPack weight cache: written to '/data/local/tmp/llmbench/models/litert-local_Qwen3-1.7B-wi8-gpuflags_Qwen3-1.7B_wi8_gpuflags.litertlm_1789339766_1744998208.xnnpack_cache'.
VERBOSE: XNNPack weight cache: written to '/data/local/tmp/llmbench/models/litert-local_Qwen3-1.7B-wi8-gpuflags_Qwen3-1.7B_wi8_gpuflags.litertlm_1789339766_1744998208.xnnpack_cache'.
VERBOSE: XNNPack weight cache: written to '/data/local/tmp/llmbench/models/litert-local_Qwen3-1.7B-wi8-gpuflags_Qwen3-1.7B_wi8_gpuflags.litertlm_1789339766_1744998208.xnnpack_cache'.
VERBOSE: XNNPack weight cache: written to '/data/local/tmp/llmbench/models/litert-local_Qwen3-1.7B-wi8-gpuflags_Qwen3-1.7B_wi8_gpuflags.litertlm_1789339766_1744998208.xnnpack_cache'.
VERBOSE: XNNPack weight cache: written to '/data/local/tmp/llmbench/models/litert-local_Qwen3-1.7B-wi8-gpuflags_Qwen3-1.7B_wi8_gpuflags.litertlm_1789339766_1744998208.xnnpack_cache'.
VERBOSE: XNNPack weight cache: written to '/data/local/tmp/llmbench/models/litert-local_Qwen3-1.7B-wi8-gpuflags_Qwen3-1.7B_wi8_gpuflags.litertlm_1789339766_1744998208.xnnpack_cache'.
VERBOSE: XNNPack weight cache: written to '/data/local/tmp/llmbench/models/litert-local_Qwen3-1.7B-wi8-gpuflags_Qwen3-1.7B_wi8_gpuflags.litertlm_1789339766_1744998208.xnnpack_cache'.
VERBOSE: XNNPack weight cache: written to '/data/local/tmp/llmbench/models/litert-local_Qwen3-1.7B-wi8-gpuflags_Qwen3-1.7B_wi8_gpuflags.litertlm_1789339766_1744998208.xnnpack_cache'.
VERBOSE: XNNPack weight cache: written to '/data/local/tmp/llmbench/models/litert-local_Qwen3-1.7B-wi8-gpuflags_Qwen3-1.7B_wi8_gpuflags.litertlm_1789339766_1744998208.xnnpack_cache'.
VERBOSE: XNNPack weight cache: written to '/data/local/tmp/llmbench/models/litert-local_Qwen3-1.7B-wi8-gpuflags_Qwen3-1.7B_wi8_gpuflags.litertlm_1789339766_1744998208.xnnpack_cache'.
VERBOSE: XNNPack weight cache: written to '/data/local/tmp/llmbench/models/litert-local_Qwen3-1.7B-wi8-gpuflags_Qwen3-1.7B_wi8_gpuflags.litertlm_1789339766_1744998208.xnnpack_cache'.
VERBOSE: XNNPack weight cache: written to '/data/local/tmp/llmbench/models/litert-local_Qwen3-1.7B-wi8-gpuflags_Qwen3-1.7B_wi8_gpuflags.litertlm_1789339766_1744998208.xnnpack_cache'.
VERBOSE: XNNPack weight cache: written to '/data/local/tmp/llmbench/models/litert-local_Qwen3-1.7B-wi8-gpuflags_Qwen3-1.7B_wi8_gpuflags.litertlm_1789339766_1744998208.xnnpack_cache'.
VERBOSE: XNNPack weight cache: written to '/data/local/tmp/llmbench/models/litert-local_Qwen3-1.7B-wi8-gpuflags_Qwen3-1.7B_wi8_gpuflags.litertlm_1789339766_1744998208.xnnpack_cache'.
VERBOSE: XNNPack weight cache: written to '/data/local/tmp/llmbench/models/litert-local_Qwen3-1.7B-wi8-gpuflags_Qwen3-1.7B_wi8_gpuflags.litertlm_1789339766_1744998208.xnnpack_cache'.
VERBOSE: XNNPack weight cache: written to '/data/local/tmp/llmbench/models/litert-local_Qwen3-1.7B-wi8-gpuflags_Qwen3-1.7B_wi8_gpuflags.litertlm_1789339766_1744998208.xnnpack_cache'.
VERBOSE: XNNPack weight cache: written to '/data/local/tmp/llmbench/models/litert-local_Qwen3-1.7B-wi8-gpuflags_Qwen3-1.7B_wi8_gpuflags.litertlm_1789339766_1744998208.xnnpack_cache'.
VERBOSE: XNNPack weight cache: written to '/data/local/tmp/llmbench/models/litert-local_Qwen3-1.7B-wi8-gpuflags_Qwen3-1.7B_wi8_gpuflags.litertlm_1789339766_1744998208.xnnpack_cache'.
VERBOSE: XNNPack weight cache: written to '/data/local/tmp/llmbench/models/litert-local_Qwen3-1.7B-wi8-gpuflags_Qwen3-1.7B_wi8_gpuflags.litertlm_1789339766_1744998208.xnnpack_cache'.
VERBOSE: XNNPack weight cache: written to '/data/local/tmp/llmbench/models/litert-local_Qwen3-1.7B-wi8-gpuflags_Qwen3-1.7B_wi8_gpuflags.litertlm_1789339766_1744998208.xnnpack_cache'.
VERBOSE: XNNPack weight cache: written to '/data/local/tmp/llmbench/models/litert-local_Qwen3-1.7B-wi8-gpuflags_Qwen3-1.7B_wi8_gpuflags.litertlm_1789339766_1744998208.xnnpack_cache'.
VERBOSE: XNNPack weight cache: written to '/data/local/tmp/llmbench/models/litert-local_Qwen3-1.7B-wi8-gpuflags_Qwen3-1.7B_wi8_gpuflags.litertlm_1789339766_1744998208.xnnpack_cache'.
VERBOSE: XNNPack weight cache: written to '/data/local/tmp/llmbench/models/litert-local_Qwen3-1.7B-wi8-gpuflags_Qwen3-1.7B_wi8_gpuflags.litertlm_1789339766_1744998208.xnnpack_cache'.
VERBOSE: XNNPack weight cache: written to '/data/local/tmp/llmbench/models/litert-local_Qwen3-1.7B-wi8-gpuflags_Qwen3-1.7B_wi8_gpuflags.litertlm_1789339766_1744998208.xnnpack_cache'.
VERBOSE: XNNPack weight cache: written to '/data/local/tmp/llmbench/models/litert-local_Qwen3-1.7B-wi8-gpuflags_Qwen3-1.7B_wi8_gpuflags.litertlm_1789339766_1744998208.xnnpack_cache'.
VERBOSE: XNNPack weight cache: written to '/data/local/tmp/llmbench/models/litert-local_Qwen3-1.7B-wi8-gpuflags_Qwen3-1.7B_wi8_gpuflags.litertlm_1789339766_1744998208.xnnpack_cache'.
VERBOSE: XNNPack weight cache: written to '/data/local/tmp/llmbench/models/litert-local_Qwen3-1.7B-wi8-gpuflags_Qwen3-1.7B_wi8_gpuflags.litertlm_1789339766_1744998208.xnnpack_cache'.
VERBOSE: XNNPack weight cache: written to '/data/local/tmp/llmbench/models/litert-local_Qwen3-1.7B-wi8-gpuflags_Qwen3-1.7B_wi8_gpuflags.litertlm_1789339766_1744998208.xnnpack_cache'.
VERBOSE: XNNPack weight cache: written to '/data/local/tmp/llmbench/models/litert-local_Qwen3-1.7B-wi8-gpuflags_Qwen3-1.7B_wi8_gpuflags.litertlm_1789339766_1744998208.xnnpack_cache'.
VERBOSE: XNNPack weight cache: written to '/data/local/tmp/llmbench/models/litert-local_Qwen3-1.7B-wi8-gpuflags_Qwen3-1.7B_wi8_gpuflags.litertlm_1789339766_1744998208.xnnpack_cache'.
VERBOSE: XNNPack weight cache: written to '/data/local/tmp/llmbench/models/litert-local_Qwen3-1.7B-wi8-gpuflags_Qwen3-1.7B_wi8_gpuflags.litertlm_1789339766_1744998208.xnnpack_cache'.
VERBOSE: XNNPack weight cache: written to '/data/local/tmp/llmbench/models/litert-local_Qwen3-1.7B-wi8-gpuflags_Qwen3-1.7B_wi8_gpuflags.litertlm_1789339766_1744998208.xnnpack_cache'.
VERBOSE: XNNPack weight cache: written to '/data/local/tmp/llmbench/models/litert-local_Qwen3-1.7B-wi8-gpuflags_Qwen3-1.7B_wi8_gpuflags.litertlm_1789339766_1744998208.xnnpack_cache'.
VERBOSE: XNNPack weight cache: written to '/data/local/tmp/llmbench/models/litert-local_Qwen3-1.7B-wi8-gpuflags_Qwen3-1.7B_wi8_gpuflags.litertlm_1789339766_1744998208.xnnpack_cache'.
VERBOSE: XNNPack weight cache: written to '/data/local/tmp/llmbench/models/litert-local_Qwen3-1.7B-wi8-gpuflags_Qwen3-1.7B_wi8_gpuflags.litertlm_1789339766_1744998208.xnnpack_cache'.
VERBOSE: XNNPack weight cache: written to '/data/local/tmp/llmbench/models/litert-local_Qwen3-1.7B-wi8-gpuflags_Qwen3-1.7B_wi8_gpuflags.litertlm_1789339766_1744998208.xnnpack_cache'.
VERBOSE: XNNPack weight cache: written to '/data/local/tmp/llmbench/models/litert-local_Qwen3-1.7B-wi8-gpuflags_Qwen3-1.7B_wi8_gpuflags.litertlm_1789339766_1744998208.xnnpack_cache'.
VERBOSE: XNNPack weight cache: written to '/data/local/tmp/llmbench/models/litert-local_Qwen3-1.7B-wi8-gpuflags_Qwen3-1.7B_wi8_gpuflags.litertlm_1789339766_1744998208.xnnpack_cache'.
VERBOSE: XNNPack weight cache: written to '/data/local/tmp/llmbench/models/litert-local_Qwen3-1.7B-wi8-gpuflags_Qwen3-1.7B_wi8_gpuflags.litertlm_1789339766_1744998208.xnnpack_cache'.
VERBOSE: XNNPack weight cache: written to '/data/local/tmp/llmbench/models/litert-local_Qwen3-1.7B-wi8-gpuflags_Qwen3-1.7B_wi8_gpuflags.litertlm_1789339766_1744998208.xnnpack_cache'.
VERBOSE: XNNPack weight cache: written to '/data/local/tmp/llmbench/models/litert-local_Qwen3-1.7B-wi8-gpuflags_Qwen3-1.7B_wi8_gpuflags.litertlm_1789339766_1744998208.xnnpack_cache'.
VERBOSE: XNNPack weight cache: written to '/data/local/tmp/llmbench/models/litert-local_Qwen3-1.7B-wi8-gpuflags_Qwen3-1.7B_wi8_gpuflags.litertlm_1789339766_1744998208.xnnpack_cache'.
VERBOSE: XNNPack weight cache: written to '/data/local/tmp/llmbench/models/litert-local_Qwen3-1.7B-wi8-gpuflags_Qwen3-1.7B_wi8_gpuflags.litertlm_1789339766_1744998208.xnnpack_cache'.
VERBOSE: XNNPack weight cache: written to '/data/local/tmp/llmbench/models/litert-local_Qwen3-1.7B-wi8-gpuflags_Qwen3-1.7B_wi8_gpuflags.litertlm_1789339766_1744998208.xnnpack_cache'.
VERBOSE: XNNPack weight cache: written to '/data/local/tmp/llmbench/models/litert-local_Qwen3-1.7B-wi8-gpuflags_Qwen3-1.7B_wi8_gpuflags.litertlm_1789339766_1744998208.xnnpack_cache'.
VERBOSE: Replacing 647 out of 936 node(s) with delegate (TfLiteXNNPackDelegate) node, yielding 340 partitions for subgraph 1 (decode).
VERBOSE: Replacing 7 out of 7 node(s) with delegate (TfLiteXNNPackDelegate) node, yielding 1 partitions for subgraph 2 (odml.rms_norm.impl).
VERBOSE: Replacing 7 out of 7 node(s) with delegate (TfLiteXNNPackDelegate) node, yielding 1 partitions for subgraph 3 (odml.rms_norm.impl_0).
VERBOSE: Replacing 7 out of 7 node(s) with delegate (TfLiteXNNPackDelegate) node, yielding 1 partitions for subgraph 4 (odml.rms_norm.impl_1).
VERBOSE: Replacing 16 out of 18 node(s) with delegate (TfLiteXNNPackDelegate) node, yielding 2 partitions for subgraph 5 (odml.rope.impl).
VERBOSE: Replacing 16 out of 18 node(s) with delegate (TfLiteXNNPackDelegate) node, yielding 2 partitions for subgraph 6 (odml.rope.impl_0).
VERBOSE: Replacing 3 out of 6 node(s) with delegate (TfLiteXNNPackDelegate) node, yielding 3 partitions for subgraph 7 (odml.cache_update.impl).
VERBOSE: Replacing 2 out of 3 node(s) with delegate (TfLiteXNNPackDelegate) node, yielding 3 partitions for subgraph 8 (odml.runtime_bmm.impl).
VERBOSE: Replacing 2 out of 3 node(s) with delegate (TfLiteXNNPackDelegate) node, yielding 3 partitions for subgraph 9 (odml.runtime_bmm.impl_0).
VERBOSE: Replacing 7 out of 7 node(s) with delegate (TfLiteXNNPackDelegate) node, yielding 1 partitions for subgraph 10 (odml.rms_norm.impl_2).
VERBOSE: Replacing 7 out of 7 node(s) with delegate (TfLiteXNNPackDelegate) node, yielding 1 partitions for subgraph 11 (odml.rms_norm.impl_3).
VERBOSE: Replacing 7 out of 7 node(s) with delegate (TfLiteXNNPackDelegate) node, yielding 1 partitions for subgraph 12 (odml.rms_norm.impl_4).
VERBOSE: Replacing 7 out of 7 node(s) with delegate (TfLiteXNNPackDelegate) node, yielding 1 partitions for subgraph 13 (odml.rms_norm.impl_5).
VERBOSE: Replacing 16 out of 18 node(s) with delegate (TfLiteXNNPackDelegate) node, yielding 2 partitions for subgraph 14 (odml.rope.impl_1).
VERBOSE: Replacing 16 out of 18 node(s) with delegate (TfLiteXNNPackDelegate) node, yielding 2 partitions for subgraph 15 (odml.rope.impl_2).
VERBOSE: Replacing 3 out of 6 node(s) with delegate (TfLiteXNNPackDelegate) node, yielding 3 partitions for subgraph 16 (odml.cache_update.impl_0).
VERBOSE: Replacing 2 out of 3 node(s) with delegate (TfLiteXNNPackDelegate) node, yielding 3 partitions for subgraph 17 (odml.runtime_bmm.impl_1).
VERBOSE: Replacing 2 out of 3 node(s) with delegate (TfLiteXNNPackDelegate) node, yielding 3 partitions for subgraph 18 (odml.runtime_bmm.impl_2).
VERBOSE: Replacing 7 out of 7 node(s) with delegate (TfLiteXNNPackDelegate) node, yielding 1 partitions for subgraph 19 (odml.rms_norm.impl_6).
VERBOSE: Replacing 7 out of 7 node(s) with delegate (TfLiteXNNPackDelegate) node, yielding 1 partitions for subgraph 20 (odml.rms_norm.impl_7).
VERBOSE: Replacing 7 out of 7 node(s) with delegate (TfLiteXNNPackDelegate) node, yielding 1 partitions for subgraph 21 (odml.rms_norm.impl_8).
VERBOSE: Replacing 7 out of 7 node(s) with delegate (TfLiteXNNPackDelegate) node, yielding 1 partitions for subgraph 22 (odml.rms_norm.impl_9).
VERBOSE: Replacing 16 out of 18 node(s) with delegate (TfLiteXNNPackDelegate) node, yielding 2 partitions for subgraph 23 (odml.rope.impl_3).
VERBOSE: Replacing 16 out of 18 node(s) with delegate (TfLiteXNNPackDelegate) node, yielding 2 partitions for subgraph 24 (odml.rope.impl_4).
VERBOSE: Replacing 3 out of 6 node(s) with delegate (TfLiteXNNPackDelegate) node, yielding 3 partitions for subgraph 25 (odml.cache_update.impl_1).
VERBOSE: Replacing 2 out of 3 node(s) with delegate (TfLiteXNNPackDelegate) node, yielding 3 partitions for subgraph 26 (odml.runtime_bmm.impl_3).
VERBOSE: Replacing 2 out of 3 node(s) with delegate (TfLiteXNNPackDelegate) node, yielding 3 partitions for subgraph 27 (odml.runtime_bmm.impl_4).
VERBOSE: Replacing 7 out of 7 node(s) with delegate (TfLiteXNNPackDelegate) node, yielding 1 partitions for subgraph 28 (odml.rms_norm.impl_10).
VERBOSE: Replacing 7 out of 7 node(s) with delegate (TfLiteXNNPackDelegate) node, yielding 1 partitions for subgraph 29 (odml.rms_norm.impl_11).
VERBOSE: Replacing 7 out of 7 node(s) with delegate (TfLiteXNNPackDelegate) node, yielding 1 partitions for subgraph 30 (odml.rms_norm.impl_12).
VERBOSE: Replacing 7 out of 7 node(s) with delegate (TfLiteXNNPackDelegate) node, yielding 1 partitions for subgraph 31 (odml.rms_norm.impl_13).
VERBOSE: Replacing 16 out of 18 node(s) with delegate (TfLiteXNNPackDelegate) node, yielding 2 partitions for subgraph 32 (odml.rope.impl_5).
VERBOSE: Replacing 16 out of 18 node(s) with delegate (TfLiteXNNPackDelegate) node, yielding 2 partitions for subgraph 33 (odml.rope.impl_6).
VERBOSE: Replacing 3 out of 6 node(s) with delegate (TfLiteXNNPackDelegate) node, yielding 3 partitions for subgraph 34 (odml.cache_update.impl_2).
VERBOSE: Replacing 2 out of 3 node(s) with delegate (TfLiteXNNPackDelegate) node, yielding 3 partitions for subgraph 35 (odml.runtime_bmm.impl_5).
VERBOSE: Replacing 2 out of 3 node(s) with delegate (TfLiteXNNPackDelegate) node, yielding 3 partitions for subgraph 36 (odml.runtime_bmm.impl_6).
VERBOSE: Replacing 7 out of 7 node(s) with delegate (TfLiteXNNPackDelegate) node, yielding 1 partitions for subgraph 37 (odml.rms_norm.impl_14).
VERBOSE: Replacing 7 out of 7 node(s) with delegate (TfLiteXNNPackDelegate) node, yielding 1 partitions for subgraph 38 (odml.rms_norm.impl_15).
VERBOSE: Replacing 7 out of 7 node(s) with delegate (TfLiteXNNPackDelegate) node, yielding 1 partitions for subgraph 39 (odml.rms_norm.impl_16).
VERBOSE: Replacing 7 out of 7 node(s) with delegate (TfLiteXNNPackDelegate) node, yielding 1 partitions for subgraph 40 (odml.rms_norm.impl_17).
VERBOSE: Replacing 16 out of 18 node(s) with delegate (TfLiteXNNPackDelegate) node, yielding 2 partitions for subgraph 41 (odml.rope.impl_7).
VERBOSE: Replacing 16 out of 18 node(s) with delegate (TfLiteXNNPackDelegate) node, yielding 2 partitions for subgraph 42 (odml.rope.impl_8).
VERBOSE: Replacing 3 out of 6 node(s) with delegate (TfLiteXNNPackDelegate) node, yielding 3 partitions for subgraph 43 (odml.cache_update.impl_3).
VERBOSE: Replacing 2 out of 3 node(s) with delegate (TfLiteXNNPackDelegate) node, yielding 3 partitions for subgraph 44 (odml.runtime_bmm.impl_7).
VERBOSE: Replacing 2 out of 3 node(s) with delegate (TfLiteXNNPackDelegate) node, yielding 3 partitions for subgraph 45 (odml.runtime_bmm.impl_8).
VERBOSE: Replacing 7 out of 7 node(s) with delegate (TfLiteXNNPackDelegate) node, yielding 1 partitions for subgraph 46 (odml.rms_norm.impl_18).
VERBOSE: Replacing 7 out of 7 node(s) with delegate (TfLiteXNNPackDelegate) node, yielding 1 partitions for subgraph 47 (odml.rms_norm.impl_19).
VERBOSE: Replacing 7 out of 7 node(s) with delegate (TfLiteXNNPackDelegate) node, yielding 1 partitions for subgraph 48 (odml.rms_norm.impl_20).
VERBOSE: Replacing 7 out of 7 node(s) with delegate (TfLiteXNNPackDelegate) node, yielding 1 partitions for subgraph 49 (odml.rms_norm.impl_21).
VERBOSE: Replacing 16 out of 18 node(s) with delegate (TfLiteXNNPackDelegate) node, yielding 2 partitions for subgraph 50 (odml.rope.impl_9).
VERBOSE: Replacing 16 out of 18 node(s) with delegate (TfLiteXNNPackDelegate) node, yielding 2 partitions for subgraph 51 (odml.rope.impl_10).
VERBOSE: Replacing 3 out of 6 node(s) with delegate (TfLiteXNNPackDelegate) node, yielding 3 partitions for subgraph 52 (odml.cache_update.impl_4).
VERBOSE: Replacing 2 out of 3 node(s) with delegate (TfLiteXNNPackDelegate) node, yielding 3 partitions for subgraph 53 (odml.runtime_bmm.impl_9).
VERBOSE: Replacing 2 out of 3 node(s) with delegate (TfLiteXNNPackDelegate) node, yielding 3 partitions for subgraph 54 (odml.runtime_bmm.impl_10).
VERBOSE: Replacing 7 out of 7 node(s) with delegate (TfLiteXNNPackDelegate) node, yielding 1 partitions for subgraph 55 (odml.rms_norm.impl_22).
VERBOSE: Replacing 7 out of 7 node(s) with delegate (TfLiteXNNPackDelegate) node, yielding 1 partitions for subgraph 56 (odml.rms_norm.impl_23).
VERBOSE: Replacing 7 out of 7 node(s) with delegate (TfLiteXNNPackDelegate) node, yielding 1 partitions for subgraph 57 (odml.rms_norm.impl_24).
VERBOSE: Replacing 7 out of 7 node(s) with delegate (TfLiteXNNPackDelegate) node, yielding 1 partitions for subgraph 58 (odml.rms_norm.impl_25).
VERBOSE: Replacing 16 out of 18 node(s) with delegate (TfLiteXNNPackDelegate) node, yielding 2 partitions for subgraph 59 (odml.rope.impl_11).
VERBOSE: Replacing 16 out of 18 node(s) with delegate (TfLiteXNNPackDelegate) node, yielding 2 partitions for subgraph 60 (odml.rope.impl_12).
VERBOSE: Replacing 3 out of 6 node(s) with delegate (TfLiteXNNPackDelegate) node, yielding 3 partitions for subgraph 61 (odml.cache_update.impl_5).
VERBOSE: Replacing 2 out of 3 node(s) with delegate (TfLiteXNNPackDelegate) node, yielding 3 partitions for subgraph 62 (odml.runtime_bmm.impl_11).
VERBOSE: Replacing 2 out of 3 node(s) with delegate (TfLiteXNNPackDelegate) node, yielding 3 partitions for subgraph 63 (odml.runtime_bmm.impl_12).
VERBOSE: Replacing 7 out of 7 node(s) with delegate (TfLiteXNNPackDelegate) node, yielding 1 partitions for subgraph 64 (odml.rms_norm.impl_26).
VERBOSE: Replacing 7 out of 7 node(s) with delegate (TfLiteXNNPackDelegate) node, yielding 1 partitions for subgraph 65 (odml.rms_norm.impl_27).
VERBOSE: Replacing 7 out of 7 node(s) with delegate (TfLiteXNNPackDelegate) node, yielding 1 partitions for subgraph 66 (odml.rms_norm.impl_28).
VERBOSE: Replacing 7 out of 7 node(s) with delegate (TfLiteXNNPackDelegate) node, yielding 1 partitions for subgraph 67 (odml.rms_norm.impl_29).
VERBOSE: Replacing 16 out of 18 node(s) with delegate (TfLiteXNNPackDelegate) node, yielding 2 partitions for subgraph 68 (odml.rope.impl_13).
VERBOSE: Replacing 16 out of 18 node(s) with delegate (TfLiteXNNPackDelegate) node, yielding 2 partitions for subgraph 69 (odml.rope.impl_14).
VERBOSE: Replacing 3 out of 6 node(s) with delegate (TfLiteXNNPackDelegate) node, yielding 3 partitions for subgraph 70 (odml.cache_update.impl_6).
VERBOSE: Replacing 2 out of 3 node(s) with delegate (TfLiteXNNPackDelegate) node, yielding 3 partitions for subgraph 71 (odml.runtime_bmm.impl_13).
VERBOSE: Replacing 2 out of 3 node(s) with delegate (TfLiteXNNPackDelegate) node, yielding 3 partitions for subgraph 72 (odml.runtime_bmm.impl_14).
VERBOSE: Replacing 7 out of 7 node(s) with delegate (TfLiteXNNPackDelegate) node, yielding 1 partitions for subgraph 73 (odml.rms_norm.impl_30).
VERBOSE: Replacing 7 out of 7 node(s) with delegate (TfLiteXNNPackDelegate) node, yielding 1 partitions for subgraph 74 (odml.rms_norm.impl_31).
VERBOSE: Replacing 7 out of 7 node(s) with delegate (TfLiteXNNPackDelegate) node, yielding 1 partitions for subgraph 75 (odml.rms_norm.impl_32).
VERBOSE: Replacing 7 out of 7 node(s) with delegate (TfLiteXNNPackDelegate) node, yielding 1 partitions for subgraph 76 (odml.rms_norm.impl_33).
VERBOSE: Replacing 16 out of 18 node(s) with delegate (TfLiteXNNPackDelegate) node, yielding 2 partitions for subgraph 77 (odml.rope.impl_15).
VERBOSE: Replacing 16 out of 18 node(s) with delegate (TfLiteXNNPackDelegate) node, yielding 2 partitions for subgraph 78 (odml.rope.impl_16).
VERBOSE: Replacing 3 out of 6 node(s) with delegate (TfLiteXNNPackDelegate) node, yielding 3 partitions for subgraph 79 (odml.cache_update.impl_7).
VERBOSE: Replacing 2 out of 3 node(s) with delegate (TfLiteXNNPackDelegate) node, yielding 3 partitions for subgraph 80 (odml.runtime_bmm.impl_15).
VERBOSE: Replacing 2 out of 3 node(s) with delegate (TfLiteXNNPackDelegate) node, yielding 3 partitions for subgraph 81 (odml.runtime_bmm.impl_16).
VERBOSE: Replacing 7 out of 7 node(s) with delegate (TfLiteXNNPackDelegate) node, yielding 1 partitions for subgraph 82 (odml.rms_norm.impl_34).
VERBOSE: Replacing 7 out of 7 node(s) with delegate (TfLiteXNNPackDelegate) node, yielding 1 partitions for subgraph 83 (odml.rms_norm.impl_35).
VERBOSE: Replacing 7 out of 7 node(s) with delegate (TfLiteXNNPackDelegate) node, yielding 1 partitions for subgraph 84 (odml.rms_norm.impl_36).
VERBOSE: Replacing 7 out of 7 node(s) with delegate (TfLiteXNNPackDelegate) node, yielding 1 partitions for subgraph 85 (odml.rms_norm.impl_37).
VERBOSE: Replacing 16 out of 18 node(s) with delegate (TfLiteXNNPackDelegate) node, yielding 2 partitions for subgraph 86 (odml.rope.impl_17).
VERBOSE: Replacing 16 out of 18 node(s) with delegate (TfLiteXNNPackDelegate) node, yielding 2 partitions for subgraph 87 (odml.rope.impl_18).
VERBOSE: Replacing 3 out of 6 node(s) with delegate (TfLiteXNNPackDelegate) node, yielding 3 partitions for subgraph 88 (odml.cache_update.impl_8).
VERBOSE: Replacing 2 out of 3 node(s) with delegate (TfLiteXNNPackDelegate) node, yielding 3 partitions for subgraph 89 (odml.runtime_bmm.impl_17).
VERBOSE: Replacing 2 out of 3 node(s) with delegate (TfLiteXNNPackDelegate) node, yielding 3 partitions for subgraph 90 (odml.runtime_bmm.impl_18).
VERBOSE: Replacing 7 out of 7 node(s) with delegate (TfLiteXNNPackDelegate) node, yielding 1 partitions for subgraph 91 (odml.rms_norm.impl_38).
VERBOSE: Replacing 7 out of 7 node(s) with delegate (TfLiteXNNPackDelegate) node, yielding 1 partitions for subgraph 92 (odml.rms_norm.impl_39).
VERBOSE: Replacing 7 out of 7 node(s) with delegate (TfLiteXNNPackDelegate) node, yielding 1 partitions for subgraph 93 (odml.rms_norm.impl_40).
VERBOSE: Replacing 7 out of 7 node(s) with delegate (TfLiteXNNPackDelegate) node, yielding 1 partitions for subgraph 94 (odml.rms_norm.impl_41).
VERBOSE: Replacing 16 out of 18 node(s) with delegate (TfLiteXNNPackDelegate) node, yielding 2 partitions for subgraph 95 (odml.rope.impl_19).
VERBOSE: Replacing 16 out of 18 node(s) with delegate (TfLiteXNNPackDelegate) node, yielding 2 partitions for subgraph 96 (odml.rope.impl_20).
VERBOSE: Replacing 3 out of 6 node(s) with delegate (TfLiteXNNPackDelegate) node, yielding 3 partitions for subgraph 97 (odml.cache_update.impl_9).
VERBOSE: Replacing 2 out of 3 node(s) with delegate (TfLiteXNNPackDelegate) node, yielding 3 partitions for subgraph 98 (odml.runtime_bmm.impl_19).
VERBOSE: Replacing 2 out of 3 node(s) with delegate (TfLiteXNNPackDelegate) node, yielding 3 partitions for subgraph 99 (odml.runtime_bmm.impl_20).
VERBOSE: Replacing 7 out of 7 node(s) with delegate (TfLiteXNNPackDelegate) node, yielding 1 partitions for subgraph 100 (odml.rms_norm.impl_42).
VERBOSE: Replacing 7 out of 7 node(s) with delegate (TfLiteXNNPackDelegate) node, yielding 1 partitions for subgraph 101 (odml.rms_norm.impl_43).
VERBOSE: Replacing 7 out of 7 node(s) with delegate (TfLiteXNNPackDelegate) node, yielding 1 partitions for subgraph 102 (odml.rms_norm.impl_44).
VERBOSE: Replacing 7 out of 7 node(s) with delegate (TfLiteXNNPackDelegate) node, yielding 1 partitions for subgraph 103 (odml.rms_norm.impl_45).
VERBOSE: Replacing 16 out of 18 node(s) with delegate (TfLiteXNNPackDelegate) node, yielding 2 partitions for subgraph 104 (odml.rope.impl_21).
VERBOSE: Replacing 16 out of 18 node(s) with delegate (TfLiteXNNPackDelegate) node, yielding 2 partitions for subgraph 105 (odml.rope.impl_22).
VERBOSE: Replacing 3 out of 6 node(s) with delegate (TfLiteXNNPackDelegate) node, yielding 3 partitions for subgraph 106 (odml.cache_update.impl_10).
VERBOSE: Replacing 2 out of 3 node(s) with delegate (TfLiteXNNPackDelegate) node, yielding 3 partitions for subgraph 107 (odml.runtime_bmm.impl_21).
VERBOSE: Replacing 2 out of 3 node(s) with delegate (TfLiteXNNPackDelegate) node, yielding 3 partitions for subgraph 108 (odml.runtime_bmm.impl_22).
VERBOSE: Replacing 7 out of 7 node(s) with delegate (TfLiteXNNPackDelegate) node, yielding 1 partitions for subgraph 109 (odml.rms_norm.impl_46).
VERBOSE: Replacing 7 out of 7 node(s) with delegate (TfLiteXNNPackDelegate) node, yielding 1 partitions for subgraph 110 (odml.rms_norm.impl_47).
VERBOSE: Replacing 7 out of 7 node(s) with delegate (TfLiteXNNPackDelegate) node, yielding 1 partitions for subgraph 111 (odml.rms_norm.impl_48).
VERBOSE: Replacing 7 out of 7 node(s) with delegate (TfLiteXNNPackDelegate) node, yielding 1 partitions for subgraph 112 (odml.rms_norm.impl_49).
VERBOSE: Replacing 16 out of 18 node(s) with delegate (TfLiteXNNPackDelegate) node, yielding 2 partitions for subgraph 113 (odml.rope.impl_23).
VERBOSE: Replacing 16 out of 18 node(s) with delegate (TfLiteXNNPackDelegate) node, yielding 2 partitions for subgraph 114 (odml.rope.impl_24).
VERBOSE: Replacing 3 out of 6 node(s) with delegate (TfLiteXNNPackDelegate) node, yielding 3 partitions for subgraph 115 (odml.cache_update.impl_11).
VERBOSE: Replacing 2 out of 3 node(s) with delegate (TfLiteXNNPackDelegate) node, yielding 3 partitions for subgraph 116 (odml.runtime_bmm.impl_23).
VERBOSE: Replacing 2 out of 3 node(s) with delegate (TfLiteXNNPackDelegate) node, yielding 3 partitions for subgraph 117 (odml.runtime_bmm.impl_24).
VERBOSE: Replacing 7 out of 7 node(s) with delegate (TfLiteXNNPackDelegate) node, yielding 1 partitions for subgraph 118 (odml.rms_norm.impl_50).
VERBOSE: Replacing 7 out of 7 node(s) with delegate (TfLiteXNNPackDelegate) node, yielding 1 partitions for subgraph 119 (odml.rms_norm.impl_51).
VERBOSE: Replacing 7 out of 7 node(s) with delegate (TfLiteXNNPackDelegate) node, yielding 1 partitions for subgraph 120 (odml.rms_norm.impl_52).
VERBOSE: Replacing 7 out of 7 node(s) with delegate (TfLiteXNNPackDelegate) node, yielding 1 partitions for subgraph 121 (odml.rms_norm.impl_53).
VERBOSE: Replacing 16 out of 18 node(s) with delegate (TfLiteXNNPackDelegate) node, yielding 2 partitions for subgraph 122 (odml.rope.impl_25).
VERBOSE: Replacing 16 out of 18 node(s) with delegate (TfLiteXNNPackDelegate) node, yielding 2 partitions for subgraph 123 (odml.rope.impl_26).
VERBOSE: Replacing 3 out of 6 node(s) with delegate (TfLiteXNNPackDelegate) node, yielding 3 partitions for subgraph 124 (odml.cache_update.impl_12).
VERBOSE: Replacing 2 out of 3 node(s) with delegate (TfLiteXNNPackDelegate) node, yielding 3 partitions for subgraph 125 (odml.runtime_bmm.impl_25).
VERBOSE: Replacing 2 out of 3 node(s) with delegate (TfLiteXNNPackDelegate) node, yielding 3 partitions for subgraph 126 (odml.runtime_bmm.impl_26).
VERBOSE: Replacing 7 out of 7 node(s) with delegate (TfLiteXNNPackDelegate) node, yielding 1 partitions for subgraph 127 (odml.rms_norm.impl_54).
VERBOSE: Replacing 7 out of 7 node(s) with delegate (TfLiteXNNPackDelegate) node, yielding 1 partitions for subgraph 128 (odml.rms_norm.impl_55).
VERBOSE: Replacing 7 out of 7 node(s) with delegate (TfLiteXNNPackDelegate) node, yielding 1 partitions for subgraph 129 (odml.rms_norm.impl_56).
VERBOSE: Replacing 7 out of 7 node(s) with delegate (TfLiteXNNPackDelegate) node, yielding 1 partitions for subgraph 130 (odml.rms_norm.impl_57).
VERBOSE: Replacing 16 out of 18 node(s) with delegate (TfLiteXNNPackDelegate) node, yielding 2 partitions for subgraph 131 (odml.rope.impl_27).
VERBOSE: Replacing 16 out of 18 node(s) with delegate (TfLiteXNNPackDelegate) node, yielding 2 partitions for subgraph 132 (odml.rope.impl_28).
VERBOSE: Replacing 3 out of 6 node(s) with delegate (TfLiteXNNPackDelegate) node, yielding 3 partitions for subgraph 133 (odml.cache_update.impl_13).
VERBOSE: Replacing 2 out of 3 node(s) with delegate (TfLiteXNNPackDelegate) node, yielding 3 partitions for subgraph 134 (odml.runtime_bmm.impl_27).
VERBOSE: Replacing 2 out of 3 node(s) with delegate (TfLiteXNNPackDelegate) node, yielding 3 partitions for subgraph 135 (odml.runtime_bmm.impl_28).
VERBOSE: Replacing 7 out of 7 node(s) with delegate (TfLiteXNNPackDelegate) node, yielding 1 partitions for subgraph 136 (odml.rms_norm.impl_58).
VERBOSE: Replacing 7 out of 7 node(s) with delegate (TfLiteXNNPackDelegate) node, yielding 1 partitions for subgraph 137 (odml.rms_norm.impl_59).
VERBOSE: Replacing 7 out of 7 node(s) with delegate (TfLiteXNNPackDelegate) node, yielding 1 partitions for subgraph 138 (odml.rms_norm.impl_60).
VERBOSE: Replacing 7 out of 7 node(s) with delegate (TfLiteXNNPackDelegate) node, yielding 1 partitions for subgraph 139 (odml.rms_norm.impl_61).
VERBOSE: Replacing 16 out of 18 node(s) with delegate (TfLiteXNNPackDelegate) node, yielding 2 partitions for subgraph 140 (odml.rope.impl_29).
VERBOSE: Replacing 16 out of 18 node(s) with delegate (TfLiteXNNPackDelegate) node, yielding 2 partitions for subgraph 141 (odml.rope.impl_30).
VERBOSE: Replacing 3 out of 6 node(s) with delegate (TfLiteXNNPackDelegate) node, yielding 3 partitions for subgraph 142 (odml.cache_update.impl_14).
VERBOSE: Replacing 2 out of 3 node(s) with delegate (TfLiteXNNPackDelegate) node, yielding 3 partitions for subgraph 143 (odml.runtime_bmm.impl_29).
VERBOSE: Replacing 2 out of 3 node(s) with delegate (TfLiteXNNPackDelegate) node, yielding 3 partitions for subgraph 144 (odml.runtime_bmm.impl_30).
VERBOSE: Replacing 7 out of 7 node(s) with delegate (TfLiteXNNPackDelegate) node, yielding 1 partitions for subgraph 145 (odml.rms_norm.impl_62).
VERBOSE: Replacing 7 out of 7 node(s) with delegate (TfLiteXNNPackDelegate) node, yielding 1 partitions for subgraph 146 (odml.rms_norm.impl_63).
VERBOSE: Replacing 7 out of 7 node(s) with delegate (TfLiteXNNPackDelegate) node, yielding 1 partitions for subgraph 147 (odml.rms_norm.impl_64).
VERBOSE: Replacing 7 out of 7 node(s) with delegate (TfLiteXNNPackDelegate) node, yielding 1 partitions for subgraph 148 (odml.rms_norm.impl_65).
VERBOSE: Replacing 16 out of 18 node(s) with delegate (TfLiteXNNPackDelegate) node, yielding 2 partitions for subgraph 149 (odml.rope.impl_31).
VERBOSE: Replacing 16 out of 18 node(s) with delegate (TfLiteXNNPackDelegate) node, yielding 2 partitions for subgraph 150 (odml.rope.impl_32).
VERBOSE: Replacing 3 out of 6 node(s) with delegate (TfLiteXNNPackDelegate) node, yielding 3 partitions for subgraph 151 (odml.cache_update.impl_15).
VERBOSE: Replacing 2 out of 3 node(s) with delegate (TfLiteXNNPackDelegate) node, yielding 3 partitions for subgraph 152 (odml.runtime_bmm.impl_31).
VERBOSE: Replacing 2 out of 3 node(s) with delegate (TfLiteXNNPackDelegate) node, yielding 3 partitions for subgraph 153 (odml.runtime_bmm.impl_32).
VERBOSE: Replacing 7 out of 7 node(s) with delegate (TfLiteXNNPackDelegate) node, yielding 1 partitions for subgraph 154 (odml.rms_norm.impl_66).
VERBOSE: Replacing 7 out of 7 node(s) with delegate (TfLiteXNNPackDelegate) node, yielding 1 partitions for subgraph 155 (odml.rms_norm.impl_67).
VERBOSE: Replacing 7 out of 7 node(s) with delegate (TfLiteXNNPackDelegate) node, yielding 1 partitions for subgraph 156 (odml.rms_norm.impl_68).
VERBOSE: Replacing 7 out of 7 node(s) with delegate (TfLiteXNNPackDelegate) node, yielding 1 partitions for subgraph 157 (odml.rms_norm.impl_69).
VERBOSE: Replacing 16 out of 18 node(s) with delegate (TfLiteXNNPackDelegate) node, yielding 2 partitions for subgraph 158 (odml.rope.impl_33).
VERBOSE: Replacing 16 out of 18 node(s) with delegate (TfLiteXNNPackDelegate) node, yielding 2 partitions for subgraph 159 (odml.rope.impl_34).
VERBOSE: Replacing 3 out of 6 node(s) with delegate (TfLiteXNNPackDelegate) node, yielding 3 partitions for subgraph 160 (odml.cache_update.impl_16).
VERBOSE: Replacing 2 out of 3 node(s) with delegate (TfLiteXNNPackDelegate) node, yielding 3 partitions for subgraph 161 (odml.runtime_bmm.impl_33).
VERBOSE: Replacing 2 out of 3 node(s) with delegate (TfLiteXNNPackDelegate) node, yielding 3 partitions for subgraph 162 (odml.runtime_bmm.impl_34).
VERBOSE: Replacing 7 out of 7 node(s) with delegate (TfLiteXNNPackDelegate) node, yielding 1 partitions for subgraph 163 (odml.rms_norm.impl_70).
VERBOSE: Replacing 7 out of 7 node(s) with delegate (TfLiteXNNPackDelegate) node, yielding 1 partitions for subgraph 164 (odml.rms_norm.impl_71).
VERBOSE: Replacing 7 out of 7 node(s) with delegate (TfLiteXNNPackDelegate) node, yielding 1 partitions for subgraph 165 (odml.rms_norm.impl_72).
VERBOSE: Replacing 7 out of 7 node(s) with delegate (TfLiteXNNPackDelegate) node, yielding 1 partitions for subgraph 166 (odml.rms_norm.impl_73).
VERBOSE: Replacing 16 out of 18 node(s) with delegate (TfLiteXNNPackDelegate) node, yielding 2 partitions for subgraph 167 (odml.rope.impl_35).
VERBOSE: Replacing 16 out of 18 node(s) with delegate (TfLiteXNNPackDelegate) node, yielding 2 partitions for subgraph 168 (odml.rope.impl_36).
VERBOSE: Replacing 3 out of 6 node(s) with delegate (TfLiteXNNPackDelegate) node, yielding 3 partitions for subgraph 169 (odml.cache_update.impl_17).
VERBOSE: Replacing 2 out of 3 node(s) with delegate (TfLiteXNNPackDelegate) node, yielding 3 partitions for subgraph 170 (odml.runtime_bmm.impl_35).
VERBOSE: Replacing 2 out of 3 node(s) with delegate (TfLiteXNNPackDelegate) node, yielding 3 partitions for subgraph 171 (odml.runtime_bmm.impl_36).
VERBOSE: Replacing 7 out of 7 node(s) with delegate (TfLiteXNNPackDelegate) node, yielding 1 partitions for subgraph 172 (odml.rms_norm.impl_74).
VERBOSE: Replacing 7 out of 7 node(s) with delegate (TfLiteXNNPackDelegate) node, yielding 1 partitions for subgraph 173 (odml.rms_norm.impl_75).
VERBOSE: Replacing 7 out of 7 node(s) with delegate (TfLiteXNNPackDelegate) node, yielding 1 partitions for subgraph 174 (odml.rms_norm.impl_76).
VERBOSE: Replacing 7 out of 7 node(s) with delegate (TfLiteXNNPackDelegate) node, yielding 1 partitions for subgraph 175 (odml.rms_norm.impl_77).
VERBOSE: Replacing 16 out of 18 node(s) with delegate (TfLiteXNNPackDelegate) node, yielding 2 partitions for subgraph 176 (odml.rope.impl_37).
VERBOSE: Replacing 16 out of 18 node(s) with delegate (TfLiteXNNPackDelegate) node, yielding 2 partitions for subgraph 177 (odml.rope.impl_38).
VERBOSE: Replacing 3 out of 6 node(s) with delegate (TfLiteXNNPackDelegate) node, yielding 3 partitions for subgraph 178 (odml.cache_update.impl_18).
VERBOSE: Replacing 2 out of 3 node(s) with delegate (TfLiteXNNPackDelegate) node, yielding 3 partitions for subgraph 179 (odml.runtime_bmm.impl_37).
VERBOSE: Replacing 2 out of 3 node(s) with delegate (TfLiteXNNPackDelegate) node, yielding 3 partitions for subgraph 180 (odml.runtime_bmm.impl_38).
VERBOSE: Replacing 7 out of 7 node(s) with delegate (TfLiteXNNPackDelegate) node, yielding 1 partitions for subgraph 181 (odml.rms_norm.impl_78).
VERBOSE: Replacing 7 out of 7 node(s) with delegate (TfLiteXNNPackDelegate) node, yielding 1 partitions for subgraph 182 (odml.rms_norm.impl_79).
VERBOSE: Replacing 7 out of 7 node(s) with delegate (TfLiteXNNPackDelegate) node, yielding 1 partitions for subgraph 183 (odml.rms_norm.impl_80).
VERBOSE: Replacing 7 out of 7 node(s) with delegate (TfLiteXNNPackDelegate) node, yielding 1 partitions for subgraph 184 (odml.rms_norm.impl_81).
VERBOSE: Replacing 16 out of 18 node(s) with delegate (TfLiteXNNPackDelegate) node, yielding 2 partitions for subgraph 185 (odml.rope.impl_39).
VERBOSE: Replacing 16 out of 18 node(s) with delegate (TfLiteXNNPackDelegate) node, yielding 2 partitions for subgraph 186 (odml.rope.impl_40).
VERBOSE: Replacing 3 out of 6 node(s) with delegate (TfLiteXNNPackDelegate) node, yielding 3 partitions for subgraph 187 (odml.cache_update.impl_19).
VERBOSE: Replacing 2 out of 3 node(s) with delegate (TfLiteXNNPackDelegate) node, yielding 3 partitions for subgraph 188 (odml.runtime_bmm.impl_39).
VERBOSE: Replacing 2 out of 3 node(s) with delegate (TfLiteXNNPackDelegate) node, yielding 3 partitions for subgraph 189 (odml.runtime_bmm.impl_40).
VERBOSE: Replacing 7 out of 7 node(s) with delegate (TfLiteXNNPackDelegate) node, yielding 1 partitions for subgraph 190 (odml.rms_norm.impl_82).
VERBOSE: Replacing 7 out of 7 node(s) with delegate (TfLiteXNNPackDelegate) node, yielding 1 partitions for subgraph 191 (odml.rms_norm.impl_83).
VERBOSE: Replacing 7 out of 7 node(s) with delegate (TfLiteXNNPackDelegate) node, yielding 1 partitions for subgraph 192 (odml.rms_norm.impl_84).
VERBOSE: Replacing 7 out of 7 node(s) with delegate (TfLiteXNNPackDelegate) node, yielding 1 partitions for subgraph 193 (odml.rms_norm.impl_85).
VERBOSE: Replacing 16 out of 18 node(s) with delegate (TfLiteXNNPackDelegate) node, yielding 2 partitions for subgraph 194 (odml.rope.impl_41).
VERBOSE: Replacing 16 out of 18 node(s) with delegate (TfLiteXNNPackDelegate) node, yielding 2 partitions for subgraph 195 (odml.rope.impl_42).
VERBOSE: Replacing 3 out of 6 node(s) with delegate (TfLiteXNNPackDelegate) node, yielding 3 partitions for subgraph 196 (odml.cache_update.impl_20).
VERBOSE: Replacing 2 out of 3 node(s) with delegate (TfLiteXNNPackDelegate) node, yielding 3 partitions for subgraph 197 (odml.runtime_bmm.impl_41).
VERBOSE: Replacing 2 out of 3 node(s) with delegate (TfLiteXNNPackDelegate) node, yielding 3 partitions for subgraph 198 (odml.runtime_bmm.impl_42).
VERBOSE: Replacing 7 out of 7 node(s) with delegate (TfLiteXNNPackDelegate) node, yielding 1 partitions for subgraph 199 (odml.rms_norm.impl_86).
VERBOSE: Replacing 7 out of 7 node(s) with delegate (TfLiteXNNPackDelegate) node, yielding 1 partitions for subgraph 200 (odml.rms_norm.impl_87).
VERBOSE: Replacing 7 out of 7 node(s) with delegate (TfLiteXNNPackDelegate) node, yielding 1 partitions for subgraph 201 (odml.rms_norm.impl_88).
VERBOSE: Replacing 7 out of 7 node(s) with delegate (TfLiteXNNPackDelegate) node, yielding 1 partitions for subgraph 202 (odml.rms_norm.impl_89).
VERBOSE: Replacing 16 out of 18 node(s) with delegate (TfLiteXNNPackDelegate) node, yielding 2 partitions for subgraph 203 (odml.rope.impl_43).
VERBOSE: Replacing 16 out of 18 node(s) with delegate (TfLiteXNNPackDelegate) node, yielding 2 partitions for subgraph 204 (odml.rope.impl_44).
VERBOSE: Replacing 3 out of 6 node(s) with delegate (TfLiteXNNPackDelegate) node, yielding 3 partitions for subgraph 205 (odml.cache_update.impl_21).
VERBOSE: Replacing 2 out of 3 node(s) with delegate (TfLiteXNNPackDelegate) node, yielding 3 partitions for subgraph 206 (odml.runtime_bmm.impl_43).
VERBOSE: Replacing 2 out of 3 node(s) with delegate (TfLiteXNNPackDelegate) node, yielding 3 partitions for subgraph 207 (odml.runtime_bmm.impl_44).
VERBOSE: Replacing 7 out of 7 node(s) with delegate (TfLiteXNNPackDelegate) node, yielding 1 partitions for subgraph 208 (odml.rms_norm.impl_90).
VERBOSE: Replacing 7 out of 7 node(s) with delegate (TfLiteXNNPackDelegate) node, yielding 1 partitions for subgraph 209 (odml.rms_norm.impl_91).
VERBOSE: Replacing 7 out of 7 node(s) with delegate (TfLiteXNNPackDelegate) node, yielding 1 partitions for subgraph 210 (odml.rms_norm.impl_92).
VERBOSE: Replacing 7 out of 7 node(s) with delegate (TfLiteXNNPackDelegate) node, yielding 1 partitions for subgraph 211 (odml.rms_norm.impl_93).
VERBOSE: Replacing 16 out of 18 node(s) with delegate (TfLiteXNNPackDelegate) node, yielding 2 partitions for subgraph 212 (odml.rope.impl_45).
VERBOSE: Replacing 16 out of 18 node(s) with delegate (TfLiteXNNPackDelegate) node, yielding 2 partitions for subgraph 213 (odml.rope.impl_46).
VERBOSE: Replacing 3 out of 6 node(s) with delegate (TfLiteXNNPackDelegate) node, yielding 3 partitions for subgraph 214 (odml.cache_update.impl_22).
VERBOSE: Replacing 2 out of 3 node(s) with delegate (TfLiteXNNPackDelegate) node, yielding 3 partitions for subgraph 215 (odml.runtime_bmm.impl_45).
VERBOSE: Replacing 2 out of 3 node(s) with delegate (TfLiteXNNPackDelegate) node, yielding 3 partitions for subgraph 216 (odml.runtime_bmm.impl_46).
VERBOSE: Replacing 7 out of 7 node(s) with delegate (TfLiteXNNPackDelegate) node, yielding 1 partitions for subgraph 217 (odml.rms_norm.impl_94).
VERBOSE: Replacing 7 out of 7 node(s) with delegate (TfLiteXNNPackDelegate) node, yielding 1 partitions for subgraph 218 (odml.rms_norm.impl_95).
VERBOSE: Replacing 7 out of 7 node(s) with delegate (TfLiteXNNPackDelegate) node, yielding 1 partitions for subgraph 219 (odml.rms_norm.impl_96).
VERBOSE: Replacing 7 out of 7 node(s) with delegate (TfLiteXNNPackDelegate) node, yielding 1 partitions for subgraph 220 (odml.rms_norm.impl_97).
VERBOSE: Replacing 16 out of 18 node(s) with delegate (TfLiteXNNPackDelegate) node, yielding 2 partitions for subgraph 221 (odml.rope.impl_47).
VERBOSE: Replacing 16 out of 18 node(s) with delegate (TfLiteXNNPackDelegate) node, yielding 2 partitions for subgraph 222 (odml.rope.impl_48).
VERBOSE: Replacing 3 out of 6 node(s) with delegate (TfLiteXNNPackDelegate) node, yielding 3 partitions for subgraph 223 (odml.cache_update.impl_23).
VERBOSE: Replacing 2 out of 3 node(s) with delegate (TfLiteXNNPackDelegate) node, yielding 3 partitions for subgraph 224 (odml.runtime_bmm.impl_47).
VERBOSE: Replacing 2 out of 3 node(s) with delegate (TfLiteXNNPackDelegate) node, yielding 3 partitions for subgraph 225 (odml.runtime_bmm.impl_48).
VERBOSE: Replacing 7 out of 7 node(s) with delegate (TfLiteXNNPackDelegate) node, yielding 1 partitions for subgraph 226 (odml.rms_norm.impl_98).
VERBOSE: Replacing 7 out of 7 node(s) with delegate (TfLiteXNNPackDelegate) node, yielding 1 partitions for subgraph 227 (odml.rms_norm.impl_99).
VERBOSE: Replacing 7 out of 7 node(s) with delegate (TfLiteXNNPackDelegate) node, yielding 1 partitions for subgraph 228 (odml.rms_norm.impl_100).
VERBOSE: Replacing 7 out of 7 node(s) with delegate (TfLiteXNNPackDelegate) node, yielding 1 partitions for subgraph 229 (odml.rms_norm.impl_101).
VERBOSE: Replacing 16 out of 18 node(s) with delegate (TfLiteXNNPackDelegate) node, yielding 2 partitions for subgraph 230 (odml.rope.impl_49).
VERBOSE: Replacing 16 out of 18 node(s) with delegate (TfLiteXNNPackDelegate) node, yielding 2 partitions for subgraph 231 (odml.rope.impl_50).
VERBOSE: Replacing 3 out of 6 node(s) with delegate (TfLiteXNNPackDelegate) node, yielding 3 partitions for subgraph 232 (odml.cache_update.impl_24).
VERBOSE: Replacing 2 out of 3 node(s) with delegate (TfLiteXNNPackDelegate) node, yielding 3 partitions for subgraph 233 (odml.runtime_bmm.impl_49).
VERBOSE: Replacing 2 out of 3 node(s) with delegate (TfLiteXNNPackDelegate) node, yielding 3 partitions for subgraph 234 (odml.runtime_bmm.impl_50).
VERBOSE: Replacing 7 out of 7 node(s) with delegate (TfLiteXNNPackDelegate) node, yielding 1 partitions for subgraph 235 (odml.rms_norm.impl_102).
VERBOSE: Replacing 7 out of 7 node(s) with delegate (TfLiteXNNPackDelegate) node, yielding 1 partitions for subgraph 236 (odml.rms_norm.impl_103).
VERBOSE: Replacing 7 out of 7 node(s) with delegate (TfLiteXNNPackDelegate) node, yielding 1 partitions for subgraph 237 (odml.rms_norm.impl_104).
VERBOSE: Replacing 7 out of 7 node(s) with delegate (TfLiteXNNPackDelegate) node, yielding 1 partitions for subgraph 238 (odml.rms_norm.impl_105).
VERBOSE: Replacing 16 out of 18 node(s) with delegate (TfLiteXNNPackDelegate) node, yielding 2 partitions for subgraph 239 (odml.rope.impl_51).
VERBOSE: Replacing 16 out of 18 node(s) with delegate (TfLiteXNNPackDelegate) node, yielding 2 partitions for subgraph 240 (odml.rope.impl_52).
VERBOSE: Replacing 3 out of 6 node(s) with delegate (TfLiteXNNPackDelegate) node, yielding 3 partitions for subgraph 241 (odml.cache_update.impl_25).
VERBOSE: Replacing 2 out of 3 node(s) with delegate (TfLiteXNNPackDelegate) node, yielding 3 partitions for subgraph 242 (odml.runtime_bmm.impl_51).
VERBOSE: Replacing 2 out of 3 node(s) with delegate (TfLiteXNNPackDelegate) node, yielding 3 partitions for subgraph 243 (odml.runtime_bmm.impl_52).
VERBOSE: Replacing 7 out of 7 node(s) with delegate (TfLiteXNNPackDelegate) node, yielding 1 partitions for subgraph 244 (odml.rms_norm.impl_106).
VERBOSE: Replacing 7 out of 7 node(s) with delegate (TfLiteXNNPackDelegate) node, yielding 1 partitions for subgraph 245 (odml.rms_norm.impl_107).
VERBOSE: Replacing 7 out of 7 node(s) with delegate (TfLiteXNNPackDelegate) node, yielding 1 partitions for subgraph 246 (odml.rms_norm.impl_108).
VERBOSE: Replacing 7 out of 7 node(s) with delegate (TfLiteXNNPackDelegate) node, yielding 1 partitions for subgraph 247 (odml.rms_norm.impl_109).
VERBOSE: Replacing 16 out of 18 node(s) with delegate (TfLiteXNNPackDelegate) node, yielding 2 partitions for subgraph 248 (odml.rope.impl_53).
VERBOSE: Replacing 16 out of 18 node(s) with delegate (TfLiteXNNPackDelegate) node, yielding 2 partitions for subgraph 249 (odml.rope.impl_54).
VERBOSE: Replacing 3 out of 6 node(s) with delegate (TfLiteXNNPackDelegate) node, yielding 3 partitions for subgraph 250 (odml.cache_update.impl_26).
VERBOSE: Replacing 2 out of 3 node(s) with delegate (TfLiteXNNPackDelegate) node, yielding 3 partitions for subgraph 251 (odml.runtime_bmm.impl_53).
VERBOSE: Replacing 2 out of 3 node(s) with delegate (TfLiteXNNPackDelegate) node, yielding 3 partitions for subgraph 252 (odml.runtime_bmm.impl_54).
VERBOSE: Replacing 7 out of 7 node(s) with delegate (TfLiteXNNPackDelegate) node, yielding 1 partitions for subgraph 253 (odml.rms_norm.impl_110).
VERBOSE: Replacing 7 out of 7 node(s) with delegate (TfLiteXNNPackDelegate) node, yielding 1 partitions for subgraph 254 (odml.rms_norm.impl_111).
VERBOSE: Replacing 6 out of 6 node(s) with delegate (TfLiteXNNPackDelegate) node, yielding 1 partitions for subgraph 255 (odml.rms_norm.impl_112).
VERBOSE: Replacing 7 out of 7 node(s) with delegate (TfLiteXNNPackDelegate) node, yielding 1 partitions for subgraph 256 (odml.rms_norm.impl_113).
VERBOSE: Replacing 7 out of 7 node(s) with delegate (TfLiteXNNPackDelegate) node, yielding 1 partitions for subgraph 257 (odml.rms_norm.impl_114).
VERBOSE: Replacing 14 out of 16 node(s) with delegate (TfLiteXNNPackDelegate) node, yielding 2 partitions for subgraph 258 (odml.rope.impl_55).
VERBOSE: Replacing 14 out of 16 node(s) with delegate (TfLiteXNNPackDelegate) node, yielding 2 partitions for subgraph 259 (odml.rope.impl_56).
VERBOSE: Replacing 3 out of 6 node(s) with delegate (TfLiteXNNPackDelegate) node, yielding 3 partitions for subgraph 260 (odml.cache_update.impl_27).
VERBOSE: Replacing 2 out of 3 node(s) with delegate (TfLiteXNNPackDelegate) node, yielding 3 partitions for subgraph 261 (odml.runtime_bmm.impl_55).
VERBOSE: Replacing 2 out of 3 node(s) with delegate (TfLiteXNNPackDelegate) node, yielding 3 partitions for subgraph 262 (odml.runtime_bmm.impl_56).
VERBOSE: Replacing 6 out of 6 node(s) with delegate (TfLiteXNNPackDelegate) node, yielding 1 partitions for subgraph 263 (odml.rms_norm.impl_115).
VERBOSE: Replacing 6 out of 6 node(s) with delegate (TfLiteXNNPackDelegate) node, yielding 1 partitions for subgraph 264 (odml.rms_norm.impl_116).
VERBOSE: Replacing 7 out of 7 node(s) with delegate (TfLiteXNNPackDelegate) node, yielding 1 partitions for subgraph 265 (odml.rms_norm.impl_117).
VERBOSE: Replacing 7 out of 7 node(s) with delegate (TfLiteXNNPackDelegate) node, yielding 1 partitions for subgraph 266 (odml.rms_norm.impl_118).
VERBOSE: Replacing 14 out of 16 node(s) with delegate (TfLiteXNNPackDelegate) node, yielding 2 partitions for subgraph 267 (odml.rope.impl_57).
VERBOSE: Replacing 14 out of 16 node(s) with delegate (TfLiteXNNPackDelegate) node, yielding 2 partitions for subgraph 268 (odml.rope.impl_58).
VERBOSE: Replacing 3 out of 6 node(s) with delegate (TfLiteXNNPackDelegate) node, yielding 3 partitions for subgraph 269 (odml.cache_update.impl_28).
VERBOSE: Replacing 2 out of 3 node(s) with delegate (TfLiteXNNPackDelegate) node, yielding 3 partitions for subgraph 270 (odml.runtime_bmm.impl_57).
VERBOSE: Replacing 2 out of 3 node(s) with delegate (TfLiteXNNPackDelegate) node, yielding 3 partitions for subgraph 271 (odml.runtime_bmm.impl_58).
VERBOSE: Replacing 6 out of 6 node(s) with delegate (TfLiteXNNPackDelegate) node, yielding 1 partitions for subgraph 272 (odml.rms_norm.impl_119).
VERBOSE: Replacing 6 out of 6 node(s) with delegate (TfLiteXNNPackDelegate) node, yielding 1 partitions for subgraph 273 (odml.rms_norm.impl_120).
VERBOSE: Replacing 7 out of 7 node(s) with delegate (TfLiteXNNPackDelegate) node, yielding 1 partitions for subgraph 274 (odml.rms_norm.impl_121).
VERBOSE: Replacing 7 out of 7 node(s) with delegate (TfLiteXNNPackDelegate) node, yielding 1 partitions for subgraph 275 (odml.rms_norm.impl_122).
VERBOSE: Replacing 14 out of 16 node(s) with delegate (TfLiteXNNPackDelegate) node, yielding 2 partitions for subgraph 276 (odml.rope.impl_59).
VERBOSE: Replacing 14 out of 16 node(s) with delegate (TfLiteXNNPackDelegate) node, yielding 2 partitions for subgraph 277 (odml.rope.impl_60).
VERBOSE: Replacing 3 out of 6 node(s) with delegate (TfLiteXNNPackDelegate) node, yielding 3 partitions for subgraph 278 (odml.cache_update.impl_29).
VERBOSE: Replacing 2 out of 3 node(s) with delegate (TfLiteXNNPackDelegate) node, yielding 3 partitions for subgraph 279 (odml.runtime_bmm.impl_59).
VERBOSE: Replacing 2 out of 3 node(s) with delegate (TfLiteXNNPackDelegate) node, yielding 3 partitions for subgraph 280 (odml.runtime_bmm.impl_60).
VERBOSE: Replacing 6 out of 6 node(s) with delegate (TfLiteXNNPackDelegate) node, yielding 1 partitions for subgraph 281 (odml.rms_norm.impl_123).
VERBOSE: Replacing 6 out of 6 node(s) with delegate (TfLiteXNNPackDelegate) node, yielding 1 partitions for subgraph 282 (odml.rms_norm.impl_124).
VERBOSE: Replacing 7 out of 7 node(s) with delegate (TfLiteXNNPackDelegate) node, yielding 1 partitions for subgraph 283 (odml.rms_norm.impl_125).
VERBOSE: Replacing 7 out of 7 node(s) with delegate (TfLiteXNNPackDelegate) node, yielding 1 partitions for subgraph 284 (odml.rms_norm.impl_126).
VERBOSE: Replacing 14 out of 16 node(s) with delegate (TfLiteXNNPackDelegate) node, yielding 2 partitions for subgraph 285 (odml.rope.impl_61).
VERBOSE: Replacing 14 out of 16 node(s) with delegate (TfLiteXNNPackDelegate) node, yielding 2 partitions for subgraph 286 (odml.rope.impl_62).
VERBOSE: Replacing 3 out of 6 node(s) with delegate (TfLiteXNNPackDelegate) node, yielding 3 partitions for subgraph 287 (odml.cache_update.impl_30).
VERBOSE: Replacing 2 out of 3 node(s) with delegate (TfLiteXNNPackDelegate) node, yielding 3 partitions for subgraph 288 (odml.runtime_bmm.impl_61).
VERBOSE: Replacing 2 out of 3 node(s) with delegate (TfLiteXNNPackDelegate) node, yielding 3 partitions for subgraph 289 (odml.runtime_bmm.impl_62).
VERBOSE: Replacing 6 out of 6 node(s) with delegate (TfLiteXNNPackDelegate) node, yielding 1 partitions for subgraph 290 (odml.rms_norm.impl_127).
VERBOSE: Replacing 6 out of 6 node(s) with delegate (TfLiteXNNPackDelegate) node, yielding 1 partitions for subgraph 291 (odml.rms_norm.impl_128).
VERBOSE: Replacing 7 out of 7 node(s) with delegate (TfLiteXNNPackDelegate) node, yielding 1 partitions for subgraph 292 (odml.rms_norm.impl_129).
VERBOSE: Replacing 7 out of 7 node(s) with delegate (TfLiteXNNPackDelegate) node, yielding 1 partitions for subgraph 293 (odml.rms_norm.impl_130).
VERBOSE: Replacing 14 out of 16 node(s) with delegate (TfLiteXNNPackDelegate) node, yielding 2 partitions for subgraph 294 (odml.rope.impl_63).
VERBOSE: Replacing 14 out of 16 node(s) with delegate (TfLiteXNNPackDelegate) node, yielding 2 partitions for subgraph 295 (odml.rope.impl_64).
VERBOSE: Replacing 3 out of 6 node(s) with delegate (TfLiteXNNPackDelegate) node, yielding 3 partitions for subgraph 296 (odml.cache_update.impl_31).
VERBOSE: Replacing 2 out of 3 node(s) with delegate (TfLiteXNNPackDelegate) node, yielding 3 partitions for subgraph 297 (odml.runtime_bmm.impl_63).
VERBOSE: Replacing 2 out of 3 node(s) with delegate (TfLiteXNNPackDelegate) node, yielding 3 partitions for subgraph 298 (odml.runtime_bmm.impl_64).
VERBOSE: Replacing 6 out of 6 node(s) with delegate (TfLiteXNNPackDelegate) node, yielding 1 partitions for subgraph 299 (odml.rms_norm.impl_131).
VERBOSE: Replacing 6 out of 6 node(s) with delegate (TfLiteXNNPackDelegate) node, yielding 1 partitions for subgraph 300 (odml.rms_norm.impl_132).
VERBOSE: Replacing 7 out of 7 node(s) with delegate (TfLiteXNNPackDelegate) node, yielding 1 partitions for subgraph 301 (odml.rms_norm.impl_133).
VERBOSE: Replacing 7 out of 7 node(s) with delegate (TfLiteXNNPackDelegate) node, yielding 1 partitions for subgraph 302 (odml.rms_norm.impl_134).
VERBOSE: Replacing 14 out of 16 node(s) with delegate (TfLiteXNNPackDelegate) node, yielding 2 partitions for subgraph 303 (odml.rope.impl_65).
VERBOSE: Replacing 14 out of 16 node(s) with delegate (TfLiteXNNPackDelegate) node, yielding 2 partitions for subgraph 304 (odml.rope.impl_66).
VERBOSE: Replacing 3 out of 6 node(s) with delegate (TfLiteXNNPackDelegate) node, yielding 3 partitions for subgraph 305 (odml.cache_update.impl_32).
VERBOSE: Replacing 2 out of 3 node(s) with delegate (TfLiteXNNPackDelegate) node, yielding 3 partitions for subgraph 306 (odml.runtime_bmm.impl_65).
VERBOSE: Replacing 2 out of 3 node(s) with delegate (TfLiteXNNPackDelegate) node, yielding 3 partitions for subgraph 307 (odml.runtime_bmm.impl_66).
VERBOSE: Replacing 6 out of 6 node(s) with delegate (TfLiteXNNPackDelegate) node, yielding 1 partitions for subgraph 308 (odml.rms_norm.impl_135).
VERBOSE: Replacing 6 out of 6 node(s) with delegate (TfLiteXNNPackDelegate) node, yielding 1 partitions for subgraph 309 (odml.rms_norm.impl_136).
VERBOSE: Replacing 7 out of 7 node(s) with delegate (TfLiteXNNPackDelegate) node, yielding 1 partitions for subgraph 310 (odml.rms_norm.impl_137).
VERBOSE: Replacing 7 out of 7 node(s) with delegate (TfLiteXNNPackDelegate) node, yielding 1 partitions for subgraph 311 (odml.rms_norm.impl_138).
VERBOSE: Replacing 14 out of 16 node(s) with delegate (TfLiteXNNPackDelegate) node, yielding 2 partitions for subgraph 312 (odml.rope.impl_67).
VERBOSE: Replacing 14 out of 16 node(s) with delegate (TfLiteXNNPackDelegate) node, yielding 2 partitions for subgraph 313 (odml.rope.impl_68).
VERBOSE: Replacing 3 out of 6 node(s) with delegate (TfLiteXNNPackDelegate) node, yielding 3 partitions for subgraph 314 (odml.cache_update.impl_33).
VERBOSE: Replacing 2 out of 3 node(s) with delegate (TfLiteXNNPackDelegate) node, yielding 3 partitions for subgraph 315 (odml.runtime_bmm.impl_67).
VERBOSE: Replacing 2 out of 3 node(s) with delegate (TfLiteXNNPackDelegate) node, yielding 3 partitions for subgraph 316 (odml.runtime_bmm.impl_68).
VERBOSE: Replacing 6 out of 6 node(s) with delegate (TfLiteXNNPackDelegate) node, yielding 1 partitions for subgraph 317 (odml.rms_norm.impl_139).
VERBOSE: Replacing 6 out of 6 node(s) with delegate (TfLiteXNNPackDelegate) node, yielding 1 partitions for subgraph 318 (odml.rms_norm.impl_140).
VERBOSE: Replacing 7 out of 7 node(s) with delegate (TfLiteXNNPackDelegate) node, yielding 1 partitions for subgraph 319 (odml.rms_norm.impl_141).
VERBOSE: Replacing 7 out of 7 node(s) with delegate (TfLiteXNNPackDelegate) node, yielding 1 partitions for subgraph 320 (odml.rms_norm.impl_142).
VERBOSE: Replacing 14 out of 16 node(s) with delegate (TfLiteXNNPackDelegate) node, yielding 2 partitions for subgraph 321 (odml.rope.impl_69).
VERBOSE: Replacing 14 out of 16 node(s) with delegate (TfLiteXNNPackDelegate) node, yielding 2 partitions for subgraph 322 (odml.rope.impl_70).
VERBOSE: Replacing 3 out of 6 node(s) with delegate (TfLiteXNNPackDelegate) node, yielding 3 partitions for subgraph 323 (odml.cache_update.impl_34).
VERBOSE: Replacing 2 out of 3 node(s) with delegate (TfLiteXNNPackDelegate) node, yielding 3 partitions for subgraph 324 (odml.runtime_bmm.impl_69).
VERBOSE: Replacing 2 out of 3 node(s) with delegate (TfLiteXNNPackDelegate) node, yielding 3 partitions for subgraph 325 (odml.runtime_bmm.impl_70).
VERBOSE: Replacing 6 out of 6 node(s) with delegate (TfLiteXNNPackDelegate) node, yielding 1 partitions for subgraph 326 (odml.rms_norm.impl_143).
VERBOSE: Replacing 6 out of 6 node(s) with delegate (TfLiteXNNPackDelegate) node, yielding 1 partitions for subgraph 327 (odml.rms_norm.impl_144).
VERBOSE: Replacing 7 out of 7 node(s) with delegate (TfLiteXNNPackDelegate) node, yielding 1 partitions for subgraph 328 (odml.rms_norm.impl_145).
VERBOSE: Replacing 7 out of 7 node(s) with delegate (TfLiteXNNPackDelegate) node, yielding 1 partitions for subgraph 329 (odml.rms_norm.impl_146).
VERBOSE: Replacing 14 out of 16 node(s) with delegate (TfLiteXNNPackDelegate) node, yielding 2 partitions for subgraph 330 (odml.rope.impl_71).
VERBOSE: Replacing 14 out of 16 node(s) with delegate (TfLiteXNNPackDelegate) node, yielding 2 partitions for subgraph 331 (odml.rope.impl_72).
VERBOSE: Replacing 3 out of 6 node(s) with delegate (TfLiteXNNPackDelegate) node, yielding 3 partitions for subgraph 332 (odml.cache_update.impl_35).
VERBOSE: Replacing 2 out of 3 node(s) with delegate (TfLiteXNNPackDelegate) node, yielding 3 partitions for subgraph 333 (odml.runtime_bmm.impl_71).
VERBOSE: Replacing 2 out of 3 node(s) with delegate (TfLiteXNNPackDelegate) node, yielding 3 partitions for subgraph 334 (odml.runtime_bmm.impl_72).
VERBOSE: Replacing 6 out of 6 node(s) with delegate (TfLiteXNNPackDelegate) node, yielding 1 partitions for subgraph 335 (odml.rms_norm.impl_147).
VERBOSE: Replacing 6 out of 6 node(s) with delegate (TfLiteXNNPackDelegate) node, yielding 1 partitions for subgraph 336 (odml.rms_norm.impl_148).
VERBOSE: Replacing 7 out of 7 node(s) with delegate (TfLiteXNNPackDelegate) node, yielding 1 partitions for subgraph 337 (odml.rms_norm.impl_149).
VERBOSE: Replacing 7 out of 7 node(s) with delegate (TfLiteXNNPackDelegate) node, yielding 1 partitions for subgraph 338 (odml.rms_norm.impl_150).
VERBOSE: Replacing 14 out of 16 node(s) with delegate (TfLiteXNNPackDelegate) node, yielding 2 partitions for subgraph 339 (odml.rope.impl_73).
VERBOSE: Replacing 14 out of 16 node(s) with delegate (TfLiteXNNPackDelegate) node, yielding 2 partitions for subgraph 340 (odml.rope.impl_74).
VERBOSE: Replacing 3 out of 6 node(s) with delegate (TfLiteXNNPackDelegate) node, yielding 3 partitions for subgraph 341 (odml.cache_update.impl_36).
VERBOSE: Replacing 2 out of 3 node(s) with delegate (TfLiteXNNPackDelegate) node, yielding 3 partitions for subgraph 342 (odml.runtime_bmm.impl_73).
VERBOSE: Replacing 2 out of 3 node(s) with delegate (TfLiteXNNPackDelegate) node, yielding 3 partitions for subgraph 343 (odml.runtime_bmm.impl_74).
VERBOSE: Replacing 6 out of 6 node(s) with delegate (TfLiteXNNPackDelegate) node, yielding 1 partitions for subgraph 344 (odml.rms_norm.impl_151).
VERBOSE: Replacing 6 out of 6 node(s) with delegate (TfLiteXNNPackDelegate) node, yielding 1 partitions for subgraph 345 (odml.rms_norm.impl_152).
VERBOSE: Replacing 7 out of 7 node(s) with delegate (TfLiteXNNPackDelegate) node, yielding 1 partitions for subgraph 346 (odml.rms_norm.impl_153).
VERBOSE: Replacing 7 out of 7 node(s) with delegate (TfLiteXNNPackDelegate) node, yielding 1 partitions for subgraph 347 (odml.rms_norm.impl_154).
VERBOSE: Replacing 14 out of 16 node(s) with delegate (TfLiteXNNPackDelegate) node, yielding 2 partitions for subgraph 348 (odml.rope.impl_75).
VERBOSE: Replacing 14 out of 16 node(s) with delegate (TfLiteXNNPackDelegate) node, yielding 2 partitions for subgraph 349 (odml.rope.impl_76).
VERBOSE: Replacing 3 out of 6 node(s) with delegate (TfLiteXNNPackDelegate) node, yielding 3 partitions for subgraph 350 (odml.cache_update.impl_37).
VERBOSE: Replacing 2 out of 3 node(s) with delegate (TfLiteXNNPackDelegate) node, yielding 3 partitions for subgraph 351 (odml.runtime_bmm.impl_75).
VERBOSE: Replacing 2 out of 3 node(s) with delegate (TfLiteXNNPackDelegate) node, yielding 3 partitions for subgraph 352 (odml.runtime_bmm.impl_76).
VERBOSE: Replacing 6 out of 6 node(s) with delegate (TfLiteXNNPackDelegate) node, yielding 1 partitions for subgraph 353 (odml.rms_norm.impl_155).
VERBOSE: Replacing 6 out of 6 node(s) with delegate (TfLiteXNNPackDelegate) node, yielding 1 partitions for subgraph 354 (odml.rms_norm.impl_156).
VERBOSE: Replacing 7 out of 7 node(s) with delegate (TfLiteXNNPackDelegate) node, yielding 1 partitions for subgraph 355 (odml.rms_norm.impl_157).
VERBOSE: Replacing 7 out of 7 node(s) with delegate (TfLiteXNNPackDelegate) node, yielding 1 partitions for subgraph 356 (odml.rms_norm.impl_158).
VERBOSE: Replacing 14 out of 16 node(s) with delegate (TfLiteXNNPackDelegate) node, yielding 2 partitions for subgraph 357 (odml.rope.impl_77).
VERBOSE: Replacing 14 out of 16 node(s) with delegate (TfLiteXNNPackDelegate) node, yielding 2 partitions for subgraph 358 (odml.rope.impl_78).
VERBOSE: Replacing 3 out of 6 node(s) with delegate (TfLiteXNNPackDelegate) node, yielding 3 partitions for subgraph 359 (odml.cache_update.impl_38).
VERBOSE: Replacing 2 out of 3 node(s) with delegate (TfLiteXNNPackDelegate) node, yielding 3 partitions for subgraph 360 (odml.runtime_bmm.impl_77).
VERBOSE: Replacing 2 out of 3 node(s) with delegate (TfLiteXNNPackDelegate) node, yielding 3 partitions for subgraph 361 (odml.runtime_bmm.impl_78).
VERBOSE: Replacing 6 out of 6 node(s) with delegate (TfLiteXNNPackDelegate) node, yielding 1 partitions for subgraph 362 (odml.rms_norm.impl_159).
VERBOSE: Replacing 6 out of 6 node(s) with delegate (TfLiteXNNPackDelegate) node, yielding 1 partitions for subgraph 363 (odml.rms_norm.impl_160).
VERBOSE: Replacing 7 out of 7 node(s) with delegate (TfLiteXNNPackDelegate) node, yielding 1 partitions for subgraph 364 (odml.rms_norm.impl_161).
VERBOSE: Replacing 7 out of 7 node(s) with delegate (TfLiteXNNPackDelegate) node, yielding 1 partitions for subgraph 365 (odml.rms_norm.impl_162).
VERBOSE: Replacing 14 out of 16 node(s) with delegate (TfLiteXNNPackDelegate) node, yielding 2 partitions for subgraph 366 (odml.rope.impl_79).
VERBOSE: Replacing 14 out of 16 node(s) with delegate (TfLiteXNNPackDelegate) node, yielding 2 partitions for subgraph 367 (odml.rope.impl_80).
VERBOSE: Replacing 3 out of 6 node(s) with delegate (TfLiteXNNPackDelegate) node, yielding 3 partitions for subgraph 368 (odml.cache_update.impl_39).
VERBOSE: Replacing 2 out of 3 node(s) with delegate (TfLiteXNNPackDelegate) node, yielding 3 partitions for subgraph 369 (odml.runtime_bmm.impl_79).
VERBOSE: Replacing 2 out of 3 node(s) with delegate (TfLiteXNNPackDelegate) node, yielding 3 partitions for subgraph 370 (odml.runtime_bmm.impl_80).
VERBOSE: Replacing 6 out of 6 node(s) with delegate (TfLiteXNNPackDelegate) node, yielding 1 partitions for subgraph 371 (odml.rms_norm.impl_163).
VERBOSE: Replacing 6 out of 6 node(s) with delegate (TfLiteXNNPackDelegate) node, yielding 1 partitions for subgraph 372 (odml.rms_norm.impl_164).
VERBOSE: Replacing 7 out of 7 node(s) with delegate (TfLiteXNNPackDelegate) node, yielding 1 partitions for subgraph 373 (odml.rms_norm.impl_165).
VERBOSE: Replacing 7 out of 7 node(s) with delegate (TfLiteXNNPackDelegate) node, yielding 1 partitions for subgraph 374 (odml.rms_norm.impl_166).
VERBOSE: Replacing 14 out of 16 node(s) with delegate (TfLiteXNNPackDelegate) node, yielding 2 partitions for subgraph 375 (odml.rope.impl_81).
VERBOSE: Replacing 14 out of 16 node(s) with delegate (TfLiteXNNPackDelegate) node, yielding 2 partitions for subgraph 376 (odml.rope.impl_82).
VERBOSE: Replacing 3 out of 6 node(s) with delegate (TfLiteXNNPackDelegate) node, yielding 3 partitions for subgraph 377 (odml.cache_update.impl_40).
VERBOSE: Replacing 2 out of 3 node(s) with delegate (TfLiteXNNPackDelegate) node, yielding 3 partitions for subgraph 378 (odml.runtime_bmm.impl_81).
VERBOSE: Replacing 2 out of 3 node(s) with delegate (TfLiteXNNPackDelegate) node, yielding 3 partitions for subgraph 379 (odml.runtime_bmm.impl_82).
VERBOSE: Replacing 6 out of 6 node(s) with delegate (TfLiteXNNPackDelegate) node, yielding 1 partitions for subgraph 380 (odml.rms_norm.impl_167).
VERBOSE: Replacing 6 out of 6 node(s) with delegate (TfLiteXNNPackDelegate) node, yielding 1 partitions for subgraph 381 (odml.rms_norm.impl_168).
VERBOSE: Replacing 7 out of 7 node(s) with delegate (TfLiteXNNPackDelegate) node, yielding 1 partitions for subgraph 382 (odml.rms_norm.impl_169).
VERBOSE: Replacing 7 out of 7 node(s) with delegate (TfLiteXNNPackDelegate) node, yielding 1 partitions for subgraph 383 (odml.rms_norm.impl_170).
VERBOSE: Replacing 14 out of 16 node(s) with delegate (TfLiteXNNPackDelegate) node, yielding 2 partitions for subgraph 384 (odml.rope.impl_83).
VERBOSE: Replacing 14 out of 16 node(s) with delegate (TfLiteXNNPackDelegate) node, yielding 2 partitions for subgraph 385 (odml.rope.impl_84).
VERBOSE: Replacing 3 out of 6 node(s) with delegate (TfLiteXNNPackDelegate) node, yielding 3 partitions for subgraph 386 (odml.cache_update.impl_41).
VERBOSE: Replacing 2 out of 3 node(s) with delegate (TfLiteXNNPackDelegate) node, yielding 3 partitions for subgraph 387 (odml.runtime_bmm.impl_83).
VERBOSE: Replacing 2 out of 3 node(s) with delegate (TfLiteXNNPackDelegate) node, yielding 3 partitions for subgraph 388 (odml.runtime_bmm.impl_84).
VERBOSE: Replacing 6 out of 6 node(s) with delegate (TfLiteXNNPackDelegate) node, yielding 1 partitions for subgraph 389 (odml.rms_norm.impl_171).
VERBOSE: Replacing 6 out of 6 node(s) with delegate (TfLiteXNNPackDelegate) node, yielding 1 partitions for subgraph 390 (odml.rms_norm.impl_172).
VERBOSE: Replacing 7 out of 7 node(s) with delegate (TfLiteXNNPackDelegate) node, yielding 1 partitions for subgraph 391 (odml.rms_norm.impl_173).
VERBOSE: Replacing 7 out of 7 node(s) with delegate (TfLiteXNNPackDelegate) node, yielding 1 partitions for subgraph 392 (odml.rms_norm.impl_174).
VERBOSE: Replacing 14 out of 16 node(s) with delegate (TfLiteXNNPackDelegate) node, yielding 2 partitions for subgraph 393 (odml.rope.impl_85).
VERBOSE: Replacing 14 out of 16 node(s) with delegate (TfLiteXNNPackDelegate) node, yielding 2 partitions for subgraph 394 (odml.rope.impl_86).
VERBOSE: Replacing 3 out of 6 node(s) with delegate (TfLiteXNNPackDelegate) node, yielding 3 partitions for subgraph 395 (odml.cache_update.impl_42).
VERBOSE: Replacing 2 out of 3 node(s) with delegate (TfLiteXNNPackDelegate) node, yielding 3 partitions for subgraph 396 (odml.runtime_bmm.impl_85).
VERBOSE: Replacing 2 out of 3 node(s) with delegate (TfLiteXNNPackDelegate) node, yielding 3 partitions for subgraph 397 (odml.runtime_bmm.impl_86).
VERBOSE: Replacing 6 out of 6 node(s) with delegate (TfLiteXNNPackDelegate) node, yielding 1 partitions for subgraph 398 (odml.rms_norm.impl_175).
VERBOSE: Replacing 6 out of 6 node(s) with delegate (TfLiteXNNPackDelegate) node, yielding 1 partitions for subgraph 399 (odml.rms_norm.impl_176).
VERBOSE: Replacing 7 out of 7 node(s) with delegate (TfLiteXNNPackDelegate) node, yielding 1 partitions for subgraph 400 (odml.rms_norm.impl_177).
VERBOSE: Replacing 7 out of 7 node(s) with delegate (TfLiteXNNPackDelegate) node, yielding 1 partitions for subgraph 401 (odml.rms_norm.impl_178).
VERBOSE: Replacing 14 out of 16 node(s) with delegate (TfLiteXNNPackDelegate) node, yielding 2 partitions for subgraph 402 (odml.rope.impl_87).
VERBOSE: Replacing 14 out of 16 node(s) with delegate (TfLiteXNNPackDelegate) node, yielding 2 partitions for subgraph 403 (odml.rope.impl_88).
VERBOSE: Replacing 3 out of 6 node(s) with delegate (TfLiteXNNPackDelegate) node, yielding 3 partitions for subgraph 404 (odml.cache_update.impl_43).
VERBOSE: Replacing 2 out of 3 node(s) with delegate (TfLiteXNNPackDelegate) node, yielding 3 partitions for subgraph 405 (odml.runtime_bmm.impl_87).
VERBOSE: Replacing 2 out of 3 node(s) with delegate (TfLiteXNNPackDelegate) node, yielding 3 partitions for subgraph 406 (odml.runtime_bmm.impl_88).
VERBOSE: Replacing 6 out of 6 node(s) with delegate (TfLiteXNNPackDelegate) node, yielding 1 partitions for subgraph 407 (odml.rms_norm.impl_179).
VERBOSE: Replacing 6 out of 6 node(s) with delegate (TfLiteXNNPackDelegate) node, yielding 1 partitions for subgraph 408 (odml.rms_norm.impl_180).
VERBOSE: Replacing 7 out of 7 node(s) with delegate (TfLiteXNNPackDelegate) node, yielding 1 partitions for subgraph 409 (odml.rms_norm.impl_181).
VERBOSE: Replacing 7 out of 7 node(s) with delegate (TfLiteXNNPackDelegate) node, yielding 1 partitions for subgraph 410 (odml.rms_norm.impl_182).
VERBOSE: Replacing 14 out of 16 node(s) with delegate (TfLiteXNNPackDelegate) node, yielding 2 partitions for subgraph 411 (odml.rope.impl_89).
VERBOSE: Replacing 14 out of 16 node(s) with delegate (TfLiteXNNPackDelegate) node, yielding 2 partitions for subgraph 412 (odml.rope.impl_90).
VERBOSE: Replacing 3 out of 6 node(s) with delegate (TfLiteXNNPackDelegate) node, yielding 3 partitions for subgraph 413 (odml.cache_update.impl_44).
VERBOSE: Replacing 2 out of 3 node(s) with delegate (TfLiteXNNPackDelegate) node, yielding 3 partitions for subgraph 414 (odml.runtime_bmm.impl_89).
VERBOSE: Replacing 2 out of 3 node(s) with delegate (TfLiteXNNPackDelegate) node, yielding 3 partitions for subgraph 415 (odml.runtime_bmm.impl_90).
VERBOSE: Replacing 6 out of 6 node(s) with delegate (TfLiteXNNPackDelegate) node, yielding 1 partitions for subgraph 416 (odml.rms_norm.impl_183).
VERBOSE: Replacing 6 out of 6 node(s) with delegate (TfLiteXNNPackDelegate) node, yielding 1 partitions for subgraph 417 (odml.rms_norm.impl_184).
VERBOSE: Replacing 7 out of 7 node(s) with delegate (TfLiteXNNPackDelegate) node, yielding 1 partitions for subgraph 418 (odml.rms_norm.impl_185).
VERBOSE: Replacing 7 out of 7 node(s) with delegate (TfLiteXNNPackDelegate) node, yielding 1 partitions for subgraph 419 (odml.rms_norm.impl_186).
VERBOSE: Replacing 14 out of 16 node(s) with delegate (TfLiteXNNPackDelegate) node, yielding 2 partitions for subgraph 420 (odml.rope.impl_91).
VERBOSE: Replacing 14 out of 16 node(s) with delegate (TfLiteXNNPackDelegate) node, yielding 2 partitions for subgraph 421 (odml.rope.impl_92).
VERBOSE: Replacing 3 out of 6 node(s) with delegate (TfLiteXNNPackDelegate) node, yielding 3 partitions for subgraph 422 (odml.cache_update.impl_45).
VERBOSE: Replacing 2 out of 3 node(s) with delegate (TfLiteXNNPackDelegate) node, yielding 3 partitions for subgraph 423 (odml.runtime_bmm.impl_91).
VERBOSE: Replacing 2 out of 3 node(s) with delegate (TfLiteXNNPackDelegate) node, yielding 3 partitions for subgraph 424 (odml.runtime_bmm.impl_92).
VERBOSE: Replacing 6 out of 6 node(s) with delegate (TfLiteXNNPackDelegate) node, yielding 1 partitions for subgraph 425 (odml.rms_norm.impl_187).
VERBOSE: Replacing 6 out of 6 node(s) with delegate (TfLiteXNNPackDelegate) node, yielding 1 partitions for subgraph 426 (odml.rms_norm.impl_188).
VERBOSE: Replacing 7 out of 7 node(s) with delegate (TfLiteXNNPackDelegate) node, yielding 1 partitions for subgraph 427 (odml.rms_norm.impl_189).
VERBOSE: Replacing 7 out of 7 node(s) with delegate (TfLiteXNNPackDelegate) node, yielding 1 partitions for subgraph 428 (odml.rms_norm.impl_190).
VERBOSE: Replacing 14 out of 16 node(s) with delegate (TfLiteXNNPackDelegate) node, yielding 2 partitions for subgraph 429 (odml.rope.impl_93).
VERBOSE: Replacing 14 out of 16 node(s) with delegate (TfLiteXNNPackDelegate) node, yielding 2 partitions for subgraph 430 (odml.rope.impl_94).
VERBOSE: Replacing 3 out of 6 node(s) with delegate (TfLiteXNNPackDelegate) node, yielding 3 partitions for subgraph 431 (odml.cache_update.impl_46).
VERBOSE: Replacing 2 out of 3 node(s) with delegate (TfLiteXNNPackDelegate) node, yielding 3 partitions for subgraph 432 (odml.runtime_bmm.impl_93).
VERBOSE: Replacing 2 out of 3 node(s) with delegate (TfLiteXNNPackDelegate) node, yielding 3 partitions for subgraph 433 (odml.runtime_bmm.impl_94).
VERBOSE: Replacing 6 out of 6 node(s) with delegate (TfLiteXNNPackDelegate) node, yielding 1 partitions for subgraph 434 (odml.rms_norm.impl_191).
VERBOSE: Replacing 6 out of 6 node(s) with delegate (TfLiteXNNPackDelegate) node, yielding 1 partitions for subgraph 435 (odml.rms_norm.impl_192).
VERBOSE: Replacing 7 out of 7 node(s) with delegate (TfLiteXNNPackDelegate) node, yielding 1 partitions for subgraph 436 (odml.rms_norm.impl_193).
VERBOSE: Replacing 7 out of 7 node(s) with delegate (TfLiteXNNPackDelegate) node, yielding 1 partitions for subgraph 437 (odml.rms_norm.impl_194).
VERBOSE: Replacing 14 out of 16 node(s) with delegate (TfLiteXNNPackDelegate) node, yielding 2 partitions for subgraph 438 (odml.rope.impl_95).
VERBOSE: Replacing 14 out of 16 node(s) with delegate (TfLiteXNNPackDelegate) node, yielding 2 partitions for subgraph 439 (odml.rope.impl_96).
VERBOSE: Replacing 3 out of 6 node(s) with delegate (TfLiteXNNPackDelegate) node, yielding 3 partitions for subgraph 440 (odml.cache_update.impl_47).
VERBOSE: Replacing 2 out of 3 node(s) with delegate (TfLiteXNNPackDelegate) node, yielding 3 partitions for subgraph 441 (odml.runtime_bmm.impl_95).
VERBOSE: Replacing 2 out of 3 node(s) with delegate (TfLiteXNNPackDelegate) node, yielding 3 partitions for subgraph 442 (odml.runtime_bmm.impl_96).
VERBOSE: Replacing 6 out of 6 node(s) with delegate (TfLiteXNNPackDelegate) node, yielding 1 partitions for subgraph 443 (odml.rms_norm.impl_195).
VERBOSE: Replacing 6 out of 6 node(s) with delegate (TfLiteXNNPackDelegate) node, yielding 1 partitions for subgraph 444 (odml.rms_norm.impl_196).
VERBOSE: Replacing 7 out of 7 node(s) with delegate (TfLiteXNNPackDelegate) node, yielding 1 partitions for subgraph 445 (odml.rms_norm.impl_197).
VERBOSE: Replacing 7 out of 7 node(s) with delegate (TfLiteXNNPackDelegate) node, yielding 1 partitions for subgraph 446 (odml.rms_norm.impl_198).
VERBOSE: Replacing 14 out of 16 node(s) with delegate (TfLiteXNNPackDelegate) node, yielding 2 partitions for subgraph 447 (odml.rope.impl_97).
VERBOSE: Replacing 14 out of 16 node(s) with delegate (TfLiteXNNPackDelegate) node, yielding 2 partitions for subgraph 448 (odml.rope.impl_98).
VERBOSE: Replacing 3 out of 6 node(s) with delegate (TfLiteXNNPackDelegate) node, yielding 3 partitions for subgraph 449 (odml.cache_update.impl_48).
VERBOSE: Replacing 2 out of 3 node(s) with delegate (TfLiteXNNPackDelegate) node, yielding 3 partitions for subgraph 450 (odml.runtime_bmm.impl_97).
VERBOSE: Replacing 2 out of 3 node(s) with delegate (TfLiteXNNPackDelegate) node, yielding 3 partitions for subgraph 451 (odml.runtime_bmm.impl_98).
VERBOSE: Replacing 6 out of 6 node(s) with delegate (TfLiteXNNPackDelegate) node, yielding 1 partitions for subgraph 452 (odml.rms_norm.impl_199).
VERBOSE: Replacing 6 out of 6 node(s) with delegate (TfLiteXNNPackDelegate) node, yielding 1 partitions for subgraph 453 (odml.rms_norm.impl_200).
VERBOSE: Replacing 7 out of 7 node(s) with delegate (TfLiteXNNPackDelegate) node, yielding 1 partitions for subgraph 454 (odml.rms_norm.impl_201).
VERBOSE: Replacing 7 out of 7 node(s) with delegate (TfLiteXNNPackDelegate) node, yielding 1 partitions for subgraph 455 (odml.rms_norm.impl_202).
VERBOSE: Replacing 14 out of 16 node(s) with delegate (TfLiteXNNPackDelegate) node, yielding 2 partitions for subgraph 456 (odml.rope.impl_99).
VERBOSE: Replacing 14 out of 16 node(s) with delegate (TfLiteXNNPackDelegate) node, yielding 2 partitions for subgraph 457 (odml.rope.impl_100).
VERBOSE: Replacing 3 out of 6 node(s) with delegate (TfLiteXNNPackDelegate) node, yielding 3 partitions for subgraph 458 (odml.cache_update.impl_49).
VERBOSE: Replacing 2 out of 3 node(s) with delegate (TfLiteXNNPackDelegate) node, yielding 3 partitions for subgraph 459 (odml.runtime_bmm.impl_99).
VERBOSE: Replacing 2 out of 3 node(s) with delegate (TfLiteXNNPackDelegate) node, yielding 3 partitions for subgraph 460 (odml.runtime_bmm.impl_100).
VERBOSE: Replacing 6 out of 6 node(s) with delegate (TfLiteXNNPackDelegate) node, yielding 1 partitions for subgraph 461 (odml.rms_norm.impl_203).
VERBOSE: Replacing 6 out of 6 node(s) with delegate (TfLiteXNNPackDelegate) node, yielding 1 partitions for subgraph 462 (odml.rms_norm.impl_204).
VERBOSE: Replacing 7 out of 7 node(s) with delegate (TfLiteXNNPackDelegate) node, yielding 1 partitions for subgraph 463 (odml.rms_norm.impl_205).
VERBOSE: Replacing 7 out of 7 node(s) with delegate (TfLiteXNNPackDelegate) node, yielding 1 partitions for subgraph 464 (odml.rms_norm.impl_206).
VERBOSE: Replacing 14 out of 16 node(s) with delegate (TfLiteXNNPackDelegate) node, yielding 2 partitions for subgraph 465 (odml.rope.impl_101).
VERBOSE: Replacing 14 out of 16 node(s) with delegate (TfLiteXNNPackDelegate) node, yielding 2 partitions for subgraph 466 (odml.rope.impl_102).
VERBOSE: Replacing 3 out of 6 node(s) with delegate (TfLiteXNNPackDelegate) node, yielding 3 partitions for subgraph 467 (odml.cache_update.impl_50).
VERBOSE: Replacing 2 out of 3 node(s) with delegate (TfLiteXNNPackDelegate) node, yielding 3 partitions for subgraph 468 (odml.runtime_bmm.impl_101).
VERBOSE: Replacing 2 out of 3 node(s) with delegate (TfLiteXNNPackDelegate) node, yielding 3 partitions for subgraph 469 (odml.runtime_bmm.impl_102).
VERBOSE: Replacing 6 out of 6 node(s) with delegate (TfLiteXNNPackDelegate) node, yielding 1 partitions for subgraph 470 (odml.rms_norm.impl_207).
VERBOSE: Replacing 6 out of 6 node(s) with delegate (TfLiteXNNPackDelegate) node, yielding 1 partitions for subgraph 471 (odml.rms_norm.impl_208).
VERBOSE: Replacing 7 out of 7 node(s) with delegate (TfLiteXNNPackDelegate) node, yielding 1 partitions for subgraph 472 (odml.rms_norm.impl_209).
VERBOSE: Replacing 7 out of 7 node(s) with delegate (TfLiteXNNPackDelegate) node, yielding 1 partitions for subgraph 473 (odml.rms_norm.impl_210).
VERBOSE: Replacing 14 out of 16 node(s) with delegate (TfLiteXNNPackDelegate) node, yielding 2 partitions for subgraph 474 (odml.rope.impl_103).
VERBOSE: Replacing 14 out of 16 node(s) with delegate (TfLiteXNNPackDelegate) node, yielding 2 partitions for subgraph 475 (odml.rope.impl_104).
VERBOSE: Replacing 3 out of 6 node(s) with delegate (TfLiteXNNPackDelegate) node, yielding 3 partitions for subgraph 476 (odml.cache_update.impl_51).
VERBOSE: Replacing 2 out of 3 node(s) with delegate (TfLiteXNNPackDelegate) node, yielding 3 partitions for subgraph 477 (odml.runtime_bmm.impl_103).
VERBOSE: Replacing 2 out of 3 node(s) with delegate (TfLiteXNNPackDelegate) node, yielding 3 partitions for subgraph 478 (odml.runtime_bmm.impl_104).
VERBOSE: Replacing 6 out of 6 node(s) with delegate (TfLiteXNNPackDelegate) node, yielding 1 partitions for subgraph 479 (odml.rms_norm.impl_211).
VERBOSE: Replacing 6 out of 6 node(s) with delegate (TfLiteXNNPackDelegate) node, yielding 1 partitions for subgraph 480 (odml.rms_norm.impl_212).
VERBOSE: Replacing 7 out of 7 node(s) with delegate (TfLiteXNNPackDelegate) node, yielding 1 partitions for subgraph 481 (odml.rms_norm.impl_213).
VERBOSE: Replacing 7 out of 7 node(s) with delegate (TfLiteXNNPackDelegate) node, yielding 1 partitions for subgraph 482 (odml.rms_norm.impl_214).
VERBOSE: Replacing 14 out of 16 node(s) with delegate (TfLiteXNNPackDelegate) node, yielding 2 partitions for subgraph 483 (odml.rope.impl_105).
VERBOSE: Replacing 14 out of 16 node(s) with delegate (TfLiteXNNPackDelegate) node, yielding 2 partitions for subgraph 484 (odml.rope.impl_106).
VERBOSE: Replacing 3 out of 6 node(s) with delegate (TfLiteXNNPackDelegate) node, yielding 3 partitions for subgraph 485 (odml.cache_update.impl_52).
VERBOSE: Replacing 2 out of 3 node(s) with delegate (TfLiteXNNPackDelegate) node, yielding 3 partitions for subgraph 486 (odml.runtime_bmm.impl_105).
VERBOSE: Replacing 2 out of 3 node(s) with delegate (TfLiteXNNPackDelegate) node, yielding 3 partitions for subgraph 487 (odml.runtime_bmm.impl_106).
VERBOSE: Replacing 6 out of 6 node(s) with delegate (TfLiteXNNPackDelegate) node, yielding 1 partitions for subgraph 488 (odml.rms_norm.impl_215).
VERBOSE: Replacing 6 out of 6 node(s) with delegate (TfLiteXNNPackDelegate) node, yielding 1 partitions for subgraph 489 (odml.rms_norm.impl_216).
VERBOSE: Replacing 7 out of 7 node(s) with delegate (TfLiteXNNPackDelegate) node, yielding 1 partitions for subgraph 490 (odml.rms_norm.impl_217).
VERBOSE: Replacing 7 out of 7 node(s) with delegate (TfLiteXNNPackDelegate) node, yielding 1 partitions for subgraph 491 (odml.rms_norm.impl_218).
VERBOSE: Replacing 14 out of 16 node(s) with delegate (TfLiteXNNPackDelegate) node, yielding 2 partitions for subgraph 492 (odml.rope.impl_107).
VERBOSE: Replacing 14 out of 16 node(s) with delegate (TfLiteXNNPackDelegate) node, yielding 2 partitions for subgraph 493 (odml.rope.impl_108).
VERBOSE: Replacing 3 out of 6 node(s) with delegate (TfLiteXNNPackDelegate) node, yielding 3 partitions for subgraph 494 (odml.cache_update.impl_53).
VERBOSE: Replacing 2 out of 3 node(s) with delegate (TfLiteXNNPackDelegate) node, yielding 3 partitions for subgraph 495 (odml.runtime_bmm.impl_107).
VERBOSE: Replacing 2 out of 3 node(s) with delegate (TfLiteXNNPackDelegate) node, yielding 3 partitions for subgraph 496 (odml.runtime_bmm.impl_108).
VERBOSE: Replacing 6 out of 6 node(s) with delegate (TfLiteXNNPackDelegate) node, yielding 1 partitions for subgraph 497 (odml.rms_norm.impl_219).
VERBOSE: Replacing 6 out of 6 node(s) with delegate (TfLiteXNNPackDelegate) node, yielding 1 partitions for subgraph 498 (odml.rms_norm.impl_220).
VERBOSE: Replacing 7 out of 7 node(s) with delegate (TfLiteXNNPackDelegate) node, yielding 1 partitions for subgraph 499 (odml.rms_norm.impl_221).
VERBOSE: Replacing 7 out of 7 node(s) with delegate (TfLiteXNNPackDelegate) node, yielding 1 partitions for subgraph 500 (odml.rms_norm.impl_222).
VERBOSE: Replacing 14 out of 16 node(s) with delegate (TfLiteXNNPackDelegate) node, yielding 2 partitions for subgraph 501 (odml.rope.impl_109).
VERBOSE: Replacing 14 out of 16 node(s) with delegate (TfLiteXNNPackDelegate) node, yielding 2 partitions for subgraph 502 (odml.rope.impl_110).
VERBOSE: Replacing 3 out of 6 node(s) with delegate (TfLiteXNNPackDelegate) node, yielding 3 partitions for subgraph 503 (odml.cache_update.impl_54).
VERBOSE: Replacing 2 out of 3 node(s) with delegate (TfLiteXNNPackDelegate) node, yielding 3 partitions for subgraph 504 (odml.runtime_bmm.impl_109).
VERBOSE: Replacing 2 out of 3 node(s) with delegate (TfLiteXNNPackDelegate) node, yielding 3 partitions for subgraph 505 (odml.runtime_bmm.impl_110).
VERBOSE: Replacing 6 out of 6 node(s) with delegate (TfLiteXNNPackDelegate) node, yielding 1 partitions for subgraph 506 (odml.rms_norm.impl_223).
VERBOSE: Replacing 6 out of 6 node(s) with delegate (TfLiteXNNPackDelegate) node, yielding 1 partitions for subgraph 507 (odml.rms_norm.impl_224).
INFO: [environment.cc:36] Creating LiteRT environment with options
WARNING: [npu_registry.cc:34] NPU accelerator could not be loaded and registered: kLiteRtStatusErrorInvalidArgument.
INFO: [gpu_registry.cc:101] Attempting to load GPU accelerator(libLiteRtGpuAccelerator.so).
INFO: [accelerator_registry.cc:54] RegisterAccelerator: ptr=0xb400007bc3ea6a30, name=LiteRT GPU
INFO: [gpu_registry.cc:109] Dynamically loaded GPU accelerator(libLiteRtGpuAccelerator.so) registered.
INFO: [accelerator_registry.cc:54] RegisterAccelerator: ptr=0xb400007bc3ea6fd0, name=CpuAccelerator
INFO: [cpu_registry.cc:75] XNNPACK CPU accelerator registered.
input_prompt: Explain what on-device AI means in simple terms.
VERBOSE: Replacing 2615 out of 2904 node(s) with delegate (TfLiteXNNPackDelegate) node, yielding 114 partitions for subgraph 0 (prefill_1024).
VERBOSE: Replacing 2361 out of 2649 node(s) with delegate (TfLiteXNNPackDelegate) node, yielding 114 partitions for subgraph 1 (decode).


On-device AI means that **machines or devices (like smartphones, smartwatches, or home gadgets)** use **their own computer power** to process data and make decisions **without connecting to the internet or a cloud server**. Here's a simple breakdown:

- **Local Processing**: Instead of sending data to a remote server (like a cloud), the device itself handles the calculations. This makes it faster and more secure because the data stays on the device.
- **No Internet Needed**: You don’t have to worry about connectivity or privacy issues when the device is offline.
- **Privacy First**: Since the data stays on the device, it’s harder for third parties to access or misuse it.
- **Real-Time Decisions**: For example, a smartwatch could recognize your face in real time without needing a server to process the image.

**Example**: A smart camera that automatically adjusts brightness or detects motion on the device, instead of sending the image to the cloud for analysis

BenchmarkInfo:
  Init Phases (7):
    - Init Conversation: 0.06 ms
    - Init Executor: 4312.21 ms
    - Init LLM metadata: 0.06 ms
    - Init Model assets: 0.13 ms
    - Init Tokenizer: 1310.62 ms
    - Init Total: 4312.97 ms
--------------------------------------------------
  Time to first token: 15.98 s
--------------------------------------------------
  Prefill Turns (Total 1 turns):
    Prefill Turn 1: Processed 19 tokens in 15.764769783s duration.
      Prefill Speed: 1.21 tokens/sec.
--------------------------------------------------
  Decode Turns (Total 1 turns):
    Decode Turn 1: Processed 614 tokens in 2m12.890634342s duration.
      Decode Speed: 4.62 tokens/sec.
--------------------------------------------------
  TextToTokenIds Turns (Total 1 turns):
    Turn 1: 145.02us, 19 tokens
--------------------------------------------------
--------------------------------------------------

INFO: [accelerator_registry.cc:43] DestroyAccelerator: ptr=0xb400007bc3e9a310, name=CpuAccelerator
INFO: [accelerator_registry.cc:43] DestroyAccelerator: ptr=0xb400007bc3e98630, name=LiteRT GPU
INFO: [accelerator_registry.cc:43] DestroyAccelerator: ptr=0xb400007bc3ea6fd0, name=CpuAccelerator
INFO: [accelerator_registry.cc:43] DestroyAccelerator: ptr=0xb400007bc3ea6a30, name=LiteRT GPU
EXIT_CODE=0
